{"type":"FeatureCollection", "features": [
{"type":"Feature","geometry":{"type":"Polygon","coordinates":[[[103.93239480183901,1.3362411004274255],[103.93231821755215,1.3363233137645603],[103.93114408371208,1.3363767601238623],[103.93053796590623,1.3366980340506915],[103.9298551174387,1.3366046521879635],[103.92635612997603,1.3359436261126678],[103.92531845798347,1.3356825314057283],[103.92380185460115,1.335150305980039],[103.92284897972958,1.3348841959620814],[103.91926703658908,1.3346080324481673],[103.91882131979402,1.334464212674877],[103.91984568782293,1.3340618840907812],[103.91975952792615,1.3337774385837566],[103.91895888632185,1.3341074979411762],[103.9193645390532,1.3334470197798491],[103.919662968446,1.3332173479574012],[103.91998352634565,1.3332398380946795],[103.92066957242062,1.3335079457238939],[103.92150099994602,1.3335582581957768],[103.92310779319413,1.3343270850266609],[103.92437382658179,1.3348666691365645],[103.92548350228617,1.3352272297766703],[103.9261966573736,1.3354076106002146],[103.92739402810263,1.335624678001918],[103.92850570129325,1.3357335763455933],[103.92931899487557,1.335760699830913],[103.93224606658647,1.3357501719990155],[103.93296285410234,1.335773349724771],[103.93321477243425,1.336083388586461],[103.93311459241625,1.336396500391492],[103.93273939698173,1.3362303190718312],[103.93239480183901,1.3362411004274255]]]},"properties":{"OBJECTID_1":163468,"L_CODE":"EK500","NAME":"BEDOK TOWN PK","N_RESERVE":0,"INC_CRC":"ADD869AA6ACECEF9","FMEL_UPD_D":"20260115000106","SHAPE_1.AREA":127790.563415315,"SHAPE_1.LEN":3747.09625965482}},
{"type":"Feature","geometry":{"type":"Polygon","coordinates":[[[103.85672173211361,1.3867154526742458],[103.85668644692635,1.3871859692384108],[103.85647851610288,1.3871701991845482],[103.85651383457416,1.3866992431014733],[103.85672173211361,1.3867154526742458]]]},"properties":{"OBJECTID_1":163469,"L_CODE":"NA517","NAME":"SUNRISE PLACE PG","N_RESERVE":0,"INC_CRC":"5506FB7F850F34CF","FMEL_UPD_D":"20260115000106","SHAPE_1.AREA":1211.898036815,"SHAPE_1.LEN":150.860382621425}},
{"type":"Feature","geometry":{"type":"Polygon","coordinates":[[[103.85899010521827,1.3858829103519579],[103.85872782112935,1.3860090629410968],[103.85872393876235,1.387646947703574],[103.85853545439103,1.3869045672177944],[103.85854107198772,1.3861111911662354],[103.85898427138912,1.3856905793078118],[103.85899010521827,1.3858829103519579]]]},"properties":{"OBJECTID_1":163470,"L_CODE":"NP528","NAME":"SARACA RD PG","N_RESERVE":0,"INC_CRC":"87F66C15EA881AF1","FMEL_UPD_D":"20260115000106","SHAPE_1.AREA":3215.43331205,"SHAPE_1.LEN":477.550628842678}},
{"type":"Feature","geometry":{"type":"Polygon","coordinates":[[[103.80525486833686,1.3240290852036756],[103.80550099840072,1.3239402622175678],[103.80570443268999,1.3245091097910788],[103.80546875870499,1.3246284289902603],[103.80525486833686,1.3240290852036756]]]},"properties":{"OBJECTID_1":163471,"L_CODE":"WB545","NAME":"DUCHESS PK","N_RESERVE":0,"INC_CRC":"63DB7DC318B28009","FMEL_UPD_D":"20260115000106","SHAPE_1.AREA":2042.04801703,"SHAPE_1.LEN":197.311897561845}},
{"type":"Feature","geometry":{"type":"Polygon","coordinates":[[[103.90637841363852,1.3254935203493552],[103.90661113937037,1.3255379375929344],[103.90659900663577,1.3257054840227827],[103.90637841363852,1.3254935203493552]]]},"properties":{"OBJECTID_1":163472,"L_CODE":"PKER009","NAME":"JLN DAUD INTERIM PK","N_RESERVE":0,"INC_CRC":"7F310B956E8E3761","FMEL_UPD_D":"20260115000106","SHAPE_1.AREA":312.44549455,"SHAPE_1.LEN":97.8834461361733}},
{"type":"Feature","geometry":{"type":"Polygon","coordinates":[[[103.872855782293,1.3396175379745443],[103.87321759281139,1.339582965463212],[103.87323106041369,1.3395829652425912],[103.87401293875008,1.3396326923421251],[103.87407943211677,1.3396326912303738],[103.87464078284853,1.3393795456891164],[103.87493808666325,1.339238914696642],[103.87496896976342,1.3392171244160573],[103.8751418616615,1.339122298860399],[103.87542551378249,1.3388862974054565],[103.875526280367,1.338752734624827],[103.87564364206544,1.339227435203941],[103.87599273629074,1.3396732644179639],[103.87557850667415,1.3400284625135686],[103.87591557663752,1.3402750134684618],[103.87570931360243,1.340660453498005],[103.87571126728858,1.3409866576510818],[103.87592412993959,1.3413620482990543],[103.8763719853082,1.341709294578786],[103.87603468112698,1.3418572798391093],[103.87386919731583,1.3413358478123854],[103.87353574489839,1.3411931573256823],[103.87320779239235,1.3416481918031566],[103.87306714998316,1.3415469342459012],[103.87338997886415,1.3410886929952823],[103.87309949757146,1.34073272731795],[103.872855782293,1.3396175379745443]]]},"properties":{"OBJECTID_1":163473,"L_CODE":"PKCR018","NAME":"BIDADARI PK","N_RESERVE":0,"INC_CRC":"432D404BCED19888","FMEL_UPD_D":"20260508000155","SHAPE_1.AREA":72737.81977988,"SHAPE_1.LEN":1426.81544674615}},
{"type":"Feature","geometry":{"type":"Polygon","coordinates":[[[103.88337368390127,1.3439252750393567],[103.8829527267856,1.34394953963196],[103.88309833118298,1.343587484415651],[103.88337368390127,1.3439252750393567]]]},"properties":{"OBJECTID_1":163474,"L_CODE":"NP512","NAME":"THRIFT DR OS","N_RESERVE":0,"INC_CRC":"AE28FB8C18ED6AF2","FMEL_UPD_D":"20260115000106","SHAPE_1.AREA":2214.625916715,"SHAPE_1.LEN":207.737733045834}},
{"type":"Feature","geometry":{"type":"Polygon","coordinates":[[[103.85751217361329,1.388003336897329],[103.85744821858812,1.3884765162080919],[103.85721942079192,1.3883617909199029],[103.85751217361329,1.388003336897329]]]},"properties":{"OBJECTID_1":163475,"L_CODE":"NA516","NAME":"SUNRISE DR PG I","N_RESERVE":0,"INC_CRC":"9F0A00C200FD2745","FMEL_UPD_D":"20260115000106","SHAPE_1.AREA":834.471866935,"SHAPE_1.LEN":133.691040010526}},
{"type":"Feature","geometry":{"type":"Polygon","coordinates":[[[103.83368302342541,1.3619127263248556],[103.83382202828992,1.3623030906484603],[103.83331066157557,1.3622463960974762],[103.83324718766885,1.3620744502074489],[103.83368302342541,1.3619127263248556]]]},"properties":{"OBJECTID_1":163476,"L_CODE":"NA538","NAME":"FULTON AVE PG","N_RESERVE":0,"INC_CRC":"E8862CEAABB09500","FMEL_UPD_D":"20260115000106","SHAPE_1.AREA":1803.3144545,"SHAPE_1.LEN":177.458910810689}},
{"type":"Feature","geometry":{"type":"Polygon","coordinates":[[[103.83685268216018,1.3456381282791996],[103.83692094333091,1.345743984944333],[103.83770423402581,1.3459053195658992],[103.83780624472953,1.3462389927876506],[103.83682986442477,1.3458723207256917],[103.836847616143,1.3456885393706688],[103.83655930264304,1.345555004027315],[103.83603382110718,1.345432951640879],[103.8350436520168,1.3449960287431006],[103.83480353115927,1.344751218341721],[103.83473019579996,1.3444112885787292],[103.83525111093792,1.3438585144264377],[103.83550452269127,1.3434535434149748],[103.8348500171465,1.3430140435719813],[103.83382025413336,1.3423387776404792],[103.83378550141447,1.342318852688674],[103.83374908366461,1.3423022096754016],[103.83371130729273,1.3422889869683077],[103.83365957178869,1.3422768892919696],[103.83360675711508,1.342271222550567],[103.83355365041022,1.3422720735629505],[103.83355296930068,1.3422619329239416],[103.83342874515107,1.3422729788399228],[103.83342201313806,1.3422735784338373],[103.8333850706326,1.3422768630867463],[103.83313645789312,1.3422940867011073],[103.83301296784043,1.3424840511628209],[103.83299814159717,1.3424742894504904],[103.83312149327229,1.3422839198342094],[103.83304144683704,1.3422549557442667],[103.83295079378674,1.3423065017947429],[103.83219953287474,1.3420413617866038],[103.83211902108387,1.3418505978139939],[103.83200889358372,1.3418150788408723],[103.83198342655214,1.341893742259522],[103.83166985257989,1.3417060999974992],[103.83142427439824,1.3416266134126205],[103.83147869625205,1.342063417889147],[103.83144550405359,1.3424364555560961],[103.83137366399254,1.3426478217594178],[103.83132026787523,1.3427307664093506],[103.83124926088153,1.34279903501607],[103.8312083242435,1.3428264715904814],[103.83116449244729,1.342848926922007],[103.83110366797811,1.342867098262615],[103.8310416762823,1.3428806980381047],[103.83060346358772,1.3429280519184967],[103.83043166427886,1.3428808692152747],[103.829690748065,1.3429698341693015],[103.82945183795383,1.342944090159793],[103.82937726987066,1.3424760796079642],[103.82952134827842,1.341535282116384],[103.82988238322602,1.340995290230241],[103.83052363785053,1.340849061645882],[103.83072939366774,1.3408231011873704],[103.83219609830653,1.3406829303386434],[103.83224789216847,1.3407127454513152],[103.83228724280968,1.3406673111001608],[103.83239629200622,1.3406628282097457],[103.8332224969016,1.3407067036316493],[103.83350348368928,1.340752655293106],[103.8337250694071,1.340819224634362],[103.83414313962399,1.3409861494181765],[103.8343777392427,1.3411039319528901],[103.83467332776512,1.3412810859615145],[103.83553217355214,1.3418373662702656],[103.83548237926723,1.3422020630542029],[103.83597353800305,1.3425315949039516],[103.83592526842963,1.3427091596886966],[103.83707638829043,1.3434601352220845],[103.83685268216018,1.3456381282791996]],[[103.83424157865952,1.341040084778017],[103.83396799324191,1.3409167367814283],[103.83355314438664,1.3407683613874866],[103.83323664382416,1.3407129446517052],[103.83283610098431,1.3407129446028179],[103.83253926990635,1.3406843421878338],[103.83229250657075,1.3406700413788606],[103.83225272012947,1.3407124976575902],[103.83220444051682,1.3407205419579429],[103.8321990761302,1.3406892581784782],[103.83192370263437,1.3407160733464685],[103.83306989988453,1.340955618193065],[103.83328671156077,1.3410329341370069],[103.83342439876154,1.3408166282337028],[103.8336103646751,1.3408559563188442],[103.83424157865952,1.341040084778017]],[[103.83212039139649,1.3418332448687114],[103.83209899505759,1.341488530050875],[103.83160601743388,1.341202651992811],[103.83146368465991,1.3412047536306635],[103.83138562134505,1.34124620059449],[103.83137082744122,1.3412648829444578],[103.83136383124464,1.341277037597693],[103.83135939684402,1.341286809252528],[103.83135429481035,1.3413003873769946],[103.83136209787861,1.3413321640387847],[103.83141982743999,1.3416073088445444],[103.83163109413405,1.3416469165491975],[103.83184171484513,1.3415629654354972],[103.8318314379069,1.341740361951682],[103.83197039031909,1.341755829379552],[103.83199791768435,1.3417940071420842],[103.83212039139649,1.3418332448687114]]]},"properties":{"OBJECTID_1":163497,"L_CODE":"CN007","NAME":"MACRITCHIE RESERVOIR PK","N_RESERVE":0,"INC_CRC":"1213A4DA5BE74CFD","FMEL_UPD_D":"20260422000213","SHAPE_1.AREA":173184.74683358,"SHAPE_1.LEN":4100.09889379273}},
{"type":"Feature","geometry":{"type":"Polygon","coordinates":[[[103.8861583152095,1.3557368173692512],[103.88540060300132,1.3553502897115826],[103.88575528659105,1.3546566800285968],[103.8865086613289,1.3550463449176533],[103.8861583152095,1.3557368173692512]]]},"properties":{"OBJECTID_1":163498,"L_CODE":"NP513","NAME":"AROOZOO AVE PG","N_RESERVE":0,"INC_CRC":"B9DD827CC836745F","FMEL_UPD_D":"20260115000106","SHAPE_1.AREA":8614.704395755,"SHAPE_1.LEN":365.932319631882}},
{"type":"Feature","geometry":{"type":"Polygon","coordinates":[[[103.8466099539747,1.2868569744408165],[103.84630497941662,1.2870202808024038],[103.84594102857412,1.2868904954271816],[103.84561594356346,1.2864543200342768],[103.84632226968048,1.2860627862104523],[103.84633841809242,1.2863880409560313],[103.84687143166965,1.2862986778730239],[103.8467352240334,1.2858338657978607],[103.84715397061598,1.2856635933492737],[103.84744509982286,1.286239484064612],[103.84707791874588,1.2866064022846917],[103.8466099539747,1.2868569744408165]]]},"properties":{"OBJECTID_1":163499,"L_CODE":"SO520","NAME":"HONG LIM PK","N_RESERVE":0,"INC_CRC":"5FB3E140F42B8D63","FMEL_UPD_D":"20260115000106","SHAPE_1.AREA":13330.026894715,"SHAPE_1.LEN":811.60178406604}},
{"type":"Feature","geometry":{"type":"Polygon","coordinates":[[[103.85039507183463,1.2836712550976719],[103.85021709737916,1.2836880141676419],[103.85018496599217,1.2831963998224867],[103.85038221959047,1.283333829412142],[103.85039507183463,1.2836712550976719]]]},"properties":{"OBJECTID_1":163500,"L_CODE":"PKCMSP01046","NAME":"MARKET STREET PARK","N_RESERVE":0,"INC_CRC":"E1AE3B9A59B23DC5","FMEL_UPD_D":"20260115000106","SHAPE_1.AREA":1093.927211125,"SHAPE_1.LEN":152.913156974308}},
{"type":"Feature","geometry":{"type":"Polygon","coordinates":[[[103.83765014235796,1.3017069122660314],[103.83750354741879,1.3017569826707585],[103.83760884742509,1.3014266089923054],[103.83770947479954,1.3015198488284365],[103.83765014235796,1.3017069122660314]]]},"properties":{"OBJECTID_1":163501,"L_CODE":"ST527","NAME":"ORCHARD FOUNTAIN CORNER","N_RESERVE":0,"INC_CRC":"811AB088B60804B5","FMEL_UPD_D":"20260115000106","SHAPE_1.AREA":557.12013332,"SHAPE_1.LEN":110.537542766408}},
{"type":"Feature","geometry":{"type":"Polygon","coordinates":[[[103.95031864910264,1.337922517659172],[103.95043451982554,1.3377337417724484],[103.9505246430432,1.3378238399955213],[103.95045168727606,1.337991164152167],[103.95031864910264,1.337922517659172]]]},"properties":{"OBJECTID_1":163502,"L_CODE":"PKESBGP01056","NAME":"SEA BREEZE GARDEN PARK","N_RESERVE":0,"INC_CRC":"DDEE57C021F5CBA5","FMEL_UPD_D":"20260115000106","SHAPE_1.AREA":335.56405733,"SHAPE_1.LEN":75.5199973946911}},
{"type":"Feature","geometry":{"type":"Polygon","coordinates":[[[103.86170286780438,1.3534367479042557],[103.86141193512171,1.352336886051788],[103.86176115911327,1.3520944218904434],[103.8620745835523,1.3533192168380925],[103.86170286780438,1.3534367479042557]]]},"properties":{"OBJECTID_1":163503,"L_CODE":"NA529","NAME":"MEI HWAN CRESCENT PG","N_RESERVE":0,"INC_CRC":"BF8F9F013726B5F0","FMEL_UPD_D":"20260115000106","SHAPE_1.AREA":6089.299974325,"SHAPE_1.LEN":358.919355512662}},
{"type":"Feature","geometry":{"type":"Polygon","coordinates":[[[103.79993630962193,1.2712167098158225],[103.79983632623835,1.2710634774537664],[103.80063855564755,1.2704508511457078],[103.80088485237798,1.270136585669848],[103.80114950232506,1.2702731562348617],[103.80122508381469,1.2708259945212796],[103.801377521866,1.27113088495147],[103.80190711831844,1.2718697024232177],[103.80197687294837,1.2722041075602226],[103.80186311165832,1.2724636543601286],[103.80072802427519,1.270614422043476],[103.79993630962193,1.2712167098158225]]]},"properties":{"OBJECTID_1":163504,"L_CODE":"PKWLVP01479","NAME":"LABRADOR VILLA PARK","N_RESERVE":0,"INC_CRC":"A9D6310A2F07913A","FMEL_UPD_D":"20260422000213","SHAPE_1.AREA":12256.37037538,"SHAPE_1.LEN":833.660644174829}},
{"type":"Feature","geometry":{"type":"Polygon","coordinates":[[[103.76475667987164,1.308903714861186],[103.76448971899075,1.3087944621284584],[103.76460413897952,1.30850283499951],[103.765006492901,1.3087471509762179],[103.76475667987164,1.308903714861186]]]},"properties":{"OBJECTID_1":163505,"L_CODE":"WJ521","NAME":"TAMAN MAS MERAH PLAYGROUND","N_RESERVE":0,"INC_CRC":"DFF9B8338A6ED03F","FMEL_UPD_D":"20260115000106","SHAPE_1.AREA":1549.71117872,"SHAPE_1.LEN":160.972281585625}},
{"type":"Feature","geometry":{"type":"Polygon","coordinates":[[[103.77000602174435,1.3333204607156504],[103.77023513358546,1.3335781253673369],[103.76974275256757,1.3335399746822476],[103.76978909913706,1.3332625441423014],[103.77000602174435,1.3333204607156504]]]},"properties":{"OBJECTID_1":163506,"L_CODE":"WB538","NAME":"SAVOY PK PG","N_RESERVE":0,"INC_CRC":"5695A23890664802","FMEL_UPD_D":"20260115000106","SHAPE_1.AREA":1121.949986125,"SHAPE_1.LEN":150.233216845298}},
{"type":"Feature","geometry":{"type":"MultiPolygon","coordinates":[[[[103.84606043789108,1.3496335749614083],[103.84630556398082,1.3499605258119345],[103.8457129708462,1.3499947862446033],[103.84606043789108,1.3496335749614083]]],[[[103.84590720458269,1.3502392078117464],[103.84565255367767,1.3504334123377029],[103.8451604276467,1.350235820216463],[103.8457597773391,1.350062920819356],[103.84633493831826,1.3500194992574372],[103.8466201066745,1.3500929230527476],[103.84672291279546,1.3503714115572125],[103.84610241020496,1.3504072738701005],[103.84590720458269,1.3502392078117464]]]]},"properties":{"OBJECTID_1":163507,"L_CODE":"NA537","NAME":"CLOVER WAY PG","N_RESERVE":0,"INC_CRC":"FE4AB940E736C072","FMEL_UPD_D":"20260115000106","SHAPE_1.AREA":6949.28219551,"SHAPE_1.LEN":624.192048141408}},
{"type":"Feature","geometry":{"type":"Polygon","coordinates":[[[103.71878049327071,1.3398807041145107],[103.71864986772047,1.340315325629044],[103.71840839558992,1.3401617896300397],[103.71878049327071,1.3398807041145107]]]},"properties":{"OBJECTID_1":163508,"L_CODE":"WJ514","NAME":"LAKESIDE GROVE PLAYGROUND","N_RESERVE":0,"INC_CRC":"49B77C0302DB73B0","FMEL_UPD_D":"20260115000106","SHAPE_1.AREA":1280.27774875,"SHAPE_1.LEN":197.67020765297}},
{"type":"Feature","geometry":{"type":"Polygon","coordinates":[[[103.93660101274271,1.3169978150449475],[103.93616889739768,1.317213446779294],[103.93569366840006,1.3168722230910874],[103.93571669104585,1.3167182723871078],[103.93660101274271,1.3169978150449475]]]},"properties":{"OBJECTID_1":163509,"L_CODE":"EC526","NAME":"SENNETT AVE PG","N_RESERVE":0,"INC_CRC":"6E1714B8D4EF945E","FMEL_UPD_D":"20260115000106","SHAPE_1.AREA":3323.196763145,"SHAPE_1.LEN":281.591800542138}},
{"type":"Feature","geometry":{"type":"Polygon","coordinates":[[[103.76196687890543,1.3088288284438463],[103.76222123324285,1.3089310568858938],[103.7620253618318,1.3091445345582953],[103.7618329157129,1.3089751977312611],[103.76196687890543,1.3088288284438463]]]},"properties":{"OBJECTID_1":163510,"L_CODE":"WJ519","NAME":"JALAN MAS PUTEH PLAYGROUND","N_RESERVE":0,"INC_CRC":"B53D2EDC47B3C6B5","FMEL_UPD_D":"20260115000106","SHAPE_1.AREA":902.132726285,"SHAPE_1.LEN":117.622176071379}},
{"type":"Feature","geometry":{"type":"Polygon","coordinates":[[[103.95307184126887,1.3730302020907328],[103.95265949440558,1.3742344454304087],[103.95254425706983,1.3748823173683753],[103.95237531216665,1.3747873858980282],[103.95256322241875,1.3738882775677266],[103.95130359571867,1.3737300047302066],[103.95129251598763,1.3733010843138043],[103.95109461211719,1.372875194636526],[103.95145106190076,1.3726149548219024],[103.95099425004432,1.37212266974948],[103.95142380629115,1.3707412168843838],[103.95137065559022,1.370385208237823],[103.95115695079551,1.370035601379871],[103.95147906241597,1.369704662050501],[103.95291846634366,1.369447506232049],[103.95378954531874,1.3694242401275325],[103.95393584712015,1.369578444580049],[103.95393135815374,1.370805900446273],[103.95360193958086,1.3718924061949436],[103.95307184126887,1.3730302020907328]]]},"properties":{"OBJECTID_1":163511,"L_CODE":"ET502","NAME":"PASIR RIS TOWN PK","N_RESERVE":0,"INC_CRC":"6D581E2CFD1A7FEA","FMEL_UPD_D":"20260115000106","SHAPE_1.AREA":125511.425601585,"SHAPE_1.LEN":2163.44685875366}},
{"type":"Feature","geometry":{"type":"Polygon","coordinates":[[[103.82376558917643,1.2882652735694438],[103.82337913504153,1.2884435043087268],[103.82353587366808,1.289190311342125],[103.82291323778158,1.2893751429455689],[103.82270365744341,1.2883114281170838],[103.82368395858042,1.287536545085855],[103.82441352280445,1.2868869967257843],[103.82473861528682,1.2867170134247856],[103.82503613962169,1.2868222101397855],[103.82516827799469,1.2871284013885596],[103.82536395029852,1.2880480506607577],[103.82377056801927,1.2880167631642514],[103.82376558917643,1.2882652735694438]]]},"properties":{"OBJECTID_1":163512,"L_CODE":"ST502","NAME":"TIONG BAHRU PK","N_RESERVE":0,"INC_CRC":"C709D04AB18B36F7","FMEL_UPD_D":"20260115000106","SHAPE_1.AREA":33337.51627641,"SHAPE_1.LEN":1000.36000805292}},
{"type":"Feature","geometry":{"type":"Polygon","coordinates":[[[103.83569418983576,1.4565092926391279],[103.83521774092102,1.4561951081287055],[103.83577801087993,1.4558535565816912],[103.8361307310402,1.4561361607545005],[103.83569418983576,1.4565092926391279]]]},"properties":{"OBJECTID_1":163513,"L_CODE":"NS523","NAME":"KANDIS GARDEN","N_RESERVE":0,"INC_CRC":"C84F098AB298428C","FMEL_UPD_D":"20260115000106","SHAPE_1.AREA":3758.32486425,"SHAPE_1.LEN":252.762797118182}},
{"type":"Feature","geometry":{"type":"Polygon","coordinates":[[[103.8517748106786,1.284980797440273],[103.85132809260075,1.2848400995604148],[103.85124206711653,1.2837790097705166],[103.85135241473942,1.2837521746758287],[103.85126633533055,1.2828137013814165],[103.85152006857895,1.2827190424204074],[103.8517748106786,1.284980797440273]]]},"properties":{"OBJECTID_1":163514,"L_CODE":"SO509","NAME":"RAFFLES PLACE PK","N_RESERVE":0,"INC_CRC":"D36787CFEE04BB53","FMEL_UPD_D":"20260115000106","SHAPE_1.AREA":8207.050067365,"SHAPE_1.LEN":970.127085568157}},
{"type":"Feature","geometry":{"type":"Polygon","coordinates":[[[103.80513879194898,1.3166426964022704],[103.80531356797624,1.3167406681993146],[103.8050569913231,1.3171346878832826],[103.80425117020275,1.3166425414436098],[103.80513879194898,1.3166426964022704]]]},"properties":{"OBJECTID_1":163515,"L_CODE":"PKWKRP01307","NAME":"KING'S RD PARK","N_RESERVE":0,"INC_CRC":"A5B1686526DCF156","FMEL_UPD_D":"20260115000106","SHAPE_1.AREA":3515.536496115,"SHAPE_1.LEN":278.449009413901}},
{"type":"Feature","geometry":{"type":"Polygon","coordinates":[[[103.76775849925109,1.3723230437368736],[103.76793900691075,1.372220788691264],[103.7682562944455,1.3725039165879707],[103.76814790921418,1.3726559679004375],[103.76775849925109,1.3723230437368736]]]},"properties":{"OBJECTID_1":163516,"L_CODE":"PKWR020","NAME":"CASHEW RD INTERIM PK","N_RESERVE":0,"INC_CRC":"0DA90E184548C3C3","FMEL_UPD_D":"20260115000106","SHAPE_1.AREA":1294.15535009,"SHAPE_1.LEN":162.059224459851}},
{"type":"Feature","geometry":{"type":"Polygon","coordinates":[[[103.70137215043665,1.3517600020376495],[103.70094721233593,1.3520823747705457],[103.70074815183595,1.3517916024169445],[103.70076062042887,1.351540172381674],[103.70133821559182,1.3515229307242296],[103.70137215043665,1.3517600020376495]]]},"properties":{"OBJECTID_1":163517,"L_CODE":"WJ515","NAME":"WESTWOOD PARK PLAYGROUND","N_RESERVE":0,"INC_CRC":"089099384F0309E7","FMEL_UPD_D":"20260115000106","SHAPE_1.AREA":2837.576431835,"SHAPE_1.LEN":242.609871162067}},
{"type":"Feature","geometry":{"type":"Polygon","coordinates":[[[103.836849382422,1.4575544279660517],[103.83701930814523,1.4573640410675266],[103.83711436278116,1.4575461164326164],[103.83699202704265,1.4576832724193705],[103.836849382422,1.4575544279660517]]]},"properties":{"OBJECTID_1":163518,"L_CODE":"NS524","NAME":"JANGGUS GARDEN","N_RESERVE":0,"INC_CRC":"9A9E89106EFB0C16","FMEL_UPD_D":"20260115000106","SHAPE_1.AREA":550.789781,"SHAPE_1.LEN":93.7771491369193}},
{"type":"Feature","geometry":{"type":"Polygon","coordinates":[[[103.76367079210645,1.3719666687912542],[103.76344301126882,1.3718258707822095],[103.76369182560339,1.3711979051793781],[103.76384676470238,1.371245127438256],[103.76367079210645,1.3719666687912542]]]},"properties":{"OBJECTID_1":163519,"L_CODE":"NW510","NAME":"HAZEL PK OS","N_RESERVE":0,"INC_CRC":"745A3A2EBBD71821","FMEL_UPD_D":"20260115000106","SHAPE_1.AREA":1945.88720833,"SHAPE_1.LEN":207.0022678776}},
{"type":"Feature","geometry":{"type":"Polygon","coordinates":[[[103.8649351557675,1.3261494335814779],[103.86492021607765,1.3264070971599469],[103.86464398623262,1.3260596103989715],[103.8649351557675,1.3261494335814779]]]},"properties":{"OBJECTID_1":163520,"L_CODE":"PKCR019","NAME":"ST MICHAEL'S PG","N_RESERVE":0,"INC_CRC":"4AA87E9C33521C42","FMEL_UPD_D":"20260115000106","SHAPE_1.AREA":704.154387995,"SHAPE_1.LEN":121.337526455171}},
{"type":"Feature","geometry":{"type":"Polygon","coordinates":[[[103.79152904289599,1.2846963145675592],[103.79131212643993,1.28464504888443],[103.79111686910204,1.2843311126344361],[103.79164518760219,1.2841724297786652],[103.7933082243121,1.282287275752329],[103.7934334322384,1.2821021841073112],[103.79370244534843,1.280837805044055],[103.79424531516459,1.280477534422031],[103.79472450129578,1.2806955723104685],[103.79501763091788,1.2802411714391053],[103.79590176313351,1.2794568145617837],[103.79627599701345,1.2796967995480286],[103.79639838871887,1.2800047194370838],[103.7966257479204,1.2801674423600355],[103.79657263349874,1.2804233695853893],[103.7962951545577,1.2807110937337751],[103.79586146674926,1.2816614625933334],[103.79627189531637,1.281939659337149],[103.79497664955584,1.2831969567123096],[103.79335123866822,1.2841702008154945],[103.79241692583123,1.285642839814715],[103.79215244015643,1.2854499598735214],[103.79215179770443,1.2854497183977278],[103.79215244020021,1.2854472268834836],[103.7918401850015,1.2853412393013546],[103.79152915341282,1.2846965307125346],[103.79152904289599,1.2846963145675592]],[[103.79417780592546,1.2823308009854444],[103.79401291471835,1.2822385197795214],[103.79370014175774,1.2827495207792183],[103.79385262956573,1.2828411624273128],[103.79417780592546,1.2823308009854444]],[[103.7944782426412,1.2824796703556238],[103.79423009713095,1.2823404766835604],[103.79389961614432,1.282946195169435],[103.79400067293031,1.2830100756317104],[103.7944782426412,1.2824796703556238]],[[103.79603328911473,1.28002755837299],[103.795775258389,1.2805433246512976],[103.7960528154714,1.2806957711636655],[103.79638411885314,1.2800805420757349],[103.79608955797472,1.2799219628542677],[103.79603328911473,1.28002755837299]],[[103.79324485200395,1.2833957645185563],[103.7928385140525,1.2838378106344528],[103.7930163919497,1.283984406458093],[103.7939462596788,1.2830385432859983],[103.7937867592871,1.282854075731742],[103.79324485200395,1.2833957645185563]]]},"properties":{"OBJECTID_1":166561,"L_CODE":"HN001","NAME":"PASIR PANJANG NURSERY","N_RESERVE":0,"INC_CRC":"24BD17CA10EA7B14","FMEL_UPD_D":"20260115000106","SHAPE_1.AREA":133047.665918485,"SHAPE_1.LEN":3162.64983731723}},
{"type":"Feature","geometry":{"type":"MultiPolygon","coordinates":[[[[103.82408069501663,1.4348256623230247],[103.82375677990092,1.4349035456939914],[103.8233484232047,1.4346980001396465],[103.82338129715419,1.4343406337043982],[103.82374638478178,1.4345127040460144],[103.82408069501663,1.4348256623230247]]],[[[103.82229759017066,1.434837096377632],[103.8220567376329,1.4343449214419262],[103.82219075158325,1.434118577033549],[103.82273126042516,1.4338274296478366],[103.82331220083181,1.434286055951644],[103.82229759017066,1.434837096377632]]]]},"properties":{"OBJECTID_1":166562,"L_CODE":"PKNR027","NAME":"SEMBAWANG HOT SPRING PARK","N_RESERVE":0,"INC_CRC":"C79642034226AE34","FMEL_UPD_D":"20260115000106","SHAPE_1.AREA":11195.980350305,"SHAPE_1.LEN":781.894633038252}},
{"type":"Feature","geometry":{"type":"Polygon","coordinates":[[[103.84475101151676,1.276326278963685],[103.84479743021315,1.2761889165717946],[103.84674410389226,1.2764226664463256],[103.84679627284389,1.2769234275112973],[103.8463971372617,1.2769039821199115],[103.8464492052698,1.2764688267637547],[103.84556219444512,1.2763617724396525],[103.84553384402896,1.276597869706395],[103.84511477521393,1.2765453651483554],[103.84475101151676,1.276326278963685]]]},"properties":{"OBJECTID_1":166564,"L_CODE":"SO517","NAME":"TANJONG PAGAR PK","N_RESERVE":0,"INC_CRC":"E3FB8E1B7033DC86","FMEL_UPD_D":"20260115000106","SHAPE_1.AREA":5821.18637532,"SHAPE_1.LEN":625.408459433023}},
{"type":"Feature","geometry":{"type":"Polygon","coordinates":[[[103.83017296642944,1.3737046082986344],[103.82954361573206,1.3736982858715066],[103.82954221462107,1.373278823639358],[103.82988075243436,1.3732462670421928],[103.83010640063087,1.3734057881711352],[103.83017296642944,1.3737046082986344]]]},"properties":{"OBJECTID_1":166565,"L_CODE":"NA510","NAME":"GELENGGANG PARK","N_RESERVE":0,"INC_CRC":"81FA7C341D159F6D","FMEL_UPD_D":"20260115000106","SHAPE_1.AREA":3139.0061115,"SHAPE_1.LEN":222.480597584731}},
{"type":"Feature","geometry":{"type":"Polygon","coordinates":[[[103.81742042934663,1.2643423382460635],[103.81724835400718,1.2639151874921037],[103.81740956178217,1.2635740981790924],[103.81767658362958,1.2642381017964963],[103.81742042934663,1.2643423382460635]]]},"properties":{"OBJECTID_1":166566,"L_CODE":"PKWKDP01344","NAME":"KING'S DOCK PARK","N_RESERVE":0,"INC_CRC":"CA809417854DA47F","FMEL_UPD_D":"20260115000106","SHAPE_1.AREA":4092.874352485,"SHAPE_1.LEN":396.937072952856}},
{"type":"Feature","geometry":{"type":"Polygon","coordinates":[[[103.91476844882544,1.3248206319948808],[103.91470564057744,1.3252797315924945],[103.91403589198902,1.3251862695656396],[103.9140987219159,1.3247268787714455],[103.91476844882544,1.3248206319948808]]]},"properties":{"OBJECTID_1":166567,"L_CODE":"EK525","NAME":"TAMAN KEMBANGAN PG","N_RESERVE":0,"INC_CRC":"E4355F63F62DBD70","FMEL_UPD_D":"20260115000106","SHAPE_1.AREA":3858.491386145,"SHAPE_1.LEN":253.053348782457}},
{"type":"Feature","geometry":{"type":"Polygon","coordinates":[[[103.87527584517495,1.3517155069187843],[103.87506547229128,1.3515916280470364],[103.87513599010857,1.3515076285770096],[103.8753570997374,1.3516207588876061],[103.87527584517495,1.3517155069187843]]]},"properties":{"OBJECTID_1":166568,"L_CODE":"PKNR033","NAME":"UPPER SERANGOON PARK","N_RESERVE":0,"INC_CRC":"6063D5A18B961D85","FMEL_UPD_D":"20260115000106","SHAPE_1.AREA":456.82678809,"SHAPE_1.LEN":89.1929225965918}},
{"type":"Feature","geometry":{"type":"Polygon","coordinates":[[[103.88241848342271,1.3437826121078524],[103.88233223016093,1.3437150858836526],[103.88256091329504,1.3434214360268435],[103.88241848342271,1.3437826121078524]]]},"properties":{"OBJECTID_1":166569,"L_CODE":"NP548","NAME":"UPPER PAYA LEBAR INTERIM PARK","N_RESERVE":0,"INC_CRC":"4C5416CE8320E43E","FMEL_UPD_D":"20260115000106","SHAPE_1.AREA":380.30860863,"SHAPE_1.LEN":117.851700262052}},
{"type":"Feature","geometry":{"type":"Polygon","coordinates":[[[103.82169842232804,1.4006130685819513],[103.8219797780477,1.4004617246493531],[103.82216358214093,1.4006372535534735],[103.82307041216376,1.4008467446112194],[103.82284285301728,1.4013486285562782],[103.82169842232804,1.4006130685819513]]]},"properties":{"OBJECTID_1":166570,"L_CODE":"NS522","NAME":"SPRINGLEAF AVE PG","N_RESERVE":0,"INC_CRC":"95C00C14A5466F4A","FMEL_UPD_D":"20260115000106","SHAPE_1.AREA":5582.948126805,"SHAPE_1.LEN":380.918060142737}},
{"type":"Feature","geometry":{"type":"Polygon","coordinates":[[[103.87619544808858,1.2932384133294514],[103.87607528559184,1.292998148303678],[103.876562373913,1.2930646505938972],[103.87711169101337,1.2933006242071772],[103.87739493230853,1.2935130011575697],[103.8781051808165,1.294288498448486],[103.87783266851221,1.2943646543890455],[103.87768032054382,1.2939999666346662],[103.87738849436009,1.2936234802558766],[103.87700547484019,1.2933311944759542],[103.87639285938208,1.293116135352028],[103.87619544808858,1.2932384133294514]]]},"properties":{"OBJECTID_1":166571,"L_CODE":"PKEECPAA01378","NAME":"EAST COAST PARK AREA A3","N_RESERVE":0,"INC_CRC":"5F3A1237EED2CEE6","FMEL_UPD_D":"20260115000106","SHAPE_1.AREA":4292.12514661,"SHAPE_1.LEN":755.295380402087}},
{"type":"Feature","geometry":{"type":"Polygon","coordinates":[[[103.85338545157029,1.2871072454239465],[103.85353788791123,1.2872032154098725],[103.85355451277341,1.2874397971185907],[103.853287697403,1.2872025789107093],[103.85338545157029,1.2871072454239465]]]},"properties":{"OBJECTID_1":166572,"L_CODE":"SO516","NAME":"WATERBOAT HOUSE GARDEN","N_RESERVE":0,"INC_CRC":"1C059137F2EB3455","FMEL_UPD_D":"20260115000106","SHAPE_1.AREA":700.80975551,"SHAPE_1.LEN":150.423600815416}},
{"type":"Feature","geometry":{"type":"Polygon","coordinates":[[[103.83949038401057,1.4623949107355376],[103.83971133416962,1.4620821956662413],[103.84018755825029,1.4617222855926109],[103.8402738770992,1.4619108749721639],[103.83949038401057,1.4623949107355376]]]},"properties":{"OBJECTID_1":166573,"L_CODE":"PKNR031","NAME":"IRAU DRIVE PLAYGROUND","N_RESERVE":0,"INC_CRC":"A37FBBDADC1DA0D6","FMEL_UPD_D":"20260115000106","SHAPE_1.AREA":3693.920900135,"SHAPE_1.LEN":411.745064340605}},
{"type":"Feature","geometry":{"type":"Polygon","coordinates":[[[103.72780418206737,1.4165604626551747],[103.72786986611453,1.4165987256193253],[103.72823933525827,1.4171768670237699],[103.7283253020617,1.4172587998494768],[103.72844608763086,1.417433563441967],[103.72779887473624,1.417658562727569],[103.7272574470788,1.41784207907777],[103.72721830402992,1.417855225797105],[103.72680936524681,1.417991118090591],[103.72656622437405,1.4170753730266334],[103.72661767990776,1.4169038205884774],[103.72780418206737,1.4165604626551747]]]},"properties":{"OBJECTID_1":166563,"L_CODE":"HN002","NAME":"NATIVE PLANT CENTRE","N_RESERVE":0,"INC_CRC":"2C98594D0E581CDA","FMEL_UPD_D":"20260115000106","SHAPE_1.AREA":20019.917141205,"SHAPE_1.LEN":583.381672564528}},
{"type":"Feature","geometry":{"type":"Polygon","coordinates":[[[103.76472135714849,1.3698046091805007],[103.76527114314905,1.3702603971028025],[103.76492255960078,1.3709090690581656],[103.76513807922294,1.371026416426164],[103.76493916119185,1.371397742422487],[103.76406446510579,1.3711131229262947],[103.7642347486387,1.3706432838475604],[103.76472135714849,1.3698046091805007]]]},"properties":{"OBJECTID_1":166574,"L_CODE":"NW505","NAME":"CASHEW RD PG","N_RESERVE":0,"INC_CRC":"EAD5F5B9364CBD15","FMEL_UPD_D":"20260115000106","SHAPE_1.AREA":13200.381375545,"SHAPE_1.LEN":499.894168100351}},
{"type":"Feature","geometry":{"type":"Polygon","coordinates":[[[103.75907746628523,1.4162208126470432],[103.75955395583784,1.416782061274177],[103.75853774396141,1.4167631453850027],[103.75907746628523,1.4162208126470432]]]},"properties":{"OBJECTID_1":166575,"L_CODE":"NW508","NAME":"JLN RASOK PK","N_RESERVE":0,"INC_CRC":"CC4BE6CC58B8E7C1","FMEL_UPD_D":"20260115000106","SHAPE_1.AREA":3714.81918423,"SHAPE_1.LEN":282.401207815667}},
{"type":"Feature","geometry":{"type":"Polygon","coordinates":[[[103.88865793489815,1.3325164670495362],[103.88889019585747,1.3325721091236247],[103.88879248734662,1.332995957871084],[103.88845686007852,1.3332663386796655],[103.8882706837415,1.3332293426170292],[103.88844120018578,1.3324646301678218],[103.88865793489815,1.3325164670495362]]]},"properties":{"OBJECTID_1":166576,"L_CODE":"PKNE033","NAME":"PAYA LEBAR ROAD PARK","N_RESERVE":0,"INC_CRC":"7292CC3142BDEF29","FMEL_UPD_D":"20260115000106","SHAPE_1.AREA":3984.564673915,"SHAPE_1.LEN":256.537302395137}},
{"type":"Feature","geometry":{"type":"Polygon","coordinates":[[[103.83928515400999,1.3729882668683484],[103.83907511498793,1.3727278267569876],[103.83935280887619,1.3724762500196144],[103.84006888960722,1.372562605841435],[103.83982605156552,1.3728860804299325],[103.83928515400999,1.3729882668683484]]]},"properties":{"OBJECTID_1":166577,"L_CODE":"NA512","NAME":"MAYFLOWER CRESCENT PG","N_RESERVE":0,"INC_CRC":"DC996CE91459E0A5","FMEL_UPD_D":"20260115000106","SHAPE_1.AREA":4207.17912823,"SHAPE_1.LEN":269.414299492836}},
{"type":"Feature","geometry":{"type":"Polygon","coordinates":[[[103.96369342197782,1.3475077685872625],[103.96342748142773,1.3474381026973057],[103.9634177202086,1.3470622874065514],[103.96369342197782,1.3475077685872625]]]},"properties":{"OBJECTID_1":166578,"L_CODE":"EC510","NAME":"MERA TERRACE PG","N_RESERVE":0,"INC_CRC":"C4CE5EF12C4E37A0","FMEL_UPD_D":"20260115000106","SHAPE_1.AREA":2160.12117032,"SHAPE_1.LEN":325.994291247668}},
{"type":"Feature","geometry":{"type":"Polygon","coordinates":[[[103.94845057115094,1.321903027793825],[103.94819524536096,1.3217112288600081],[103.94841361292825,1.321358127410341],[103.94870575821076,1.321541202023862],[103.94845057115094,1.321903027793825]]]},"properties":{"OBJECTID_1":166579,"L_CODE":"EC528","NAME":"KEW AVE PG","N_RESERVE":0,"INC_CRC":"A779CF5D9DBE937B","FMEL_UPD_D":"20260115000106","SHAPE_1.AREA":1972.4757539,"SHAPE_1.LEN":173.505047593718}},
{"type":"Feature","geometry":{"type":"Polygon","coordinates":[[[103.9501090207083,1.3294282479865325],[103.9505140370425,1.3297430083888808],[103.95025083091696,1.3300875650459163],[103.94982253758388,1.3297550783907204],[103.9501090207083,1.3294282479865325]]]},"properties":{"OBJECTID_1":166580,"L_CODE":"EC512","NAME":"JLN CHEMPAKA KUNING PG","N_RESERVE":0,"INC_CRC":"02B3E06BECDF2EFD","FMEL_UPD_D":"20260115000106","SHAPE_1.AREA":2985.3093229,"SHAPE_1.LEN":215.500643064752}},
{"type":"Feature","geometry":{"type":"Polygon","coordinates":[[[103.95639151013691,1.3369339395834854],[103.95622678371295,1.33741352224406],[103.95605844359469,1.3373395900467795],[103.9562359968134,1.3369297873546453],[103.95639151013691,1.3369339395834854]]]},"properties":{"OBJECTID_1":166581,"L_CODE":"EC509","NAME":"JLN ANGIN LAUT PG","N_RESERVE":0,"INC_CRC":"CDDF617B9DFF0408","FMEL_UPD_D":"20260115000106","SHAPE_1.AREA":999.36450066,"SHAPE_1.LEN":144.724333324014}},
{"type":"Feature","geometry":{"type":"Polygon","coordinates":[[[103.96294249195472,1.316481624642805],[103.96225878901754,1.316201301642691],[103.96222728804882,1.3161029945681937],[103.95910309001273,1.314835233420649],[103.95894833811592,1.3147563907981028],[103.95234982187448,1.3120660072338985],[103.95194599783896,1.3119370942463522],[103.9519570251492,1.3119061048256826],[103.95196281908272,1.311889160408448],[103.95225529385519,1.3110774284064566],[103.95301857767971,1.3112962150313963],[103.95338003569407,1.3112478675659842],[103.95357446397904,1.3110549720777296],[103.9537862930319,1.311284852641754],[103.95421888509395,1.3115112560414715],[103.95504521212474,1.3118042256284894],[103.95544866482328,1.3118151802889617],[103.95611153432309,1.3114748893472223],[103.9565067253785,1.311809738102257],[103.9570866140649,1.3121679092467053],[103.95811171081039,1.3126019212836235],[103.95854540923636,1.3125331914300933],[103.95868686284531,1.3128900321899175],[103.95925705955001,1.3130711498808867],[103.9600878377762,1.3134479717550456],[103.96066454973851,1.3136051855632442],[103.9610871365986,1.3135682134177757],[103.96176487003912,1.314085089408149],[103.96222205799951,1.3145696257977546],[103.96248738469784,1.314724664933129],[103.96281381214062,1.3144678506057241],[103.96312117354951,1.3146001156327436],[103.96301954841822,1.3149606802735945],[103.96247376555336,1.3161956508462858],[103.9629775338784,1.316400967252901],[103.96294249195472,1.316481624642805]],[[103.96237591844205,1.3160970931046638],[103.96300339867234,1.3146792842457051],[103.96259641380642,1.3150429685866845],[103.96233078243799,1.3150800540379324],[103.96103847556626,1.3143430727572738],[103.9608884208071,1.3143969795713142],[103.96068043873855,1.3150239856432795],[103.96135240905824,1.3153081044408113],[103.96237591844205,1.3160970931046638]],[[103.95295287133966,1.3122404859332104],[103.95526790003242,1.3131784670232618],[103.95577660576885,1.3119258554365256],[103.95500876759654,1.3119085103754664],[103.95456021368369,1.311739585579655],[103.95223006740169,1.311387518420788],[103.95204246673653,1.3118599701076736],[103.95295287133966,1.3122404859332104]]]},"properties":{"OBJECTID_1":166582,"L_CODE":"EE506","NAME":"EAST COAST PARK AREA G","N_RESERVE":0,"INC_CRC":"C11FAA43518FF478","FMEL_UPD_D":"20260422000213","SHAPE_1.AREA":157870.538878305,"SHAPE_1.LEN":4945.05434826743}},
{"type":"Feature","geometry":{"type":"Polygon","coordinates":[[[103.92156643435814,1.3217150095721018],[103.92143580128655,1.3216688193477124],[103.92147765026104,1.3215110425850631],[103.92160141934309,1.3215842192621157],[103.92156643435814,1.3217150095721018]]]},"properties":{"OBJECTID_1":166583,"L_CODE":"EK532","NAME":"INTERIM PK AT TERANG BULAN AVE","N_RESERVE":0,"INC_CRC":"5C66F1FCE129C390","FMEL_UPD_D":"20260115000106","SHAPE_1.AREA":359.6828085,"SHAPE_1.LEN":108.502994203889}},
{"type":"Feature","geometry":{"type":"Polygon","coordinates":[[[103.77827876946412,1.342476791258511],[103.77917853746473,1.3426595427636845],[103.7799431538766,1.3426454280934594],[103.78113775668578,1.3427019397296496],[103.78170446286971,1.3428030335211179],[103.78403504198857,1.3435599081175196],[103.78481405303087,1.3438503070018502],[103.78698230726984,1.3447568912633956],[103.7877413112796,1.3453125659948524],[103.78804420781789,1.3457184593614218],[103.78602117997204,1.3484697044618976],[103.78599741076276,1.3486786844616003],[103.78460573067031,1.351451625284701],[103.78416565738738,1.3515927640815653],[103.7838364450012,1.3517439878276936],[103.78356224304827,1.3518303435314745],[103.78306388840831,1.3517730733898299],[103.78260800552577,1.3512712711161086],[103.78237941512313,1.350299853583304],[103.78222660023562,1.350080383803845],[103.78152946718902,1.3503470279365617],[103.78116149122155,1.3493834535726092],[103.78187375510754,1.3491077417983215],[103.78112150201181,1.3471286478916338],[103.78210510604987,1.3467478972501712],[103.78159343993161,1.3461112674110762],[103.78072018576364,1.345483094498915],[103.77982675834546,1.3458913681934428],[103.7779397061474,1.346735175223102],[103.7772960021665,1.3461733197424013],[103.7765355983984,1.3460161154327475],[103.77659508266855,1.3464254410245946],[103.77716606109635,1.3469644010255544],[103.77676070343861,1.3471376198043163],[103.7764337682895,1.346626377881632],[103.77610655994873,1.3467771837242948],[103.77589682502747,1.3461974163180364],[103.77639201295214,1.3454293606877354],[103.77707812426699,1.3441798277671053],[103.77682690394909,1.3440184996647406],[103.77740452382568,1.343303378127538],[103.77753463848518,1.3431644979327761],[103.77827876946412,1.342476791258511]]]},"properties":{"OBJECTID_1":166584,"L_CODE":"NRNP13","NAME":"RIFLE RANGE NATURE PARK","N_RESERVE":0,"INC_CRC":"103C382238C18F89","FMEL_UPD_D":"20260115000106","SHAPE_1.AREA":665430.40934121,"SHAPE_1.LEN":4582.10246002753}},
{"type":"Feature","geometry":{"type":"Polygon","coordinates":[[[103.84402917384902,1.3484533874170141],[103.84385516234421,1.3494075550539053],[103.84305028000045,1.3484739378026425],[103.84333551864935,1.348224748063697],[103.84402917384902,1.3484533874170141]]]},"properties":{"OBJECTID_1":166585,"L_CODE":"NA535","NAME":"BINCHANG RISE PG","N_RESERVE":0,"INC_CRC":"8E3564A90AFCF546","FMEL_UPD_D":"20260115000106","SHAPE_1.AREA":7301.28297402,"SHAPE_1.LEN":369.006682856066}},
{"type":"Feature","geometry":{"type":"Polygon","coordinates":[[[103.77846469825374,1.3615823044049524],[103.77848793593392,1.3610325475271565],[103.77861381007824,1.3599455908593092],[103.7786192491934,1.359781817907346],[103.7786139558712,1.3596562640352352],[103.77857576585663,1.359499112744807],[103.77851230479621,1.359371988472825],[103.77833866454179,1.3592726871469953],[103.77758508860786,1.3593435818405024],[103.77700781831427,1.3597709598992493],[103.77687637668365,1.360246473167341],[103.77685880997193,1.360544431724628],[103.77692822816122,1.361032902013858],[103.77681522301634,1.361787696843859],[103.77622863310584,1.3624759029507134],[103.77564898917181,1.362694725218653],[103.77558087857611,1.361528719986442],[103.77437718990282,1.3606046387959045],[103.77380709721373,1.3608570606992767],[103.77251720347923,1.359839382954089],[103.77190613725206,1.358271236650239],[103.77228636436962,1.3579489301614578],[103.77237458288437,1.3580543278705433],[103.77312885367469,1.3574149525898946],[103.77304065401783,1.3573095558123518],[103.77319174193829,1.3571814654978451],[103.7729686837248,1.3557024993857323],[103.77276240555057,1.3544036196516103],[103.7719186966893,1.3537359064301968],[103.77131212040571,1.3534112613413196],[103.77069166284787,1.3534185968695265],[103.77114784609711,1.3523086195879266],[103.77190578332562,1.3509163165196203],[103.77237244975888,1.3502826857675327],[103.77352748910558,1.3488118571185888],[103.77426983593813,1.3495674985809267],[103.7749584594275,1.3502702603724057],[103.77451303514434,1.3509631551415757],[103.77660095480724,1.352048097313416],[103.77728402144602,1.352620404755509],[103.77746364074308,1.3523438001547607],[103.77754721851326,1.3518457860229378],[103.77780359000542,1.3509486818410918],[103.77772040531593,1.3503656192709523],[103.77640420534814,1.3493464961027861],[103.77592178655888,1.3485217137810832],[103.77576567836189,1.3477998015151462],[103.77576070262938,1.3477784005272422],[103.77622500248123,1.3475293352111264],[103.7774127958641,1.3470183601888182],[103.7779397061474,1.346735175223102],[103.77982675834546,1.3458913681934428],[103.78116149122155,1.3493834535726092],[103.78152946718902,1.3503470279365617],[103.78222660023562,1.350080383803845],[103.78237941512313,1.350299853583304],[103.78260800552577,1.3512712711161086],[103.78306388840831,1.3517730733898299],[103.78356224304827,1.3518303435314745],[103.7838364450012,1.3517439878276936],[103.78416565738738,1.3515927640815653],[103.7844174798769,1.3516761108715345],[103.78453268265125,1.3524976682923904],[103.78574350470304,1.3530779406346485],[103.78611634016761,1.3529975463791895],[103.78625499815664,1.352686434272036],[103.78750552672902,1.3533972342994018],[103.7871304262022,1.3536073380529474],[103.78563403736506,1.3545848450885547],[103.78492777381723,1.355083795787239],[103.7836673522299,1.3561263110446886],[103.78305139630272,1.3567572748458991],[103.7820955177878,1.3579608085265684],[103.78140200132985,1.3590100819640922],[103.78091919285258,1.3598848717963046],[103.78040608792817,1.3609254398015154],[103.77994193385035,1.3609011482395907],[103.77984213814102,1.3609010637175094],[103.77934389698969,1.3618850014259218],[103.778744838535,1.3619252103385113],[103.77846469825374,1.3615823044049524]]]},"properties":{"OBJECTID_1":166586,"L_CODE":"NRNP03","NAME":"BUKIT TIMAH NATURE RESERVE","N_RESERVE":1,"INC_CRC":"6471CD1A4A11F9F7","FMEL_UPD_D":"20260115000106","SHAPE_1.AREA":1623658.69059997,"SHAPE_1.LEN":7747.59068404002}},
{"type":"Feature","geometry":{"type":"Polygon","coordinates":[[[103.86304815522233,1.388155117048027],[103.86295002787875,1.3877195548663173],[103.86371743744294,1.3874841391169925],[103.86383762002936,1.388094248660524],[103.86304815522233,1.388155117048027]]]},"properties":{"OBJECTID_1":166587,"L_CODE":"NP525","NAME":"BEGONIA RD PG","N_RESERVE":0,"INC_CRC":"128EA519F3C272FD","FMEL_UPD_D":"20260115000106","SHAPE_1.AREA":4852.85905839,"SHAPE_1.LEN":362.485322801403}},
{"type":"Feature","geometry":{"type":"Polygon","coordinates":[[[103.81782599909438,1.399605466930227],[103.81913600327485,1.399923042707153],[103.81808096577052,1.4005085846138101],[103.8178546784277,1.4001223473351594],[103.81797169384919,1.3997985496145362],[103.81782599909438,1.399605466930227]]]},"properties":{"OBJECTID_1":166588,"L_CODE":"NS521","NAME":"THONG SOON GREEN PG","N_RESERVE":0,"INC_CRC":"19EE3930D64483E5","FMEL_UPD_D":"20260115000106","SHAPE_1.AREA":7261.33691331,"SHAPE_1.LEN":438.711575727723}},
{"type":"Feature","geometry":{"type":"MultiPolygon","coordinates":[[[[103.70785445815594,1.3360809781751355],[103.7062642352252,1.3360692540725598],[103.70602295357386,1.3355740678755361],[103.70766734260253,1.335556240330452],[103.70785445815594,1.3360809781751355]]],[[[103.70943518676093,1.3384640764493512],[103.70933486241549,1.339528904701984],[103.70921393566103,1.3399721229258186],[103.70895863837183,1.3400632922316738],[103.70809088461945,1.3397083008961572],[103.70781262557281,1.3395174724461378],[103.70735590262052,1.339005120374083],[103.70722028979219,1.338722535403902],[103.70715224024633,1.33821366077081],[103.70698274585138,1.3376804490140561],[103.70680203188785,1.3374857042118866],[103.70631306158573,1.3361967536109458],[103.70754563933706,1.3361609829776209],[103.70779824134561,1.3362671527460606],[103.70793174314703,1.336555252376432],[103.7085468278806,1.3383024116227227],[103.70891308934736,1.3384290944366515],[103.70943518676093,1.3384640764493512]]]]},"properties":{"OBJECTID_1":166589,"L_CODE":"WJ527","NAME":"JURONG CENTRAL PARK","N_RESERVE":0,"INC_CRC":"1A2E36A8608DF1CE","FMEL_UPD_D":"20260115000106","SHAPE_1.AREA":82956.817631615,"SHAPE_1.LEN":1763.80798249385}},
{"type":"Feature","geometry":{"type":"Polygon","coordinates":[[[103.87807839662439,1.3464796465759585],[103.87803450926097,1.3463906217756512],[103.87825367739565,1.3449179420325965],[103.87835033490654,1.344880617130264],[103.87821691024746,1.3455171472966012],[103.87807839662439,1.3464796465759585]]]},"properties":{"OBJECTID_1":166590,"L_CODE":"PKCR036","NAME":"HOW SUN LINEAR PARK","N_RESERVE":0,"INC_CRC":"B091796DA5D51AE8","FMEL_UPD_D":"20260115000106","SHAPE_1.AREA":3602.63501932,"SHAPE_1.LEN":1131.58264192378}},
{"type":"Feature","geometry":{"type":"Polygon","coordinates":[[[103.90719393740086,1.3310425224162543],[103.907117634437,1.3311520865830664],[103.90656849685726,1.330853754331319],[103.90683085519993,1.3307917116413674],[103.90719393740086,1.3310425224162543]]]},"properties":{"OBJECTID_1":166591,"L_CODE":"PKER019","NAME":"JALAN SINGA PARK","N_RESERVE":0,"INC_CRC":"5DFF913E2CE1A25D","FMEL_UPD_D":"20260115000106","SHAPE_1.AREA":1050.713149055,"SHAPE_1.LEN":163.269130481254}},
{"type":"Feature","geometry":{"type":"Polygon","coordinates":[[[103.86171053097155,1.304324168442052],[103.86199162698519,1.3040981319513656],[103.86220799071694,1.3037091206223816],[103.86245999036792,1.3039931804491953],[103.86235581464493,1.3044585152586647],[103.86171053097155,1.304324168442052]]]},"properties":{"OBJECTID_1":166592,"L_CODE":"ST517","NAME":"NORTH BRIDGE GARDEN","N_RESERVE":0,"INC_CRC":"C43E33009B355991","FMEL_UPD_D":"20260115000106","SHAPE_1.AREA":3823.22824179,"SHAPE_1.LEN":286.833840174964}},
{"type":"Feature","geometry":{"type":"Polygon","coordinates":[[[103.83368426958585,1.367060382547319],[103.83260152040282,1.3673750370298556],[103.83152533057716,1.3675811139510754],[103.83017128496482,1.3677197787188955],[103.82880093026182,1.3678042170031295],[103.8284886732478,1.3675964151778341],[103.82846340834993,1.3670604282480847],[103.83062112057287,1.3669218107150576],[103.83675204525127,1.3637132897953712],[103.83925627913682,1.3630228036429695],[103.83957314555006,1.363002308133276],[103.8421571582894,1.3626095644169811],[103.84247432658498,1.3635539845627302],[103.84240849440519,1.3639293918695548],[103.84201222687774,1.3642169811942209],[103.84048286487238,1.364618524014611],[103.83870459856071,1.3652895669972436],[103.83444211385662,1.3668033312305146],[103.83368426958585,1.367060382547319]]]},"properties":{"OBJECTID_1":166593,"L_CODE":"NA502","NAME":"BISHAN-ANG MO KIO PARK (POND GARDENS)","N_RESERVE":0,"INC_CRC":"8730E8E3A46CC1A4","FMEL_UPD_D":"20260115000106","SHAPE_1.AREA":277927.110366265,"SHAPE_1.LEN":3469.24305700994}},
{"type":"Feature","geometry":{"type":"Polygon","coordinates":[[[103.84679149483152,1.2775198408402266],[103.84705837212792,1.277876123934033],[103.84679950557468,1.2780921880436917],[103.84677700738482,1.2786654271093152],[103.8465268977871,1.2786879606673525],[103.84631211995882,1.2778913718128233],[103.84679149483152,1.2775198408402266]]]},"properties":{"OBJECTID_1":166594,"L_CODE":"SO511","NAME":"TELOK AYER PK","N_RESERVE":0,"INC_CRC":"F0A6A99BA90DCA6C","FMEL_UPD_D":"20260115000106","SHAPE_1.AREA":5502.850526635,"SHAPE_1.LEN":350.982223113042}},
{"type":"Feature","geometry":{"type":"Polygon","coordinates":[[[103.88242079383177,1.3607901110877034],[103.88208733472224,1.3611869980450582],[103.88183744588498,1.360867247126428],[103.88201152174757,1.360694347282949],[103.88242079383177,1.3607901110877034]]]},"properties":{"OBJECTID_1":166595,"L_CODE":"NP539","NAME":"RICHARDS AVE PK","N_RESERVE":0,"INC_CRC":"822B007A61E018F7","FMEL_UPD_D":"20260115000106","SHAPE_1.AREA":1938.213226,"SHAPE_1.LEN":180.69692284502}},
{"type":"Feature","geometry":{"type":"Polygon","coordinates":[[[103.85276226271132,1.2887872029207212],[103.85288865842891,1.288990048265441],[103.85397740855097,1.2912782182531246],[103.85405936666072,1.2914271293864852],[103.85433491270948,1.2916555696595031],[103.85426356258175,1.2919238229391106],[103.85409716796403,1.291604719192556],[103.85286388057503,1.2890314041560387],[103.85276226271132,1.2887872029207212]]]},"properties":{"OBJECTID_1":166596,"L_CODE":"CO154","NAME":"CONNAUGHT DRIVE","N_RESERVE":0,"INC_CRC":"75DDB928BF4C2240","FMEL_UPD_D":"20260115000106","SHAPE_1.AREA":4544.472712115,"SHAPE_1.LEN":1976.586659377}},
{"type":"Feature","geometry":{"type":"Polygon","coordinates":[[[103.85493360340911,1.3084954419472734],[103.85472236074533,1.308456772230658],[103.85485550615357,1.3082893288689517],[103.85493360340911,1.3084954419472734]]]},"properties":{"OBJECTID_1":166597,"L_CODE":"ST514","NAME":"ROWELL RD OS","N_RESERVE":0,"INC_CRC":"406A43A09DA35C3D","FMEL_UPD_D":"20260115000106","SHAPE_1.AREA":486.559480905,"SHAPE_1.LEN":93.2726058911187}},
{"type":"Feature","geometry":{"type":"Polygon","coordinates":[[[103.860965890655,1.3813360501802698],[103.86074557030206,1.3809653566176712],[103.86146674963048,1.3810903222125364],[103.861300659712,1.3813115135547056],[103.86115173722247,1.381162801682131],[103.860965890655,1.3813360501802698]]]},"properties":{"OBJECTID_1":166598,"L_CODE":"NP517","NAME":"LILAC DR PG","N_RESERVE":0,"INC_CRC":"BBD6510BC63C85A9","FMEL_UPD_D":"20260115000106","SHAPE_1.AREA":1908.080204305,"SHAPE_1.LEN":239.468383973185}},
{"type":"Feature","geometry":{"type":"Polygon","coordinates":[[[103.8991491282626,1.3097574565935681],[103.89818682274365,1.3118077892985456],[103.89814106160415,1.3117785017547134],[103.8984602097054,1.3110757663109462],[103.8991588228863,1.3096270036199533],[103.89921280309498,1.3096249981218735],[103.8991491282626,1.3097574565935681]]]},"properties":{"OBJECTID_1":166599,"L_CODE":"PKCR024","NAME":"HAIG WALK EXTENSION","N_RESERVE":0,"INC_CRC":"48206F8F9FC27017","FMEL_UPD_D":"20260115000106","SHAPE_1.AREA":1504.845564,"SHAPE_1.LEN":542.631674331928}},
{"type":"Feature","geometry":{"type":"Polygon","coordinates":[[[103.84965260258136,1.2945402386219058],[103.84962138967565,1.2949288073011067],[103.84915760825105,1.2940341673712248],[103.84938114957365,1.2940388143931374],[103.84965260258136,1.2945402386219058]]]},"properties":{"OBJECTID_1":166600,"L_CODE":"CO107","NAME":"ARMENIAN STREET (FCP)","N_RESERVE":0,"INC_CRC":"68B7975EB9001D57","FMEL_UPD_D":"20260422000213","SHAPE_1.AREA":3159.26958367713,"SHAPE_1.LEN":415.426474120199}},
{"type":"Feature","geometry":{"type":"Polygon","coordinates":[[[103.92381336864338,1.3106908631377931],[103.9240350888513,1.3107900366215646],[103.92383024743556,1.3113046459526103],[103.92357603557761,1.3112021446700373],[103.92381336864338,1.3106908631377931]]]},"properties":{"OBJECTID_1":166601,"L_CODE":"EK514","NAME":"EAST COAST TERRACE PK","N_RESERVE":0,"INC_CRC":"DC29773D350E31B0","FMEL_UPD_D":"20260115000106","SHAPE_1.AREA":2082.642459145,"SHAPE_1.LEN":306.123360956162}},
{"type":"Feature","geometry":{"type":"Polygon","coordinates":[[[103.7237620843805,1.328988379818588],[103.72299621499934,1.329022225657542],[103.72294211356899,1.3287481035935353],[103.72463877209037,1.3286736552710847],[103.72458646409872,1.328951944427618],[103.7237620843805,1.328988379818588]]]},"properties":{"OBJECTID_1":166602,"L_CODE":"MWJH025","NAME":"TAMAN DAMAI INTERIM PARK","N_RESERVE":0,"INC_CRC":"E00CB81CE3335AF6","FMEL_UPD_D":"20260714000108","SHAPE_1.AREA":5712.32308008,"SHAPE_1.LEN":431.994865852419}},
{"type":"Feature","geometry":{"type":"MultiPolygon","coordinates":[[[[103.78146021619997,1.28138539218942],[103.78065015659703,1.2822914285502334],[103.78031021916043,1.2824946475734713],[103.78017719340927,1.2822683782157738],[103.78084037096423,1.2818465990742756],[103.78135246362972,1.2812902933446717],[103.78146021619997,1.28138539218942]]],[[[103.79444639695069,1.2736169351131057],[103.79383424285186,1.2741929156688854],[103.79101034218218,1.2758731078639094],[103.79107177597956,1.275599543976075],[103.79385233194608,1.2739127482635235],[103.79444639695069,1.2736169351131057]]],[[[103.78369226819002,1.2791106468091205],[103.78315045579801,1.2797459071184087],[103.78230846130654,1.281205453443639],[103.78204266174203,1.2813573903945255],[103.78176403795064,1.2811628469032805],[103.78176642532839,1.2808501086396902],[103.78312536979526,1.2792237445916912],[103.78362213425889,1.2788043009747663],[103.78442735857844,1.2783207256449487],[103.7854577293996,1.277815630401569],[103.78618212530857,1.2775730118916102],[103.78794805310116,1.2772112528032915],[103.78914565709712,1.2767863128340016],[103.79022060856566,1.2761530235834126],[103.79040259760424,1.2762388870327603],[103.79032769455524,1.276626719868243],[103.78829560564996,1.2772954010460835],[103.78817335061892,1.2773021092730366],[103.78615218735624,1.2779945004329971],[103.78493454580219,1.2783752504152757],[103.78420808058992,1.2786935095735992],[103.78369226819002,1.2791106468091205]]]]},"properties":{"OBJECTID_1":166603,"L_CODE":"WJ530","NAME":"PASIR PANJANG PARK","N_RESERVE":0,"INC_CRC":"9FB33E98EF43867C","FMEL_UPD_D":"20260115000106","SHAPE_1.AREA":59468.135314535,"SHAPE_1.LEN":5241.43078362395}},
{"type":"Feature","geometry":{"type":"MultiPolygon","coordinates":[[[[103.84146445939214,1.2784648116889255],[103.84147914023795,1.2780661594334863],[103.84195572244464,1.277470659774282],[103.84214051408311,1.2770291119983592],[103.84188585899828,1.2768092888735791],[103.84218085680736,1.2765654801199384],[103.84241516023143,1.2768418984471357],[103.84206706972635,1.2776374785549427],[103.84146445939214,1.2784648116889255]]],[[[103.84184972515376,1.2814177699515275],[103.84165240930909,1.2818544070331213],[103.8412005846808,1.2813090312016602],[103.84137355276475,1.2811272442671013],[103.84104413672877,1.2801635811447123],[103.84098650240604,1.279457670221911],[103.84125798363826,1.278486480922728],[103.84139794018509,1.2785991734002025],[103.84116600329519,1.27945525502236],[103.84123479659996,1.2801575936647387],[103.84144001643865,1.2807421473819636],[103.84156537357326,1.2813887950347338],[103.84184972515376,1.2814177699515275]]]]},"properties":{"OBJECTID_1":166604,"L_CODE":"SO507","NAME":"DUXTON PLAIN PK","N_RESERVE":0,"INC_CRC":"70FB5FE83ACEC9A7","FMEL_UPD_D":"20260115000106","SHAPE_1.AREA":13563.793288205,"SHAPE_1.LEN":1383.29828095433}},
{"type":"Feature","geometry":{"type":"Polygon","coordinates":[[[103.94670882966535,1.360235040603442],[103.945332469711,1.3602348891346103],[103.94479227760074,1.3601969762891544],[103.94234144241037,1.3602227999726677],[103.94227175856848,1.3600399201974518],[103.94227124057805,1.3583662731032324],[103.94241004122922,1.3577314584294167],[103.94279657526648,1.3572221381312422],[103.94324828068082,1.3569627381520488],[103.9442390639214,1.356877496255758],[103.94423887396407,1.3583288509479272],[103.9446099271564,1.3583290689178327],[103.94461037976781,1.3589909900122938],[103.94490414307553,1.3592861151246374],[103.94537355331548,1.3592866630038138],[103.94537287977413,1.35948990044849],[103.94583065689574,1.3599491595814464],[103.94670886039708,1.359950085900931],[103.94670882966535,1.360235040603442]]]},"properties":{"OBJECTID_1":166605,"L_CODE":"ET503","NAME":"SUN PLAZA PK","N_RESERVE":0,"INC_CRC":"6BF71249F7D2AB72","FMEL_UPD_D":"20260115000106","SHAPE_1.AREA":98774.75418758,"SHAPE_1.LEN":1610.03711865}},
{"type":"Feature","geometry":{"type":"Polygon","coordinates":[[[103.83310013644797,1.3215201144489663],[103.83289980872867,1.3208921416969037],[103.83309148795469,1.320730920636611],[103.83344779095754,1.3211560163456342],[103.83310013644797,1.3215201144489663]]]},"properties":{"OBJECTID_1":166606,"L_CODE":"ST518","NAME":"GOLDHILL AVE PG","N_RESERVE":0,"INC_CRC":"B44CD630B395D40A","FMEL_UPD_D":"20260115000106","SHAPE_1.AREA":2763.628444195,"SHAPE_1.LEN":220.388400633071}},
{"type":"Feature","geometry":{"type":"Polygon","coordinates":[[[103.86363854979399,1.353110018223141],[103.86403195608808,1.3535848316240118],[103.86394565112359,1.3537545638097581],[103.86301710318332,1.3538724864428258],[103.86289875617166,1.3533697337028223],[103.8630964577336,1.3533269457951758],[103.86336806021089,1.3527982781940266],[103.86363854979399,1.353110018223141]]]},"properties":{"OBJECTID_1":166607,"L_CODE":"NA530","NAME":"MEI HWAN DR PG","N_RESERVE":0,"INC_CRC":"B6211AA3CC4E7F7D","FMEL_UPD_D":"20260115000106","SHAPE_1.AREA":8175.31053315,"SHAPE_1.LEN":389.913268370871}},
{"type":"Feature","geometry":{"type":"Polygon","coordinates":[[[103.76462179608028,1.336448795009256],[103.76511813712034,1.3357510017498977],[103.7649739142345,1.3365624020444993],[103.76462179608028,1.336448795009256]]]},"properties":{"OBJECTID_1":166608,"L_CODE":"WB532","NAME":"GOLDEN RISE PG","N_RESERVE":0,"INC_CRC":"1CC99F48FB71279B","FMEL_UPD_D":"20260115000106","SHAPE_1.AREA":1963.604930295,"SHAPE_1.LEN":230.58711844429}},
{"type":"Feature","geometry":{"type":"MultiPolygon","coordinates":[[[[103.81772818366515,1.315278360175865],[103.81741324138424,1.3149099616130753],[103.81727787720494,1.3145310862097659],[103.81805622615238,1.3147361567157716],[103.81772818366515,1.315278360175865]]],[[[103.8176561848357,1.3224236831841094],[103.81610694802383,1.3225975324235588],[103.8149595779013,1.3226754297262229],[103.81476063732516,1.3225588330311624],[103.81457174718228,1.3220699140157075],[103.81425502736886,1.3206182978840764],[103.81433211667532,1.3202885580998303],[103.8152731110073,1.3185547987068043],[103.81542529107449,1.3171045254233236],[103.81504844857373,1.315881028552582],[103.81491979873829,1.3157381714484515],[103.8149330309576,1.3149797677380999],[103.81514694133165,1.314649534233127],[103.81549181131773,1.31463003863497],[103.8157050539086,1.3144361271942187],[103.81587352188804,1.3148646073149175],[103.81645427140639,1.3148180311281839],[103.81675650925045,1.3150016698358198],[103.8172015519254,1.314909738676205],[103.81760809843807,1.315462529662371],[103.8184466870005,1.316043036564552],[103.81881197530372,1.316424151563116],[103.81909164389074,1.3170516303225974],[103.81867915942226,1.317225180014356],[103.81880265890265,1.3177043366456147],[103.81861121531873,1.3181709343127086],[103.8181577178563,1.3185242451325359],[103.81748053159254,1.3179649872212809],[103.8169698076878,1.3178095824000782],[103.81663965892035,1.317996752022146],[103.81624716731359,1.3186369128904574],[103.81631826658347,1.318963877367593],[103.81742303902728,1.3198914019873986],[103.81777057280293,1.3200528414250552],[103.81825294203792,1.320136191564148],[103.81836267942171,1.3206027539410405],[103.81853002373524,1.3208009636395395],[103.8191192565829,1.3211304090458873],[103.8195443172683,1.3215436274087187],[103.81965928165602,1.3220427803429302],[103.8186248373531,1.322300195449566],[103.81848237991413,1.3218394886535016],[103.81777170566873,1.3212421342644918],[103.81739062479159,1.321703809967477],[103.81707333510408,1.3222473192694486],[103.81745174534765,1.32225346327456],[103.8176561848357,1.3224236831841094]]]]},"properties":{"OBJECTID_1":166609,"L_CODE":"SBGLC0002","NAME":"SBG LC ZONE 2 (CC/BTC)","N_RESERVE":0,"INC_CRC":"0158CD5DFDCF84DA","FMEL_UPD_D":"20260115000106","SHAPE_1.AREA":297575.603072105,"SHAPE_1.LEN":3817.46257294825}},
{"type":"Feature","geometry":{"type":"Polygon","coordinates":[[[103.81929822984326,1.3301434233257474],[103.81963666181012,1.330157401289134],[103.81960434881131,1.330488812734955],[103.81871623666434,1.3305179824013762],[103.81929822984326,1.3301434233257474]]]},"properties":{"OBJECTID_1":166610,"L_CODE":"PKCR022","NAME":"KHEAM HOCK PARK","N_RESERVE":0,"INC_CRC":"ECF46586A5BC74EE","FMEL_UPD_D":"20260422000213","SHAPE_1.AREA":3575.96351944,"SHAPE_1.LEN":343.079180995821}},
{"type":"Feature","geometry":{"type":"Polygon","coordinates":[[[103.84839808142802,1.2952164011138212],[103.8489444166983,1.295849615932962],[103.8483471630439,1.295872387854326],[103.84833810390934,1.2958692054486074],[103.84833331556806,1.2958687234507067],[103.84833399744676,1.295849031807459],[103.84834748679602,1.295766730912627],[103.84835422314768,1.2957618292152149],[103.8483611904241,1.295756777391849],[103.84840291411314,1.295726709725862],[103.84840118441463,1.2957263172418916],[103.84837660113082,1.2957207383624458],[103.8483931355542,1.2956236058663488],[103.84839709380003,1.2954988930319407],[103.84839866141311,1.2954404602038543],[103.84839781043794,1.2954312139831883],[103.84839899719276,1.2953938004041354],[103.84838418495195,1.2952832735480855],[103.84839808142802,1.2952164011138212]]]},"properties":{"OBJECTID_1":166611,"L_CODE":"SF511","NAME":"FARQUHAR GARDEN (FCP)","N_RESERVE":0,"INC_CRC":"2C8AF6D0DF9A0FF6","FMEL_UPD_D":"20260115000106","SHAPE_1.AREA":3948.98813748,"SHAPE_1.LEN":376.040337465202}},
{"type":"Feature","geometry":{"type":"Polygon","coordinates":[[[103.79676960399136,1.323139758448208],[103.79669508192048,1.323484871858737],[103.79639333072383,1.3234213086215885],[103.79644698842324,1.3231376283859198],[103.79676960399136,1.323139758448208]]]},"properties":{"OBJECTID_1":166612,"L_CODE":"WB510","NAME":"NAMLY PK","N_RESERVE":0,"INC_CRC":"B7005A069C6E5475","FMEL_UPD_D":"20260115000106","SHAPE_1.AREA":1237.641348655,"SHAPE_1.LEN":141.199787999603}},
{"type":"Feature","geometry":{"type":"Polygon","coordinates":[[[103.79522943944153,1.3118796920081086],[103.79578468810145,1.3113258585769847],[103.79578729380987,1.3119343512423183],[103.79522943944153,1.3118796920081086]]]},"properties":{"OBJECTID_1":163477,"L_CODE":"PKCR014","NAME":"HOLLAND VILLAGE PK","N_RESERVE":0,"INC_CRC":"459AA37EDEEE450A","FMEL_UPD_D":"20260115000106","SHAPE_1.AREA":2737.99468405,"SHAPE_1.LEN":252.555928110791}},
{"type":"Feature","geometry":{"type":"Polygon","coordinates":[[[103.88424103014425,1.340274046875593],[103.88467291464977,1.340540389322328],[103.88389966144408,1.3406779457357385],[103.88424103014425,1.340274046875593]]]},"properties":{"OBJECTID_1":163478,"L_CODE":"PKCR015","NAME":"BUNGA RAMPAI PK","N_RESERVE":0,"INC_CRC":"7E2551F88341D7C5","FMEL_UPD_D":"20260115000106","SHAPE_1.AREA":1881.519128505,"SHAPE_1.LEN":209.716011975636}},
{"type":"Feature","geometry":{"type":"Polygon","coordinates":[[[103.97015826201259,1.364658729177052],[103.96980288255072,1.3637930202676813],[103.9699220919356,1.3637502968404127],[103.97027522109063,1.3645148186324132],[103.97015826201259,1.364658729177052]]]},"properties":{"OBJECTID_1":163479,"L_CODE":"PKETCIP01174","NAME":"TOH CLOSE INTERIM PARK","N_RESERVE":0,"INC_CRC":"A7E96A9416DA70C0","FMEL_UPD_D":"20260115000106","SHAPE_1.AREA":2164.597000175,"SHAPE_1.LEN":324.899466263863}},
{"type":"Feature","geometry":{"type":"Polygon","coordinates":[[[103.8478563403,1.2990882450101775],[103.84753376408399,1.2991633778637464],[103.84764013465153,1.2988347121065877],[103.8478563403,1.2990882450101775]]]},"properties":{"OBJECTID_1":163480,"L_CODE":"ST540","NAME":"HANDY RD OS","N_RESERVE":0,"INC_CRC":"FE281B3535BCFD5A","FMEL_UPD_D":"20260115000106","SHAPE_1.AREA":1833.569764605,"SHAPE_1.LEN":211.049591236794}},
{"type":"Feature","geometry":{"type":"Polygon","coordinates":[[[103.88159243780012,1.333952736089959],[103.88166026227309,1.3338403539291774],[103.88207828471191,1.3321666007629949],[103.88214503336235,1.3321819383551816],[103.88170466830873,1.3339455297070677],[103.88159243780012,1.333952736089959]]]},"properties":{"OBJECTID_1":163481,"L_CODE":"PKCR009","NAME":"MACPHERSON LINEAR PK","N_RESERVE":0,"INC_CRC":"2CF370F91F7947FD","FMEL_UPD_D":"20260115000106","SHAPE_1.AREA":1944.3755653,"SHAPE_1.LEN":509.994213027911}},
{"type":"Feature","geometry":{"type":"Polygon","coordinates":[[[103.7733892325698,1.3694099689681032],[103.77314891155861,1.369099314851009],[103.7735575486435,1.3691726211106214],[103.7733892325698,1.3694099689681032]]]},"properties":{"OBJECTID_1":163482,"L_CODE":"PKWR013","NAME":"CHESTNUT CLOSE PARK","N_RESERVE":0,"INC_CRC":"B3E02D7D839326D5","FMEL_UPD_D":"20260115000106","SHAPE_1.AREA":2769.22197313,"SHAPE_1.LEN":560.844604495884}},
{"type":"Feature","geometry":{"type":"Polygon","coordinates":[[[103.98786791433625,1.390914182008571],[103.98695507358764,1.3917065932198558],[103.98691882171882,1.3916271764340753],[103.98694616244052,1.3914847378082056],[103.9870136570461,1.3912613815764312],[103.98761530077833,1.3906810272870687],[103.98766175766559,1.3906897151385988],[103.9878614709212,1.3909044605543222],[103.98786791433625,1.390914182008571]]]},"properties":{"OBJECTID_1":163483,"L_CODE":"EC503","NAME":"CHANGI PT FERRY TERMINAL","N_RESERVE":0,"INC_CRC":"60FA2E989E6EB5EA","FMEL_UPD_D":"20260115000106","SHAPE_1.AREA":4770.60841048,"SHAPE_1.LEN":369.736359054059}},
{"type":"Feature","geometry":{"type":"Polygon","coordinates":[[[103.76954485122778,1.3366300501283432],[103.7690324326019,1.337458574244841],[103.76878158442422,1.337373440744095],[103.768902544003,1.3368482427134811],[103.76909915497752,1.3365958046446929],[103.76954485122778,1.3366300501283432]]]},"properties":{"OBJECTID_1":163484,"L_CODE":"WB530","NAME":"ENG KONG GARDEN PG","N_RESERVE":0,"INC_CRC":"DF64767775F019E7","FMEL_UPD_D":"20260115000106","SHAPE_1.AREA":4274.65166171,"SHAPE_1.LEN":283.949304548518}},
{"type":"Feature","geometry":{"type":"MultiPolygon","coordinates":[[[[103.80305467068894,1.2724077771535007],[103.80286685542244,1.2723939083017544],[103.80278455862707,1.2723899679090251],[103.80270905019475,1.2723920361949521],[103.80262288156355,1.2723921509228557],[103.80252273817753,1.2723784838637264],[103.80234118390304,1.2719886967999294],[103.80262125920177,1.2719789692034542],[103.8026443139637,1.2719663807204442],[103.80274222193086,1.271967182253155],[103.80275507544397,1.2720461714431321],[103.80287110205809,1.2720739766177316],[103.80303574515592,1.2720726907527586],[103.80305594333167,1.2720722822184052],[103.80305467068894,1.2724077771535007]]],[[[103.8046531578426,1.2648054779950784],[103.80456907713447,1.2652604558231488],[103.80479231534338,1.2654673589142171],[103.80477875742191,1.26587439804638],[103.8036616883415,1.2670846680565924],[103.80335339227761,1.2672642939652414],[103.80340447716709,1.2672149397490695],[103.80357938638788,1.2669960927026163],[103.80404267057631,1.2660017632535774],[103.80411795482276,1.2658628617949332],[103.8043735833155,1.2655072665812734],[103.8046531578426,1.2648054779950784]]],[[[103.8017497167542,1.2687442471321775],[103.80170645178305,1.269456187054655],[103.80135641501722,1.2695445663019254],[103.80096962315213,1.269892533931124],[103.80044196477344,1.269993126063351],[103.79910032315489,1.2682474700180182],[103.79941751153964,1.2679272205324439],[103.7994212943041,1.2679320046724791],[103.79960574497086,1.2681652229017693],[103.80068126485565,1.2672925391363494],[103.8009737172,1.2672625504725012],[103.80117514036645,1.2676411255662805],[103.80110682217523,1.2680034992001405],[103.80160589444512,1.268618716802097],[103.8017497167542,1.2687442471321775]]],[[[103.80455490630654,1.2643693071165856],[103.80413862807491,1.2640311287361041],[103.80363288514323,1.2646199377902079],[103.80341078918093,1.26503660237229],[103.80214548357436,1.2659357431494498],[103.80208467924155,1.2659862792282441],[103.80134991634444,1.2664349979887797],[103.80100079714829,1.2658892455885014],[103.80242542499508,1.264807859678224],[103.80412535188502,1.2630992438177593],[103.80514180690787,1.2622988659004322],[103.80537164452308,1.262515963015242],[103.80544658400515,1.2629254449045364],[103.80518853292821,1.2637492091494222],[103.80552684822351,1.2637562542017857],[103.80652612337593,1.264687317540421],[103.80627931114194,1.2650059227354968],[103.8068715817178,1.2656223349890459],[103.80661381489588,1.2659041939438542],[103.8065613035106,1.2658377451844187],[103.80640492888651,1.265598816666978],[103.80612440141749,1.2653499596187794],[103.8060594599316,1.2648361349440285],[103.80509220287648,1.2639344980053766],[103.80455490630654,1.2643693071165856]]]]},"properties":{"OBJECTID_1":163485,"L_CODE":"NRNP18","NAME":"LABRADOR NATURE PARK","N_RESERVE":0,"INC_CRC":"1F145B476F006BC7","FMEL_UPD_D":"20260115000106","SHAPE_1.AREA":134761.50529993,"SHAPE_1.LEN":4168.68621937114}},
{"type":"Feature","geometry":{"type":"Polygon","coordinates":[[[103.76691111263187,1.346389066450027],[103.76663181203476,1.3466518117442603],[103.76627000643046,1.3463209131129112],[103.76691414128985,1.3456064562793628],[103.76728202737591,1.3460401901960244],[103.76691111263187,1.346389066450027]]]},"properties":{"OBJECTID_1":163486,"L_CODE":"WB535","NAME":"JALAN TEKUKOR PLAYGROUND","N_RESERVE":0,"INC_CRC":"B95AE5160311AE07","FMEL_UPD_D":"20260115000106","SHAPE_1.AREA":5879.150977805,"SHAPE_1.LEN":332.634590084715}},
{"type":"Feature","geometry":{"type":"Polygon","coordinates":[[[103.7699541904286,1.3491733669717991],[103.76903246653666,1.349359287985328],[103.76879428111063,1.3501410761610633],[103.76839472803692,1.3501097654221481],[103.76810216226474,1.3505186394269286],[103.7674525738752,1.3518340642002777],[103.76684576802768,1.3517311399990681],[103.76653656799189,1.3525857100353478],[103.76611632868584,1.3531767543574078],[103.76586859418269,1.353228322399171],[103.7615426730049,1.352981568423484],[103.76157119713675,1.3519674528932735],[103.76195965803986,1.3509373932342914],[103.76216940886572,1.3496932336811598],[103.76222565080867,1.3487636000543646],[103.76096784550278,1.3480097059473761],[103.76098498769099,1.3468411681356993],[103.76104867924246,1.346788997293466],[103.76234032481148,1.3469178702539866],[103.76294770834959,1.346879968009325],[103.76359513709338,1.346970684477968],[103.76385747141732,1.3473102815252342],[103.7643568270457,1.3476968841948005],[103.76474943155839,1.3478390875672708],[103.76546062188805,1.347630172444327],[103.7673919969589,1.3503782809643297],[103.76600132601997,1.3513834972297576],[103.76545554884233,1.3513817455657209],[103.76501998367588,1.3518419549612866],[103.76512876585389,1.3520875009432871],[103.76548948063932,1.3522463182983606],[103.76576933546629,1.3520510740109026],[103.76606830270705,1.3528016491453836],[103.76628978823919,1.3528515499684421],[103.76652807315536,1.3517244660640466],[103.76693242243897,1.3511802392191679],[103.76699956295039,1.3508859438952],[103.76731130203318,1.3505267843446094],[103.76933619743546,1.3490921125905224],[103.7699541904286,1.3491733669717991]]]},"properties":{"OBJECTID_1":163487,"L_CODE":"NRNP17","NAME":"BUKIT BATOK NATURE PARK","N_RESERVE":0,"INC_CRC":"FE733B0650C0BCB7","FMEL_UPD_D":"20260115000106","SHAPE_1.AREA":351930.64829598,"SHAPE_1.LEN":4209.27501892351}},
{"type":"Feature","geometry":{"type":"Polygon","coordinates":[[[103.94753655359173,1.3338703077673182],[103.9473572537741,1.3340007433303096],[103.94652227939625,1.3341810668428038],[103.94657023917699,1.333479505195306],[103.94753655359173,1.3338703077673182]]]},"properties":{"OBJECTID_1":163488,"L_CODE":"EC513","NAME":"JLN PARI BURONG PG","N_RESERVE":0,"INC_CRC":"BF95CFE9D3F688C5","FMEL_UPD_D":"20260115000106","SHAPE_1.AREA":6476.660851115,"SHAPE_1.LEN":473.67959110966}},
{"type":"Feature","geometry":{"type":"Polygon","coordinates":[[[103.7301099619966,1.4451356189717997],[103.7308817367146,1.4446012221638367],[103.73149216738356,1.4439175591331004],[103.73200770142023,1.444531075461481],[103.73246408006031,1.4449630455505909],[103.73278537774632,1.4450748399678037],[103.73296616890663,1.4444087300062571],[103.7327008180696,1.4440905825311268],[103.73310904707184,1.4437873227758216],[103.73371811147078,1.4428453297208628],[103.73413539906146,1.4429318774577704],[103.73445928754536,1.441682903907836],[103.7345934266402,1.4403217268104656],[103.73386405013972,1.4402100242302343],[103.73215349716227,1.439482180973096],[103.7323200996377,1.4387023341537233],[103.73435394549101,1.4387156655213957],[103.73438869786789,1.4393806031055958],[103.73465648014965,1.4393829616008176],[103.73487174006243,1.4391003260584434],[103.73487414103656,1.438724791481497],[103.73576704127426,1.4387204520597352],[103.73601225560535,1.438863303027805],[103.73668301146856,1.4388585214171314],[103.73667024426526,1.4397112161951582],[103.73649293474362,1.440423325316214],[103.7370460286342,1.441302408192896],[103.73768318993032,1.4419525406865281],[103.73765128189247,1.4421406666244623],[103.7364199628266,1.4436226742938525],[103.73572707842561,1.4443247290313077],[103.73554348012533,1.4444191618446547],[103.73515046055894,1.4450876042383627],[103.73472709176323,1.445354219842347],[103.73454648188886,1.4455985887379394],[103.73430093842606,1.4454062843157847],[103.73378294681942,1.4459064353895885],[103.7335762408913,1.4463501796645888],[103.73322315744751,1.44649174193907],[103.73292050466199,1.4470111851409189],[103.73211227958595,1.4477903565682495],[103.7319022014616,1.448055388567014],[103.73181529998816,1.448292556365712],[103.73000571109576,1.4452170673945663],[103.7301099619966,1.4451356189717997]]]},"properties":{"OBJECTID_1":163489,"L_CODE":"NRNP27","NAME":"KRANJI COASTAL NATURE PARK","N_RESERVE":0,"INC_CRC":"776E724AF0A2C650","FMEL_UPD_D":"20260115000106","SHAPE_1.AREA":345256.885492825,"SHAPE_1.LEN":3976.45427498026}},
{"type":"Feature","geometry":{"type":"Polygon","coordinates":[[[103.76755894419871,1.334923732153921],[103.76690095617117,1.3347210364478217],[103.76693598638042,1.334554604590843],[103.76758810860936,1.3347565133312826],[103.76755894419871,1.334923732153921]]]},"properties":{"OBJECTID_1":163490,"L_CODE":"WB531","NAME":"ENG KONG PLACE FC","N_RESERVE":0,"INC_CRC":"307958D8858BC23D","FMEL_UPD_D":"20260115000106","SHAPE_1.AREA":1523.28490671,"SHAPE_1.LEN":195.35508768781}},
{"type":"Feature","geometry":{"type":"MultiPolygon","coordinates":[[[[103.90984368332911,1.4171693199114295],[103.90993446561275,1.4179284392840223],[103.90964350308947,1.417962084026078],[103.90947236567749,1.4165170151034048],[103.90976868917672,1.4164888660290116],[103.90984368332911,1.4171693199114295]]],[[[103.90923737813058,1.4142572056763896],[103.90952915444151,1.414337417588879],[103.9097140556339,1.4160943005423552],[103.90942432152067,1.4160121632102374],[103.90923737813058,1.4142572056763896]]],[[[103.9099712629703,1.4182073517784444],[103.91010939692956,1.418871743850455],[103.91074068871168,1.4212057282160246],[103.91047077280464,1.421328255889023],[103.91012585855034,1.4198640656474446],[103.9098317339521,1.4199340017179538],[103.90968387906887,1.419434166962358],[103.90991232800003,1.419240241305316],[103.90967362126933,1.4182428317013747],[103.9099712629703,1.4182073517784444]]]]},"properties":{"OBJECTID_1":163491,"L_CODE":"PDPHTP2(B01514","NAME":"PUNGGOL HERITAGE TRAIL PHASE 2 (INTERIM BOUNDARY)","N_RESERVE":0,"INC_CRC":"9D5524EC1C05B828","FMEL_UPD_D":"20260727000452","SHAPE_1.AREA":24208.58120243,"SHAPE_1.LEN":1703.5076462436}},
{"type":"Feature","geometry":{"type":"Polygon","coordinates":[[[103.94706271535532,1.3292749731610125],[103.94654567431044,1.3291815130846198],[103.94720582280084,1.3283765092165605],[103.94706271535532,1.3292749731610125]]]},"properties":{"OBJECTID_1":163492,"L_CODE":"EC505","NAME":"TANAH MERAH PG","N_RESERVE":0,"INC_CRC":"908D8B3869655A69","FMEL_UPD_D":"20260115000106","SHAPE_1.AREA":3600.28737945,"SHAPE_1.LEN":299.533634884303}},
{"type":"Feature","geometry":{"type":"Polygon","coordinates":[[[103.87734665814895,1.3341801616186308],[103.87750311090167,1.3344602404155175],[103.87716996789037,1.3346985038964063],[103.87734665814895,1.3341801616186308]]]},"properties":{"OBJECTID_1":163493,"L_CODE":"NP540","NAME":"BUTTERFLY AVE PG","N_RESERVE":0,"INC_CRC":"3260690F12373796","FMEL_UPD_D":"20260115000106","SHAPE_1.AREA":1247.592970345,"SHAPE_1.LEN":150.04895552169}},
{"type":"Feature","geometry":{"type":"MultiPolygon","coordinates":[[[[103.80888715874869,1.313967444836648],[103.81165239211258,1.3118875855866334],[103.8119751807413,1.311556174908799],[103.8122478642297,1.3114597810066273],[103.81226527636234,1.3122058458206554],[103.81235908965938,1.3127140914090116],[103.81134795686877,1.3136931197931083],[103.81080288037722,1.3144956119056987],[103.81052409867304,1.3152158453449232],[103.8101226962478,1.315433657839003],[103.80962382458699,1.3160109180943775],[103.80930886559509,1.3158151020368185],[103.80903767514194,1.3148661324256152],[103.80888715874869,1.313967444836648]]],[[[103.8172015519254,1.314909738676205],[103.81675650925045,1.3150016698358198],[103.81645427140639,1.3148180311281839],[103.81587352188804,1.3148646073149175],[103.8157050539086,1.3144361271942187],[103.81563775160906,1.314052882296043],[103.81573491673461,1.313606893746008],[103.81551567632702,1.3129225006584317],[103.81541066596401,1.3123574962687155],[103.81515007759856,1.3117443939135314],[103.81449897485955,1.3114582164330848],[103.81433983334047,1.311034212890301],[103.81391081039175,1.3112678341034647],[103.81338495255437,1.3117254601672743],[103.81295656059159,1.3116863546790862],[103.81245469242083,1.311872066320457],[103.81278554455622,1.3099932125965548],[103.81303053707977,1.309586342747583],[103.81364025084679,1.3091022638377499],[103.81407692196616,1.3085052083967499],[103.81470220369887,1.3071425878657577],[103.81496195109575,1.3068020612095392],[103.81600291366911,1.306943992416782],[103.81633943858844,1.306804992970007],[103.8174175520188,1.3067522303956998],[103.81871617800161,1.30699568970395],[103.81879352324238,1.3071393747184976],[103.81867105694494,1.3078555720756546],[103.81838809820658,1.3085736567783695],[103.81797405921577,1.3092698568212426],[103.81779152143184,1.3099180844102514],[103.81766282243551,1.3109132709303633],[103.81720501341583,1.3116427674480031],[103.8170213150201,1.3123231577815104],[103.81702906909425,1.3128021889484642],[103.81718758444184,1.3141354541191372],[103.81713097696908,1.314649873553171],[103.8172015519254,1.314909738676205]]]]},"properties":{"OBJECTID_1":163494,"L_CODE":"SBGLC0001","NAME":"SBG LC ZONE 1 (TNC)","N_RESERVE":0,"INC_CRC":"E3B64A4C3F568F9E","FMEL_UPD_D":"20260115000106","SHAPE_1.AREA":410091.772095155,"SHAPE_1.LEN":5015.34014949102}},
{"type":"Feature","geometry":{"type":"Polygon","coordinates":[[[103.83248755959498,1.3537200395630538],[103.83257199763665,1.3538953334487458],[103.83189120012,1.3541538628858185],[103.83146621535909,1.353720572563128],[103.83204572679067,1.3531605452813094],[103.83248755959498,1.3537200395630538]]]},"properties":{"OBJECTID_1":163495,"L_CODE":"NA543","NAME":"SOO CHOW WALK PG","N_RESERVE":0,"INC_CRC":"5C123D2D3356E55F","FMEL_UPD_D":"20260115000106","SHAPE_1.AREA":7809.93056645,"SHAPE_1.LEN":359.124061954183}},
{"type":"Feature","geometry":{"type":"Polygon","coordinates":[[[103.84271415788118,1.3537431930765187],[103.84246788520989,1.353147326407417],[103.84297123296298,1.3529091130556903],[103.84291920022042,1.3536996543588182],[103.84271415788118,1.3537431930765187]]]},"properties":{"OBJECTID_1":163496,"L_CODE":"NA542","NAME":"PEMIMPIN PLACE PG","N_RESERVE":0,"INC_CRC":"3C9808E5251CF4E5","FMEL_UPD_D":"20260115000106","SHAPE_1.AREA":3480.98138915,"SHAPE_1.LEN":249.325481612957}},
{"type":"Feature","geometry":{"type":"Polygon","coordinates":[[[103.90071363369974,1.3782064989674112],[103.90059036183908,1.3792224690558261],[103.89741905191045,1.3787702685710896],[103.89727215991044,1.3785512401901983],[103.89693113840741,1.3786360271427485],[103.89687292716245,1.3775553919019545],[103.89679303111856,1.3770665221738907],[103.89650533800138,1.3764918239266082],[103.89657100001465,1.3762773161532817],[103.89754677615538,1.3752168611132074],[103.89833113187379,1.37457020526109],[103.8987710904056,1.3750957342652474],[103.89959824401173,1.375271566622648],[103.89962917343267,1.3763993433831136],[103.8998463863872,1.3768603918200506],[103.90078825291086,1.3775968174109001],[103.90071363369974,1.3782064989674112]]]},"properties":{"OBJECTID_1":163449,"L_CODE":"NP500","NAME":"PUNGGOL PK","N_RESERVE":0,"INC_CRC":"26683B4F47D32FBF","FMEL_UPD_D":"20260115000106","SHAPE_1.AREA":155132.35682121,"SHAPE_1.LEN":1826.14412753916}},
{"type":"Feature","geometry":{"type":"Polygon","coordinates":[[[103.80195351089168,1.3223233198688942],[103.80160333665988,1.3216945315505784],[103.80186798055873,1.3218065477179677],[103.80201653531857,1.3221854304048999],[103.80195351089168,1.3223233198688942]]]},"properties":{"OBJECTID_1":163450,"L_CODE":"WB547","NAME":"VICTORIA PARK PLAYGROUND","N_RESERVE":0,"INC_CRC":"78EF08E9C1690B54","FMEL_UPD_D":"20260115000106","SHAPE_1.AREA":1688.810483425,"SHAPE_1.LEN":205.499232540805}},
{"type":"Feature","geometry":{"type":"Polygon","coordinates":[[[103.75923917444419,1.3584450244203614],[103.75934856459718,1.3586616129307496],[103.7587985716968,1.3589499522539108],[103.75867508836193,1.3584445366798312],[103.75923917444419,1.3584450244203614]]]},"properties":{"OBJECTID_1":163451,"L_CODE":"WB529","NAME":"CHU YEN PLAYGROUND","N_RESERVE":0,"INC_CRC":"0FEF1492DD8C4585","FMEL_UPD_D":"20260115000106","SHAPE_1.AREA":2957.245582745,"SHAPE_1.LEN":220.017450701032}},
{"type":"Feature","geometry":{"type":"Polygon","coordinates":[[[103.82861506017466,1.3820260678947758],[103.82880587268495,1.381959841678718],[103.82917027262528,1.381464810572403],[103.82978394476154,1.3817870283982376],[103.82966143277454,1.3819785454161568],[103.82960821188561,1.3820391277856685],[103.82910310213204,1.3826141054076868],[103.82861506017466,1.3820260678947758]]]},"properties":{"OBJECTID_1":163452,"L_CODE":"NA519","NAME":"TEACHER`S ESTATE PG","N_RESERVE":0,"INC_CRC":"A9B39AD876A48159","FMEL_UPD_D":"20260115000106","SHAPE_1.AREA":7811.92838062,"SHAPE_1.LEN":374.000694366608}},
{"type":"Feature","geometry":{"type":"Polygon","coordinates":[[[103.71680676135546,1.3392354110116624],[103.71668398223957,1.3394308921610578],[103.71745620594153,1.3399290067576535],[103.71764788835648,1.340266668715205],[103.71660790740954,1.3394176956740413],[103.71680676135546,1.3392354110116624]]]},"properties":{"OBJECTID_1":163453,"L_CODE":"WJ517","NAME":"LAKESIDE GROVE FITNESS CORNER","N_RESERVE":0,"INC_CRC":"60EDC6E4F15F4A60","FMEL_UPD_D":"20260115000106","SHAPE_1.AREA":1820.12857965,"SHAPE_1.LEN":375.502668573862}},
{"type":"Feature","geometry":{"type":"MultiPolygon","coordinates":[[[[103.87760041245943,1.3437989851143977],[103.877443959204,1.343526440623586],[103.87838892032416,1.3432307893265425],[103.87760041245943,1.3437989851143977]]],[[[103.87130192471129,1.3344039032223927],[103.87176420985128,1.3346906247145693],[103.87225270269018,1.3353373550534098],[103.87211350924487,1.3354135065529473],[103.8716874878582,1.3348336077315635],[103.87129873386515,1.334575164557992],[103.87084046002302,1.3344114274228056],[103.87034717290807,1.334417625315713],[103.87012196879168,1.3341397311111842],[103.87130192471129,1.3344039032223927]]]]},"properties":{"OBJECTID_1":163454,"L_CODE":"NP550","NAME":"GREENWAY SOUTH","N_RESERVE":0,"INC_CRC":"6FEDCE4DCCF5E833","FMEL_UPD_D":"20260504001824","SHAPE_1.AREA":14112.44059588,"SHAPE_1.LEN":1740.41017912637}},
{"type":"Feature","geometry":{"type":"Polygon","coordinates":[[[103.92364110779097,1.3208530444427038],[103.9240372112299,1.3210390077606722],[103.92369172600732,1.3215031488281368],[103.92364110779097,1.3208530444427038]]]},"properties":{"OBJECTID_1":163455,"L_CODE":"EK520","NAME":"BANGSAWAN PK","N_RESERVE":0,"INC_CRC":"D850A43922D1D0EC","FMEL_UPD_D":"20260115000106","SHAPE_1.AREA":1981.785779635,"SHAPE_1.LEN":200.52838701514}},
{"type":"Feature","geometry":{"type":"Polygon","coordinates":[[[103.93436789004765,1.4279233971480056],[103.93371148602739,1.4281024618112235],[103.93334948110821,1.427513683471265],[103.9329324690978,1.4272370481616885],[103.93272906850866,1.4269216425151083],[103.93239853732116,1.426651650397405],[103.93139763004352,1.4263870137639483],[103.93048284357036,1.426072207125206],[103.93030986425693,1.4256271604703816],[103.92992314214051,1.4250805701442513],[103.92917922227176,1.4243291764843733],[103.92839138859607,1.424011208291551],[103.92826791697512,1.4238793211670187],[103.92704142979242,1.4238262674857614],[103.92665526551791,1.4234946082399518],[103.92660759228568,1.42294882730952],[103.9263854461298,1.4223757869247395],[103.92698978229072,1.4221290422419193],[103.92728722885175,1.4217986763456807],[103.92748234067246,1.4218287655369863],[103.92742122674902,1.421140683712252],[103.92760368304964,1.4206451216619085],[103.92813654198234,1.4203265831983156],[103.92826259804269,1.4199154465912163],[103.92806844823882,1.4194750200419786],[103.92855850039103,1.4196513505049957],[103.92856728702412,1.4194156099294701],[103.92825814825746,1.4192329586447059],[103.92838120913451,1.418994953343477],[103.92877407846623,1.419159974206224],[103.92911365516923,1.4187320066380187],[103.92964976740166,1.4184174559657536],[103.93010477380442,1.4177330785413418],[103.9306570042671,1.417175642312842],[103.93088815911622,1.4172313231771536],[103.93158159870052,1.416996530199568],[103.9317446886359,1.417358602880263],[103.93215326515704,1.4175017640557899],[103.93261707926168,1.417487617045436],[103.93343751567721,1.4170777614833303],[103.93367371951415,1.4171077036868382],[103.93391806772297,1.4165861290684376],[103.93414172951941,1.4158160907749358],[103.93479669446337,1.4154994447116684],[103.93572831324717,1.4155114134413656],[103.93693359868735,1.4151893161056912],[103.93725274381708,1.41504149274237],[103.93749939871928,1.4144826498333658],[103.93772716928315,1.414215372399678],[103.93809145014505,1.414287216523015],[103.93895269917321,1.4142782150154043],[103.93920571941756,1.4140025899325857],[103.9402394799164,1.4132331740639983],[103.94077041330677,1.4129360754231464],[103.94062238694656,1.4126870299557401],[103.94244238654441,1.4118438348255276],[103.94253367252841,1.4120486260716039],[103.9433620991862,1.411663737202293],[103.94354709061633,1.4114312286002502],[103.94394261295777,1.4112711782794554],[103.94467067314707,1.411162011219862],[103.94500492432799,1.411318879337046],[103.94559132284532,1.41095146915264],[103.94606918985478,1.4104089687493535],[103.9465520759147,1.4101223229367212],[103.94738423244806,1.409745383697111],[103.94790552756845,1.4097042700590499],[103.94815304651799,1.40998953159736],[103.94859558812577,1.409658778027488],[103.9486717638546,1.4089850153932453],[103.94944863635027,1.407578737771827],[103.94965966858514,1.4070361198618517],[103.95018054447496,1.4060051479891744],[103.95049491717936,1.4055575000218579],[103.95099811922422,1.405480658048613],[103.95164515825388,1.4056027954292096],[103.95348104111827,1.4057797028455952],[103.95415493260147,1.4054293180210387],[103.95453549212657,1.4050856406276884],[103.95514483183838,1.4033985305293786],[103.95523125020662,1.4034339860319915],[103.95473748013296,1.4048309707852689],[103.95507643810569,1.4045616421845535],[103.95503376694892,1.4042620573352789],[103.9553994754094,1.4036430928208803],[103.95540166122525,1.4033401404913233],[103.95561226025714,1.4027943017608606],[103.95611341440453,1.402577888671672],[103.95615514929071,1.4021528544395718],[103.95656832132393,1.401555980842252],[103.95762935015009,1.4002542130206175],[103.95797412886228,1.400151667091066],[103.95811548756237,1.3996840863348095],[103.95844150747763,1.3994638838670745],[103.95932203262225,1.399431125672929],[103.96044517781768,1.3994671035170079],[103.96223800649362,1.3998199322379061],[103.96227842104604,1.3997385374440987],[103.96399943924642,1.4003355554372556],[103.96570180080597,1.4009610749951578],[103.96598978383881,1.4008479681867934],[103.96674725591508,1.400959432696591],[103.96738925701655,1.4008821859557932],[103.96774609054702,1.4011097705781739],[103.96833666025817,1.4012004863747212],[103.96885943333916,1.4019056309765507],[103.96912601655123,1.402072160837514],[103.96911535955314,1.402324461131074],[103.9696387616454,1.4023533230613865],[103.97037510706411,1.4025765042355165],[103.9707196129514,1.4021014228551476],[103.9712479268198,1.4023333566810225],[103.97150591541634,1.4025477130046753],[103.97179905514471,1.4024941682302514],[103.97227872932534,1.4027003701904737],[103.97258653303946,1.4032254691965265],[103.97287690563029,1.403467513139395],[103.97349649684496,1.4033365523769241],[103.97375692056269,1.4037562597814623],[103.97393000833402,1.403809949384869],[103.97433320936622,1.4045430635057097],[103.9741055979665,1.4051285427140705],[103.97450344616269,1.4054525602373236],[103.97654107956986,1.4063717547149401],[103.97684280246303,1.4064739198338638],[103.97707011491076,1.4067402048446118],[103.97775312483255,1.407134191641275],[103.9786323466132,1.4075143029679482],[103.97894523403212,1.4078101179212565],[103.97906304995993,1.4074365913115243],[103.97986782506064,1.4076814053628426],[103.98041976650714,1.4076275970913859],[103.98089996259792,1.407232831082803],[103.98154420700558,1.4071921561400111],[103.98205082580381,1.4073116720712049],[103.98250376290466,1.4075650629835654],[103.98296967964852,1.4075575168047458],[103.98390583602382,1.4067973996527836],[103.98409845314335,1.406740627641329],[103.98488130005924,1.4072329468180005],[103.98603486697141,1.407614979819762],[103.98672201475038,1.4076406454170796],[103.98703598933308,1.4079342705413154],[103.98722556843884,1.407892783974958],[103.98751721792823,1.4074215112666597],[103.98829734325858,1.4073464153919237],[103.98859397603437,1.4079220391879377],[103.98889330568267,1.4082277020512217],[103.98925611085613,1.4080141219410842],[103.98983139856385,1.4082522012991916],[103.99020277611424,1.4081597233968657],[103.99037725267048,1.4078761674035405],[103.99071760640383,1.4078475755601794],[103.99123684384838,1.407865790229855],[103.99156699969677,1.4075860128212252],[103.9922819424683,1.4076545867718364],[103.99245786607534,1.407778082306537],[103.9925803365738,1.4080851693908947],[103.99258376062971,1.4083567567468536],[103.99248158081615,1.408590432431158],[103.99287546009268,1.4089140750355655],[103.9927038633493,1.4091256176711127],[103.99229469832981,1.4087894136173298],[103.9915570687073,1.4094131825950804],[103.9909444910093,1.4093322859303494],[103.99075555698205,1.4098541329116923],[103.99112536730132,1.4099974669531818],[103.99078880514502,1.4103849812449623],[103.99097877811083,1.4105065315431184],[103.99072698234606,1.4108346416537878],[103.99102078992487,1.4126866434588552],[103.99133793164492,1.4129434511184458],[103.99123965368172,1.4137030636866725],[103.99164547255148,1.4140697323491351],[103.99194679248285,1.415044170897757],[103.99154612762136,1.4153930618118507],[103.99155070047685,1.4158166937848569],[103.99139598581041,1.416134945236107],[103.99131488874686,1.4166949624558938],[103.98985968244855,1.417865778243761],[103.98978588466635,1.418057987005828],[103.98904579191112,1.4181664980861624],[103.98883146124705,1.4183133165310569],[103.988409356367,1.418249298213045],[103.98801590209224,1.4184032287930346],[103.9876101050275,1.4180451382887784],[103.98736464971067,1.4180929601439332],[103.98680916412428,1.4179859734230746],[103.98630256064423,1.4181379135308274],[103.9863401971953,1.4184692950040565],[103.9858776455268,1.4186714060318137],[103.98596491230047,1.4190237120320872],[103.98570993500428,1.4191064598629408],[103.98556773815437,1.4187608226252364],[103.98466678923795,1.4182230777588754],[103.98430604556735,1.4182476358676228],[103.98361189288086,1.417888378783627],[103.98217393955049,1.4176074421244795],[103.98149269066874,1.4179637680981694],[103.98089505724339,1.417944561708358],[103.98070302440019,1.4178497255495146],[103.98022126953991,1.4179104823840276],[103.97967423020883,1.41765020598857],[103.97865405601148,1.4176337750967138],[103.97723129635575,1.4178906316002755],[103.97688836497377,1.4181156842818923],[103.97640185144928,1.4181111213416961],[103.97548754442396,1.4184580185991091],[103.97481208755482,1.418182908373776],[103.97425360803764,1.4181934242016756],[103.97362503684066,1.4183207152870818],[103.97341268440894,1.4178810097284797],[103.9732388239907,1.417248473903761],[103.97275713345422,1.4167507598925335],[103.97045228059815,1.4155445996673797],[103.96951864528376,1.4157756551485685],[103.96719511337939,1.4164369509714059],[103.96614211036649,1.4169103474998517],[103.96550105319884,1.417754332734704],[103.96552367757846,1.4187006706764071],[103.96593791066371,1.4187952556966086],[103.9670779893022,1.4189000322831413],[103.96782337217073,1.4188374513057038],[103.96890200404081,1.418917424843542],[103.96865552419554,1.4191291232307899],[103.96788268136854,1.4190205457493295],[103.96664261616512,1.4190747349823347],[103.96568552834304,1.4188757041486864],[103.96496662148952,1.4188304369095224],[103.96402750788353,1.418640456992394],[103.96345226155402,1.4182063056264012],[103.96307479128708,1.418025409413485],[103.96140325702474,1.4176635413708212],[103.96059452649484,1.4177584447357043],[103.95990713338722,1.4179121517914672],[103.95824021138353,1.4179256003176006],[103.95755722573233,1.4178125197252605],[103.95649593825327,1.4179262912346875],[103.95632179190798,1.4177507187029899],[103.95587747594018,1.4177333976536335],[103.95554724546497,1.4189333478347297],[103.95464733864422,1.4192983154586896],[103.95425073961718,1.41932483416047],[103.95399951562013,1.4192091785734846],[103.9534404756551,1.4191708728558419],[103.95330186148684,1.418684025900963],[103.9528125105626,1.418889142578895],[103.95235763150438,1.4189606921592832],[103.95092595239026,1.419745825295822],[103.9498735713024,1.4202752363691236],[103.94950136998797,1.4205086629242412],[103.94912064004322,1.4212823457868178],[103.949115898839,1.4215117917172702],[103.94808967637546,1.4226266675579904],[103.94667891699117,1.4231152931224313],[103.94641630244284,1.4234624264945195],[103.94602817245618,1.4236155731109779],[103.94575635422683,1.423866320860733],[103.9451676487924,1.4239939633096899],[103.94485968741289,1.4238905835030258],[103.94373156207814,1.4242388166768578],[103.9429414550649,1.4243371596986059],[103.94224763818977,1.4247815050526613],[103.94196977982378,1.424837354481575],[103.94141698225422,1.425154495265339],[103.94024316626607,1.4256066049170641],[103.9396184457301,1.4257415739165613],[103.93927238792396,1.4260956206747568],[103.93903367621304,1.4260688535497288],[103.93830703316911,1.4265081538786044],[103.93751630185339,1.4267165270882598],[103.93730062675868,1.4268389613408428],[103.93661030919573,1.4269884204222438],[103.93552330323247,1.4276256377975534],[103.93494162782379,1.4276157437854564],[103.93436789004765,1.4279233971480056]],[[103.97106394879984,1.4030240139187542],[103.97135370616871,1.4030441097337534],[103.97137405945878,1.402745099517583],[103.97108431111283,1.4027250037008916],[103.97106394879984,1.4030240139187542]],[[103.99155341807844,1.4093911363439808],[103.99235431419913,1.4087153695310264],[103.99256266168197,1.4083529870141662],[103.99255922918267,1.4080893571263482],[103.99244032668184,1.4077915322557422],[103.99227425198458,1.4076748359308446],[103.99157822509409,1.4076041083089517],[103.99124676549897,1.407885305654178],[103.99071706868565,1.4078689094624184],[103.99084516701434,1.408085657896554],[103.99112779138353,1.4081235765888167],[103.99174251150022,1.4077329322851477],[103.99219238720994,1.4078808358746016],[103.99216245898332,1.4083310475743964],[103.99200387278134,1.4086623437826713],[103.9916652714578,1.4089609424865028],[103.99110474743239,1.409248277101633],[103.99155341807844,1.4093911363439808]],[[103.93049013878591,1.425825958842076],[103.93064571471065,1.4258754751230922],[103.9309092330284,1.424988492252123],[103.93114205922855,1.4245986116265705],[103.93195617134174,1.4235109541660567],[103.93246355879349,1.4236966150804207],[103.93367822719219,1.4243223810405172],[103.93384081810959,1.4241172916344265],[103.93384040751785,1.423558568378628],[103.93402536503923,1.422749835023533],[103.93380579996972,1.422246086717317],[103.93329578971928,1.4220591139671248],[103.93283235097672,1.4222772211348589],[103.93249777011559,1.423112866590533],[103.93222536471389,1.4231581507464275],[103.93184117828083,1.423497439796551],[103.93107332417551,1.4245531703437384],[103.93083467551446,1.4249528083784162],[103.93063033079164,1.425681607578915],[103.93049013878591,1.425825958842076]]]},"properties":{"OBJECTID_1":163456,"L_CODE":"NRNP21","NAME":"PULAU UBIN AND CHEK JAWA","N_RESERVE":0,"INC_CRC":"15C9D1EAF8FE0BE0","FMEL_UPD_D":"20260115000106","SHAPE_1.AREA":10025197.2355771,"SHAPE_1.LEN":25044.7320023676}},
{"type":"Feature","geometry":{"type":"Polygon","coordinates":[[[103.92786891741811,1.3190714331746745],[103.9282320750052,1.3192450362408559],[103.9279736139818,1.3196697713841334],[103.92762178383656,1.3196011798201077],[103.92786891741811,1.3190714331746745]]]},"properties":{"OBJECTID_1":163457,"L_CODE":"EK521","NAME":"AIDA PK","N_RESERVE":0,"INC_CRC":"ED694077C01319E8","FMEL_UPD_D":"20260115000106","SHAPE_1.AREA":2428.9031335,"SHAPE_1.LEN":204.808866562674}},
{"type":"Feature","geometry":{"type":"Polygon","coordinates":[[[103.86736431358096,1.3469149466080232],[103.86765174897904,1.3470987265598284],[103.86726219063077,1.3473977519650615],[103.86714002088188,1.34730557182124],[103.86736431358096,1.3469149466080232]]]},"properties":{"OBJECTID_1":163458,"L_CODE":"NA528","NAME":"JLN RIANG PG","N_RESERVE":0,"INC_CRC":"DD35983F6B8E0784","FMEL_UPD_D":"20260115000106","SHAPE_1.AREA":1697.63967676,"SHAPE_1.LEN":175.112256310793}},
{"type":"Feature","geometry":{"type":"Polygon","coordinates":[[[103.9884607639121,1.3904104120985505],[103.98954231667915,1.3899507188807256],[103.98995525240078,1.3899140819328832],[103.98851129359481,1.3905362089609303],[103.9884607639121,1.3904104120985505]]]},"properties":{"OBJECTID_1":163459,"L_CODE":"EC593","NAME":"CHANGI POINT PROMENADE","N_RESERVE":0,"INC_CRC":"6E8C90C2A26B4632","FMEL_UPD_D":"20260115000106","SHAPE_1.AREA":2976.349301425,"SHAPE_1.LEN":485.328220001958}},
{"type":"Feature","geometry":{"type":"Polygon","coordinates":[[[103.9609011566609,1.3461321210648602],[103.96081249123158,1.346217027255483],[103.95992646293958,1.3464922530506416],[103.95978751365828,1.346046011799154],[103.96042482194034,1.3457964197033874],[103.96058121422793,1.3461054772881258],[103.9609011566609,1.3461321210648602]]]},"properties":{"OBJECTID_1":163460,"L_CODE":"EC515","NAME":"JLN PELATOK PG","N_RESERVE":0,"INC_CRC":"3043F6F4B6510917","FMEL_UPD_D":"20260115000106","SHAPE_1.AREA":5034.48863095,"SHAPE_1.LEN":335.925302644376}},
{"type":"Feature","geometry":{"type":"Polygon","coordinates":[[[103.86341878176182,1.384336286871381],[103.86278655823857,1.3847685266147842],[103.86207256992576,1.3849411333140587],[103.86212725675122,1.3841545620047202],[103.86242607075276,1.3842914067046004],[103.86259161089218,1.383927940739404],[103.86283516106344,1.3839491179099934],[103.86365135178234,1.3836811083095326],[103.86370333801032,1.38396728460133],[103.86341878176182,1.384336286871381]]]},"properties":{"OBJECTID_1":163461,"L_CODE":"NP518","NAME":"MIMOSA RD PG","N_RESERVE":0,"INC_CRC":"3A3F40E92D88890D","FMEL_UPD_D":"20260115000106","SHAPE_1.AREA":14721.922071515,"SHAPE_1.LEN":629.534744990792}},
{"type":"Feature","geometry":{"type":"Polygon","coordinates":[[[103.75234524577237,1.372965428024552],[103.7516298229741,1.3717926468515915],[103.75172650213106,1.371733858414344],[103.75226875872646,1.3726397858769048],[103.75295774722058,1.3726227982039712],[103.75234524577237,1.372965428024552]]]},"properties":{"OBJECTID_1":163462,"L_CODE":"WB541","NAME":"PAVILION PARK PLAYGROUND","N_RESERVE":0,"INC_CRC":"117F2DE764505119","FMEL_UPD_D":"20260115000106","SHAPE_1.AREA":4356.19236895,"SHAPE_1.LEN":739.834656495973}},
{"type":"Feature","geometry":{"type":"Polygon","coordinates":[[[103.9055943667581,1.3213108712660941],[103.90541539671264,1.3215576810314118],[103.90539339717944,1.3211736019307463],[103.9055943667581,1.3213108712660941]]]},"properties":{"OBJECTID_1":163463,"L_CODE":"PKER012","NAME":"JLN YASIN INTERIM PK","N_RESERVE":0,"INC_CRC":"9E1DAC043B82FDF0","FMEL_UPD_D":"20260115000106","SHAPE_1.AREA":1033.38628762,"SHAPE_1.LEN":155.74626896332}},
{"type":"Feature","geometry":{"type":"Polygon","coordinates":[[[103.72802709613764,1.42204535466568],[103.72712765458802,1.422441631900157],[103.72706145125593,1.4227319300410288],[103.72621665893458,1.4231638946476832],[103.72595303641559,1.4226556126244072],[103.7263825396237,1.4223583688106745],[103.72662127631784,1.41805612036479],[103.72844720554123,1.4174320459728127],[103.72835133542873,1.4170900768578785],[103.72796358886654,1.4164954001761512],[103.72665424840768,1.416853234062135],[103.72435740384182,1.417444049468381],[103.72286834773888,1.418484725762967],[103.72088859235335,1.41883773350002],[103.72076297779164,1.418952535224304],[103.72063679274055,1.4201040533612785],[103.71994619377763,1.4202185396564009],[103.719886368061,1.420043327394621],[103.72082021646845,1.4186452855054774],[103.72274085017219,1.4183277169279547],[103.72299966174037,1.4181459543588357],[103.7225711775743,1.41752509453029],[103.72257488589898,1.4172254867396021],[103.72341127039215,1.4172295168791949],[103.72425849141395,1.4168590417666962],[103.72454574612594,1.4165132208882163],[103.72537189594316,1.4157896197888926],[103.72556687128365,1.415689857855892],[103.72622960975441,1.4156759570533797],[103.72641759519693,1.4153942840414182],[103.72693157280541,1.4152197948292864],[103.72734259720187,1.4153698275886255],[103.72807967394942,1.4155129061762368],[103.72875656502032,1.4155418141878835],[103.72897620253252,1.4157095743307047],[103.72946912821016,1.4151462918459399],[103.73108433235446,1.4167415428151457],[103.73163346199257,1.4170985253404815],[103.73256151089161,1.4179907369554519],[103.7334683578328,1.418768800489844],[103.73476128725581,1.4199501247090989],[103.73412352119941,1.4209285035681163],[103.73387100095611,1.4215336829969658],[103.73191565767871,1.4224832593911019],[103.73002349099515,1.421855095242076],[103.72802709613764,1.42204535466568]]]},"properties":{"OBJECTID_1":163464,"L_CODE":"NRNP29","NAME":"KRANJI MARSHES","N_RESERVE":0,"INC_CRC":"CD48F4231EF5051A","FMEL_UPD_D":"20260115000106","SHAPE_1.AREA":567203.50583827,"SHAPE_1.LEN":5521.40755284305}},
{"type":"Feature","geometry":{"type":"MultiPolygon","coordinates":[[[[103.86695746758595,1.3786862472930415],[103.86725531910525,1.3788455449620107],[103.86728978429916,1.3795714657387963],[103.86681519129067,1.378767829279779],[103.86695746758595,1.3786862472930415]]],[[[103.86669115072355,1.3787264590889936],[103.86669164321539,1.3787317423769205],[103.86669187057576,1.3787332698446213],[103.86665376487112,1.3788053310146733],[103.86665014738905,1.378882559234947],[103.86664937574338,1.378899033141615],[103.8666477578925,1.3789335717323838],[103.86662483131691,1.379424384901765],[103.86631079104801,1.3795252873917103],[103.86490047507552,1.379401652034916],[103.86506672173205,1.3785663122244014],[103.8666638286958,1.3786617838778605],[103.86666392215635,1.3786624232619387],[103.86666476599696,1.3786681813360615],[103.86666518836654,1.378671059920934],[103.86666608163341,1.3786771571308845],[103.86666630811311,1.3786799733173953],[103.8666699259644,1.378693943882517],[103.86667018208459,1.3786958665569122],[103.86668631055727,1.3786941787862685],[103.8666875030281,1.3786987602778162],[103.86668812762774,1.3787053024386624],[103.86668926802864,1.3787132843398293],[103.86669115072355,1.3787264590889936]]]]},"properties":{"OBJECTID_1":163465,"L_CODE":"PDAMKLP(401473","NAME":"ANG MO KIO LINEAR PARK (PLOT 4)","N_RESERVE":0,"INC_CRC":"84948DC6279A1B9C","FMEL_UPD_D":"20260422000213","SHAPE_1.AREA":20479.0874137,"SHAPE_1.LEN":869.360587457026}},
{"type":"Feature","geometry":{"type":"Polygon","coordinates":[[[103.82615393174028,1.4273717776230839],[103.8262470788065,1.4277002157273548],[103.82606131263832,1.4277536268716065],[103.8259903695629,1.4275034515733176],[103.82615393174028,1.4273717776230839]]]},"properties":{"OBJECTID_1":163466,"L_CODE":"NS518","NAME":"PLATINA RD PG","N_RESERVE":0,"INC_CRC":"ACC87DCBC272EAA1","FMEL_UPD_D":"20260115000106","SHAPE_1.AREA":799.84541463,"SHAPE_1.LEN":115.749945188483}},
{"type":"Feature","geometry":{"type":"Polygon","coordinates":[[[103.87419257977442,1.3990798534117908],[103.87375343358019,1.3991497077981847],[103.87360400774382,1.39878819003469],[103.87419257977442,1.3990798534117908]]]},"properties":{"OBJECTID_1":163467,"L_CODE":"NP547","NAME":"LORONG TANGGAM PK","N_RESERVE":0,"INC_CRC":"5554FD0B3E448EE3","FMEL_UPD_D":"20260115000106","SHAPE_1.AREA":1763.124167465,"SHAPE_1.LEN":190.962632740937}},
{"type":"Feature","geometry":{"type":"Polygon","coordinates":[[[103.89993828271946,1.3081339383219452],[103.90034972566194,1.3071490666262617],[103.90153251592719,1.3050383391750748],[103.90032575099738,1.307434041450523],[103.89993828271946,1.3081339383219452]]]},"properties":{"OBJECTID_1":166769,"L_CODE":"EK593","NAME":"HAIG WALK (GEYLANG RD-DUNMAN RD)","N_RESERVE":0,"INC_CRC":"628069339119D551","FMEL_UPD_D":"20260115000106","SHAPE_1.AREA":4139.67560004,"SHAPE_1.LEN":1166.48657415406}},
{"type":"Feature","geometry":{"type":"Polygon","coordinates":[[[103.76154731680903,1.3553934902478098],[103.76047126539007,1.3554840480194252],[103.76047167778349,1.3552150450609437],[103.76121729602426,1.3552612533684705],[103.76154731680903,1.3553934902478098]]]},"properties":{"OBJECTID_1":166770,"L_CODE":"WB539","NAME":"HILLVIEW CRESCENT PLAYGROUND","N_RESERVE":0,"INC_CRC":"0CF2B55A662A38A1","FMEL_UPD_D":"20260115000106","SHAPE_1.AREA":2905.352911015,"SHAPE_1.LEN":334.067900438498}},
{"type":"Feature","geometry":{"type":"MultiPolygon","coordinates":[[[[103.8547652452139,1.3513144120929703],[103.85460013321202,1.3516163319782863],[103.85421333202605,1.3520226029582267],[103.85413404513478,1.352301120735124],[103.8536537580377,1.35281188268849],[103.85245024498276,1.3546751272856814],[103.85234082534707,1.3544938664047865],[103.85347098030554,1.352711490734296],[103.8547652452139,1.3513144120929703]]],[[[103.85509223687303,1.3512053030337],[103.85480975603299,1.3512666033797045],[103.85593180757401,1.3500143017189983],[103.85580214941248,1.3494248472763701],[103.85658077843168,1.3492501357098463],[103.85654477664218,1.349442140750074],[103.85603546624849,1.3502566577357553],[103.85509223687303,1.3512053030337]]]]},"properties":{"OBJECTID_1":166771,"L_CODE":"CN708","NAME":"KALLANG LINEAR PARK","N_RESERVE":0,"INC_CRC":"1D59D24E233E480C","FMEL_UPD_D":"20260115000106","SHAPE_1.AREA":17832.008349335,"SHAPE_1.LEN":1607.06170111596}},
{"type":"Feature","geometry":{"type":"Polygon","coordinates":[[[103.8426682524448,1.3244011655575898],[103.84296780300461,1.324326096714984],[103.84303777890935,1.3245926570053723],[103.8430139691729,1.3253235700019739],[103.8426682524448,1.3244011655575898]]]},"properties":{"OBJECTID_1":166772,"L_CODE":"ST531","NAME":"NOVENA RISE PK","N_RESERVE":0,"INC_CRC":"C8CCB7473B092AE9","FMEL_UPD_D":"20260115000106","SHAPE_1.AREA":2162.6077944,"SHAPE_1.LEN":255.44242523055}},
{"type":"Feature","geometry":{"type":"Polygon","coordinates":[[[103.83576780758959,1.4393325395882053],[103.83324276379297,1.4382604484146828],[103.83320449257458,1.438150539276799],[103.83393600368414,1.4369494536887732],[103.83447947464202,1.4371704438091248],[103.83465957999249,1.4367217707594064],[103.83497052088828,1.4363849493143395],[103.83537325337011,1.4361991474515716],[103.8361478612318,1.4365340144405268],[103.83694517774263,1.4374446443174347],[103.83631148872861,1.438220471774607],[103.83585261265365,1.4393149595686585],[103.83576780758959,1.4393325395882053]]]},"properties":{"OBJECTID_1":166773,"L_CODE":"NS517","NAME":"YISHUN NEIGHBOURHOOD PK","N_RESERVE":0,"INC_CRC":"03C6DF05F69E3428","FMEL_UPD_D":"20260115000106","SHAPE_1.AREA":81346.086324885,"SHAPE_1.LEN":1208.69923345736}},
{"type":"Feature","geometry":{"type":"Polygon","coordinates":[[[103.84296006101427,1.3222149543042139],[103.84277779084402,1.3225562170011278],[103.84257134656718,1.3220923510774543],[103.84296006101427,1.3222149543042139]]]},"properties":{"OBJECTID_1":166774,"L_CODE":"ST520","NAME":"NOVENA PK","N_RESERVE":0,"INC_CRC":"542789588CC2060B","FMEL_UPD_D":"20260115000106","SHAPE_1.AREA":1678.48030615,"SHAPE_1.LEN":169.120940751313}},
{"type":"Feature","geometry":{"type":"Polygon","coordinates":[[[103.8176561848357,1.3224236831841094],[103.81745174534765,1.32225346327456],[103.81707333510408,1.3222473192694486],[103.81739062479159,1.321703809967477],[103.81777170566873,1.3212421342644918],[103.81848237991413,1.3218394886535016],[103.8186248373531,1.322300195449566],[103.8176561848357,1.3224236831841094]]]},"properties":{"OBJECTID_1":166775,"L_CODE":"SBGLC0004","NAME":"SBG LC ARBO/PRC/PRU","N_RESERVE":0,"INC_CRC":"6F96A2D769DC595C","FMEL_UPD_D":"20260115000106","SHAPE_1.AREA":13240.763116795,"SHAPE_1.LEN":506.999461323209}},
{"type":"Feature","geometry":{"type":"Polygon","coordinates":[[[103.8315078170391,1.291068569786855],[103.83151820725868,1.29053267844365],[103.83204504920857,1.2905178924014495],[103.832079256444,1.291020230928625],[103.8315078170391,1.291068569786855]]]},"properties":{"OBJECTID_1":166776,"L_CODE":"WT512","NAME":"GANGES AVE OS","N_RESERVE":0,"INC_CRC":"E0B92F57F3B99ECB","FMEL_UPD_D":"20260115000106","SHAPE_1.AREA":3395.091960165,"SHAPE_1.LEN":244.294538479126}},
{"type":"Feature","geometry":{"type":"Polygon","coordinates":[[[103.81735039892742,1.325688750312015],[103.81730209607919,1.3252962177858434],[103.81801118959201,1.325212405792263],[103.81792593316287,1.325621141878095],[103.81735039892742,1.325688750312015]]]},"properties":{"OBJECTID_1":166777,"L_CODE":"WB505","NAME":"UNIVERSITY RD PK","N_RESERVE":0,"INC_CRC":"E42098E001041CA6","FMEL_UPD_D":"20260115000106","SHAPE_1.AREA":3321.6655642,"SHAPE_1.LEN":238.916538953496}},
{"type":"Feature","geometry":{"type":"Polygon","coordinates":[[[103.95339705084272,1.3272429258809748],[103.95300158527277,1.3276371595472596],[103.95267652122386,1.3276382081401323],[103.9531096232048,1.3270670006798726],[103.95339705084272,1.3272429258809748]]]},"properties":{"OBJECTID_1":166778,"L_CODE":"EC519","NAME":"BEDOK RIA CRESCENT PG","N_RESERVE":0,"INC_CRC":"C7A310F5F3A3122D","FMEL_UPD_D":"20260422000213","SHAPE_1.AREA":3077.944328,"SHAPE_1.LEN":290.471683875656}},
{"type":"Feature","geometry":{"type":"Polygon","coordinates":[[[103.90383659621473,1.3919049915932042],[103.90370451439921,1.3919103946125668],[103.90366457762224,1.3914729642614305],[103.90381197484326,1.3912882345596949],[103.90383659621473,1.3919049915932042]]]},"properties":{"OBJECTID_1":166779,"L_CODE":"NP533","NAME":"ST ANNE'S WOOD PG","N_RESERVE":0,"INC_CRC":"0A6E6F50C46AA06E","FMEL_UPD_D":"20260115000106","SHAPE_1.AREA":999.982348285,"SHAPE_1.LEN":180.168294217242}},
{"type":"Feature","geometry":{"type":"Polygon","coordinates":[[[103.93819716768581,1.307683086569262],[103.93814741618995,1.3076640771365202],[103.93749340490126,1.3094304181803498],[103.93678423964046,1.3090207747947111],[103.93618242428168,1.3082218083178863],[103.93642443638514,1.3074582290372203],[103.93638865024016,1.3073322463804724],[103.93574942794785,1.3067962710426628],[103.93520821219076,1.307444257747389],[103.9344653519955,1.3074299140191339],[103.93336072621439,1.3079585679785932],[103.9327820897618,1.3080401366606804],[103.9312719239509,1.3077559703789627],[103.93076410230483,1.3075919911930822],[103.93095950729023,1.30740326008907],[103.93040941093706,1.3068183365629868],[103.93052079174686,1.3065072863694414],[103.93010173134005,1.3061287171106926],[103.92970955141998,1.3064673594206382],[103.92924556641312,1.3063226501905922],[103.92923483368294,1.3054560542400604],[103.92924552931383,1.3053912905513345],[103.92935668087028,1.3047426668402606],[103.92936054795528,1.3047122565649703],[103.92943940589159,1.304659464933647],[103.93138082024603,1.3050117937590398],[103.93170003029701,1.3051731431659945],[103.93201407182539,1.3055156240638568],[103.93243713998827,1.3055063810038077],[103.93276303298687,1.3052418164414517],[103.93304894835595,1.3053555251282256],[103.93342758618046,1.305189382055627],[103.93436624683895,1.3057430570251298],[103.93486409189241,1.3058215165869702],[103.93506962644453,1.3056953884281008],[103.935336899093,1.30596929742243],[103.93634306498024,1.3063564746457035],[103.93671234504946,1.3062736423172474],[103.93721302035631,1.3065633885724188],[103.93809689477415,1.3068461315528126],[103.93837303475897,1.307034754741941],[103.93821809144747,1.3076233045673922],[103.93819716768581,1.307683086569262]],[[103.93540505278506,1.306768407245036],[103.9355543218068,1.3065206309128046],[103.9351421999927,1.3063830542991481],[103.93492534740611,1.3064669030381082],[103.93463279964519,1.3068235885882595],[103.9345944428362,1.3072803279928258],[103.93509988857055,1.3071472122804917],[103.93540505278506,1.306768407245036]]]},"properties":{"OBJECTID_1":166780,"L_CODE":"EE504","NAME":"EAST COAST PARK AREA E","N_RESERVE":0,"INC_CRC":"718A2E1343D80C7C","FMEL_UPD_D":"20260115000106","SHAPE_1.AREA":221134.07104096,"SHAPE_1.LEN":3491.54435038145}},
{"type":"Feature","geometry":{"type":"Polygon","coordinates":[[[103.8157050539086,1.3144361271942187],[103.81549181131773,1.31463003863497],[103.81514694133165,1.314649534233127],[103.8149330309576,1.3149797677380999],[103.81491979873829,1.3157381714484515],[103.81416448732259,1.3149919464231592],[103.81404226058584,1.3145933467586808],[103.81358685402222,1.3138792478083716],[103.81292353909869,1.313436646386093],[103.8127364089384,1.3132159708235187],[103.81240927527921,1.3125177533620076],[103.81245469242083,1.311872066320457],[103.81295656059159,1.3116863546790862],[103.81338495255437,1.3117254601672743],[103.81391081039175,1.3112678341034647],[103.81433983334047,1.311034212890301],[103.81449897485955,1.3114582164330848],[103.81515007759856,1.3117443939135314],[103.81541066596401,1.3123574962687155],[103.81551567632702,1.3129225006584317],[103.81573491673461,1.313606893746008],[103.81563775160906,1.314052882296043],[103.8157050539086,1.3144361271942187]]]},"properties":{"OBJECTID_1":166781,"L_CODE":"SBGLC0003","NAME":"SBG LC ZONE 3 (NOG/PV)","N_RESERVE":0,"INC_CRC":"1320219DC5A5669B","FMEL_UPD_D":"20260115000106","SHAPE_1.AREA":105443.359925665,"SHAPE_1.LEN":1472.12730851305}},
{"type":"Feature","geometry":{"type":"Polygon","coordinates":[[[103.77359235459863,1.3235898871029794],[103.77288410596273,1.3239704172126732],[103.77273016290157,1.3237218670395048],[103.77337361600541,1.3233761353277695],[103.77359235459863,1.3235898871029794]]]},"properties":{"OBJECTID_1":166782,"L_CODE":"WB516","NAME":"CLEMENTI CRESCENT PG","N_RESERVE":0,"INC_CRC":"5AF2D744C06C93DC","FMEL_UPD_D":"20260115000106","SHAPE_1.AREA":2945.47093535,"SHAPE_1.LEN":363.537287736616}},
{"type":"Feature","geometry":{"type":"Polygon","coordinates":[[[103.94140229376592,1.3723534527208319],[103.9407382800786,1.3722453897732263],[103.94072479524498,1.3721043812502696],[103.9413863131562,1.3721032117797416],[103.94140229376592,1.3723534527208319]]]},"properties":{"OBJECTID_1":166783,"L_CODE":"ET509","NAME":"ELIAS TERRACE PG","N_RESERVE":0,"INC_CRC":"F85895F28F9376EE","FMEL_UPD_D":"20260115000106","SHAPE_1.AREA":1592.149777695,"SHAPE_1.LEN":200.939672036751}},
{"type":"Feature","geometry":{"type":"Polygon","coordinates":[[[103.86026843924914,1.3894260813765742],[103.86046075876138,1.3897097012890764],[103.8601362035535,1.3899738516647646],[103.85992384903875,1.3896607270762704],[103.86026843924914,1.3894260813765742]]]},"properties":{"OBJECTID_1":166784,"L_CODE":"NP523","NAME":"TAMARIND RD PG","N_RESERVE":0,"INC_CRC":"22A520C7AD36820E","FMEL_UPD_D":"20260115000106","SHAPE_1.AREA":1854.23037124,"SHAPE_1.LEN":172.848907513005}},
{"type":"Feature","geometry":{"type":"Polygon","coordinates":[[[103.9087145293407,1.3238309868001277],[103.90974991060926,1.3240244435472928],[103.9097243511154,1.3241659863213406],[103.9086961375889,1.3239144872763122],[103.9087145293407,1.3238309868001277]]]},"properties":{"OBJECTID_1":166785,"L_CODE":"PKER017","NAME":"LORONG MELAYU PARK","N_RESERVE":0,"INC_CRC":"7BD6B9CC9AD01032","FMEL_UPD_D":"20260115000106","SHAPE_1.AREA":1487.86924182,"SHAPE_1.LEN":260.656401916204}},
{"type":"Feature","geometry":{"type":"Polygon","coordinates":[[[103.93670724228124,1.3190973033288949],[103.9367228526967,1.3189424847427664],[103.93588426498933,1.3174619956827576],[103.93589997104773,1.317447525220678],[103.93674489399895,1.318939182895627],[103.93670724228124,1.3190973033288949]]]},"properties":{"OBJECTID_1":166786,"L_CODE":"PKER013","NAME":"SENNETT AVE LINEAR PK","N_RESERVE":0,"INC_CRC":"A2E22C51347355A0","FMEL_UPD_D":"20260115000106","SHAPE_1.AREA":867.3737809,"SHAPE_1.LEN":710.67209522003}},
{"type":"Feature","geometry":{"type":"Polygon","coordinates":[[[103.9884607639121,1.3904104120985505],[103.98851129359481,1.3905362089609303],[103.98834273091272,1.3907852159552574],[103.98786791433625,1.390914182008571],[103.9878614709212,1.3909044605543222],[103.98766175766559,1.3906897151385988],[103.98761530077833,1.3906810272870687],[103.9876787562548,1.3903753401085635],[103.98803625492539,1.390523992576915],[103.9882037928046,1.3899509251566284],[103.9884607639121,1.3904104120985505]]]},"properties":{"OBJECTID_1":166787,"L_CODE":"EC594","NAME":"CHANGI POINT WATERFRONT PK","N_RESERVE":0,"INC_CRC":"EBF0B0F6A7305A80","FMEL_UPD_D":"20260115000106","SHAPE_1.AREA":4935.680312455,"SHAPE_1.LEN":362.330911228244}},
{"type":"Feature","geometry":{"type":"Polygon","coordinates":[[[103.77916133690123,1.3416535856477212],[103.77898552359629,1.3412979848593167],[103.77918423895268,1.3409375287547376],[103.77965687048368,1.341385939230124],[103.77951512082532,1.3418018938421772],[103.77916133690123,1.3416535856477212]]]},"properties":{"OBJECTID_1":166788,"L_CODE":"NRNP25","NAME":"RAILWAY CORRIDOR RIFLE RANGE CONNECTOR","N_RESERVE":0,"INC_CRC":"6FEECC8CAB69CA19","FMEL_UPD_D":"20260115000106","SHAPE_1.AREA":4183.510155195,"SHAPE_1.LEN":446.633664629448}},
{"type":"Feature","geometry":{"type":"Polygon","coordinates":[[[103.91946757938926,1.302645522695997],[103.91936955034524,1.3026311403516981],[103.91917696538823,1.3035653655771582],[103.91839128415675,1.3033649356541896],[103.91248225938241,1.3017058749380979],[103.91212015137475,1.3015366328306104],[103.91176008993473,1.3012101768803641],[103.91110567270847,1.3002121122625758],[103.91087962427798,1.2999812857829598],[103.91040296010935,1.2997456024148766],[103.91000572936268,1.299726726035628],[103.90950804462405,1.2999058531939522],[103.90871547717083,1.3003817778902498],[103.90810273165893,1.300434381379729],[103.90753102257781,1.3002387672318392],[103.9052305193265,1.2995838783698017],[103.90390306712594,1.2991429933172067],[103.90432403932121,1.2976228737903788],[103.90438188487775,1.297430452410771],[103.90453570463681,1.2971379332933453],[103.90713437739387,1.2980140596358758],[103.90858765663393,1.2983809730948257],[103.90995502363377,1.2988026140884714],[103.91159984342065,1.2992238766949213],[103.91204195888255,1.2994406190164958],[103.91253645765087,1.2994238537385148],[103.91276232626392,1.299907192948627],[103.91381224823925,1.3003943132003735],[103.91524911300404,1.3006440953997465],[103.91533928655905,1.300954605786045],[103.91584578276294,1.3012094452333705],[103.91763521507701,1.3015836331449289],[103.91885248374176,1.3018099595824646],[103.91948260062681,1.301885749907304],[103.91966743777378,1.3016280658928352],[103.91946757938926,1.302645522695997]]]},"properties":{"OBJECTID_1":166790,"L_CODE":"EE502","NAME":"EAST COAST PARK AREA C","N_RESERVE":0,"INC_CRC":"E6F28F6024B49D1E","FMEL_UPD_D":"20260115000106","SHAPE_1.AREA":326673.305892075,"SHAPE_1.LEN":4233.00710248764}},
{"type":"Feature","geometry":{"type":"Polygon","coordinates":[[[103.89432072831106,1.2990592904062472],[103.89377996140664,1.2988845902466035],[103.89403851860024,1.298065386406266],[103.8946156231874,1.298307723942771],[103.89432072831106,1.2990592904062472]]]},"properties":{"OBJECTID_1":166791,"L_CODE":"EK513","NAME":"MEYER RD PG","N_RESERVE":0,"INC_CRC":"149006B07BCF5138","FMEL_UPD_D":"20260115000106","SHAPE_1.AREA":6555.35317305,"SHAPE_1.LEN":322.101678435168}},
{"type":"Feature","geometry":{"type":"Polygon","coordinates":[[[103.83471357705238,1.379403007242242],[103.83486848412117,1.3795746211086368],[103.83450840774911,1.3799889024209495],[103.83471357705238,1.379403007242242]]]},"properties":{"OBJECTID_1":166792,"L_CODE":"NA513","NAME":"SERENADE WALK PG","N_RESERVE":0,"INC_CRC":"D3963FEC195FB0EE","FMEL_UPD_D":"20260115000106","SHAPE_1.AREA":1097.577493985,"SHAPE_1.LEN":272.606681396708}},
{"type":"Feature","geometry":{"type":"Polygon","coordinates":[[[103.8358381584357,1.292368843297491],[103.83568630342987,1.292851063445421],[103.83487127066275,1.2929922173401565],[103.83440386677263,1.292920013091921],[103.83398742827698,1.2929961517112485],[103.83411729630171,1.2925844811750526],[103.83518000069247,1.292711981595883],[103.8355298751143,1.2926712758534742],[103.8358381584357,1.292368843297491]]]},"properties":{"OBJECTID_1":166793,"L_CODE":"ST530","NAME":"KIM SENG PK","N_RESERVE":0,"INC_CRC":"5AF1B733330C5DA4","FMEL_UPD_D":"20260115000106","SHAPE_1.AREA":7759.63802251,"SHAPE_1.LEN":685.911262496324}},
{"type":"Feature","geometry":{"type":"Polygon","coordinates":[[[103.93005014132484,1.3073737580909288],[103.93015099173037,1.3070755737926723],[103.93061662373132,1.307564681555399],[103.93005014132484,1.3073737580909288]]]},"properties":{"OBJECTID_1":166794,"L_CODE":"PKEECPAEcp01178","NAME":"EAST COAST PARK AREA E1 CAR PARK","N_RESERVE":0,"INC_CRC":"605D21257C8E1D86","FMEL_UPD_D":"20260115000106","SHAPE_1.AREA":1188.523383155,"SHAPE_1.LEN":179.222964808037}},
{"type":"Feature","geometry":{"type":"Polygon","coordinates":[[[103.82946427244559,1.4505033275563761],[103.82964329876306,1.450640341664155],[103.82953295027076,1.4507879164458681],[103.82933490777239,1.4506361367503484],[103.82946427244559,1.4505033275563761]]]},"properties":{"OBJECTID_1":166795,"L_CODE":"NS525","NAME":"PEBBLE GARDEN","N_RESERVE":0,"INC_CRC":"6F9F81A9D7556DB9","FMEL_UPD_D":"20260115000106","SHAPE_1.AREA":551.491298225,"SHAPE_1.LEN":94.6699019185717}},
{"type":"Feature","geometry":{"type":"Polygon","coordinates":[[[103.76869990407077,1.3709110213693063],[103.76897675185614,1.3710753047313409],[103.7690784896902,1.3716851018391962],[103.76882589306751,1.371665461265086],[103.76886463496646,1.3711604927567054],[103.76869990407077,1.3709110213693063]]]},"properties":{"OBJECTID_1":166796,"L_CODE":"NW507","NAME":"CASHEW LINK PG","N_RESERVE":0,"INC_CRC":"60DAF2FBD524A269","FMEL_UPD_D":"20260115000106","SHAPE_1.AREA":2045.33128337,"SHAPE_1.LEN":291.926507554425}},
{"type":"Feature","geometry":{"type":"Polygon","coordinates":[[[103.8464955356797,1.2912393164184954],[103.84632392517015,1.2916349407500465],[103.84649179234277,1.2917612489004835],[103.84560342959026,1.292833106578359],[103.84552517167971,1.2927800695776799],[103.84485623838493,1.2924056846701546],[103.8464955356797,1.2912393164184954]]]},"properties":{"OBJECTID_1":166797,"L_CODE":"SF510","NAME":"THE FOOTHILLS FORT CANNING PK","N_RESERVE":0,"INC_CRC":"B09A85967E65E859","FMEL_UPD_D":"20260115000106","SHAPE_1.AREA":12105.993132265,"SHAPE_1.LEN":568.067943398814}},
{"type":"Feature","geometry":{"type":"Polygon","coordinates":[[[103.83894698542512,1.3874762943762216],[103.83872465107218,1.3873213266734052],[103.83878773960576,1.3870804039181641],[103.83905918215103,1.3872709708867383],[103.83894698542512,1.3874762943762216]]]},"properties":{"OBJECTID_1":166789,"L_CODE":"NS516","NAME":"BANYAN VILLAS PG","N_RESERVE":0,"INC_CRC":"CD8C191EA5A91392","FMEL_UPD_D":"20260115000106","SHAPE_1.AREA":1137.90094904,"SHAPE_1.LEN":153.939781091302}},
{"type":"Feature","geometry":{"type":"Polygon","coordinates":[[[103.93117557929837,1.3154653338517752],[103.93171948210727,1.3159751109943634],[103.93114198775258,1.3160604967065337],[103.93117557929837,1.3154653338517752]]]},"properties":{"OBJECTID_1":166798,"L_CODE":"PKER005","NAME":"TANAH PUTEH PK","N_RESERVE":0,"INC_CRC":"F612BED6C353C753","FMEL_UPD_D":"20260115000106","SHAPE_1.AREA":2500.1119205,"SHAPE_1.LEN":232.227410549634}},
{"type":"Feature","geometry":{"type":"Polygon","coordinates":[[[103.96869896743486,1.359340567949507],[103.96861147880406,1.3597773118197303],[103.96839161641195,1.3597301255634755],[103.96847278041284,1.3593476663727146],[103.96869896743486,1.359340567949507]]]},"properties":{"OBJECTID_1":166799,"L_CODE":"EC506","NAME":"MARIAM WALK PG","N_RESERVE":0,"INC_CRC":"B42C05BFFEEFD4C5","FMEL_UPD_D":"20260115000106","SHAPE_1.AREA":1210.176970605,"SHAPE_1.LEN":145.191744219339}},
{"type":"Feature","geometry":{"type":"Polygon","coordinates":[[[103.90791114019137,1.3240604574012105],[103.90791376343513,1.3237419946325384],[103.9079842444338,1.3236926232753565],[103.90791114019137,1.3240604574012105]]]},"properties":{"OBJECTID_1":166800,"L_CODE":"PKER015","NAME":"LORONG MARICAN PARK","N_RESERVE":0,"INC_CRC":"5F4DB88CDB1226D2","FMEL_UPD_D":"20260115000106","SHAPE_1.AREA":321.315768185,"SHAPE_1.LEN":157.296455440526}},
{"type":"Feature","geometry":{"type":"Polygon","coordinates":[[[103.91934511856364,1.3225295189726636],[103.91946098335515,1.3227409849857457],[103.91915935657956,1.3235280902862436],[103.91893233760248,1.3232481072051336],[103.9191682064454,1.3229536653415903],[103.91893747255473,1.3226108833755708],[103.91934511856364,1.3225295189726636]]]},"properties":{"OBJECTID_1":166801,"L_CODE":"EK526","NAME":"WARINGIN PK PG","N_RESERVE":0,"INC_CRC":"D4282FF50F15AADF","FMEL_UPD_D":"20260115000106","SHAPE_1.AREA":3817.655277695,"SHAPE_1.LEN":305.098355480505}},
{"type":"Feature","geometry":{"type":"Polygon","coordinates":[[[103.8068715817178,1.2656223349890459],[103.8075827081131,1.2654825364137705],[103.80678736406173,1.2663253964761365],[103.80359866734602,1.2694954853112466],[103.80320827451315,1.2700711913146527],[103.80306131096798,1.2707791083321325],[103.80305289155127,1.272333964680338],[103.80305477756306,1.272412201307717],[103.80305357258649,1.2724927612118944],[103.80270784322845,1.2724880272764498],[103.80270866170244,1.2724196039446178],[103.8027279154333,1.2710534877787758],[103.80273037504271,1.270491887165126],[103.80312251563156,1.2695345763556096],[103.80440904217126,1.2682573556968364],[103.805417621803,1.2671964572536112],[103.8068715817178,1.2656223349890459]]]},"properties":{"OBJECTID_1":166803,"L_CODE":"NRNP33","NAME":"BERLAYER CREEK","N_RESERVE":0,"INC_CRC":"1F20C0F162B84AD1","FMEL_UPD_D":"20260115000106","SHAPE_1.AREA":36690.11710315,"SHAPE_1.LEN":2030.75590935287}},
{"type":"Feature","geometry":{"type":"Polygon","coordinates":[[[103.91717366375333,1.3255121787431918],[103.91677660388558,1.325243413551664],[103.91688188377147,1.325136668842802],[103.91717366375333,1.3255121787431918]]]},"properties":{"OBJECTID_1":166804,"L_CODE":"PKER004","NAME":"JALAN SENANG LINEAR PARK","N_RESERVE":0,"INC_CRC":"63DDED4491CEA63A","FMEL_UPD_D":"20260115000106","SHAPE_1.AREA":3429.10097507,"SHAPE_1.LEN":1559.18078108762}},
{"type":"Feature","geometry":{"type":"Polygon","coordinates":[[[103.78024337357857,1.3138008902218237],[103.78042121009786,1.314394494335309],[103.78023005193548,1.3144271558911484],[103.78007150702352,1.3138050493298434],[103.78024337357857,1.3138008902218237]]]},"properties":{"OBJECTID_1":166805,"L_CODE":"WB520","NAME":"JLN KEBAYA PG","N_RESERVE":0,"INC_CRC":"0FB412235DCE4064","FMEL_UPD_D":"20260115000106","SHAPE_1.AREA":1518.66033465,"SHAPE_1.LEN":182.481022284836}},
{"type":"Feature","geometry":{"type":"Polygon","coordinates":[[[103.88047534534206,1.3277383916645566],[103.88024445033207,1.3279916063301718],[103.88065726614684,1.3285590960453315],[103.8800840250753,1.3290914248922006],[103.88039046699227,1.3294964747545943],[103.87969956242574,1.3301205173543669],[103.87964679312981,1.330322535245647],[103.87993663012323,1.3307433756717917],[103.87988519118875,1.3309236526244363],[103.87944537862697,1.3311140124371001],[103.87926782182554,1.3309484465671815],[103.87957483021293,1.3296306554179183],[103.87979040816536,1.329158260275648],[103.87979062414128,1.3288869980106557],[103.88015476195504,1.327798625744186],[103.88047534534206,1.3277383916645566]]]},"properties":{"OBJECTID_1":166806,"L_CODE":"NP507","NAME":"ALJUNIED PK","N_RESERVE":0,"INC_CRC":"FCAA9E2BF08C2892","FMEL_UPD_D":"20260115000106","SHAPE_1.AREA":19812.99138123,"SHAPE_1.LEN":980.295627000542}},
{"type":"Feature","geometry":{"type":"Polygon","coordinates":[[[103.71894423925708,1.3357858288879962],[103.71942740092547,1.3361176115187037],[103.71940275286819,1.3366389926708564],[103.71907673460296,1.336804330205847],[103.7184659283949,1.3364157059173472],[103.71894423925708,1.3357858288879962]]]},"properties":{"OBJECTID_1":166807,"L_CODE":"MWJH018","NAME":"TAMAN JURONG OASIS INTERIM PARK","N_RESERVE":0,"INC_CRC":"CFEC354D2C703913","FMEL_UPD_D":"20260428000140","SHAPE_1.AREA":7180.351525345,"SHAPE_1.LEN":351.960092939955}},
{"type":"Feature","geometry":{"type":"MultiPolygon","coordinates":[[[[103.9095213581129,1.413035843032921],[103.90907313188838,1.4131780263833535],[103.90861305777307,1.4130418850358977],[103.90858123506875,1.4127010948993266],[103.90908760368796,1.4126532004527794],[103.90889912036393,1.4106347376581463],[103.90917063866851,1.4104979221346483],[103.90936617047271,1.4125918827104977],[103.90961509502868,1.4125683375460927],[103.90977627564082,1.412992702814675],[103.9095213581129,1.413035843032921]]],[[[103.91045138789961,1.4136250788893445],[103.9101672556963,1.4144124486122724],[103.90981124383964,1.41441246044487],[103.9092372037488,1.4142554810616061],[103.90917510781738,1.4135904153471437],[103.908952011063,1.4134150377121317],[103.90912754672127,1.413179893915972],[103.90976808101559,1.4130623110129505],[103.90995364693208,1.4135508997088095],[103.91045138789961,1.4136250788893445]]]]},"properties":{"OBJECTID_1":166808,"L_CODE":"PKEPHTP101436","NAME":"PUNGGOL HERITAGE TRAIL PHASE 1","N_RESERVE":0,"INC_CRC":"FF1C77B1AF09507F","FMEL_UPD_D":"20260115000106","SHAPE_1.AREA":30130.992214125,"SHAPE_1.LEN":1413.18680701457}},
{"type":"Feature","geometry":{"type":"MultiPolygon","coordinates":[[[[103.74293815391768,1.4388316946852169],[103.74289287984173,1.4391316970907446],[103.74247911065643,1.4391774051177606],[103.74235842472712,1.4388153296651918],[103.74293815391768,1.4388316946852169]]],[[[103.74317609158324,1.43749497479811],[103.74297977689426,1.4384426458747825],[103.74245580821274,1.4383386973965002],[103.74284674504528,1.4380823379804424],[103.74317609158324,1.43749497479811]]]]},"properties":{"OBJECTID_1":166802,"L_CODE":"NRNP32","NAME":"KRANJI RESERVOIR PARK A","N_RESERVE":0,"INC_CRC":"CF73AF0901190C03","FMEL_UPD_D":"20260115000106","SHAPE_1.AREA":6069.232224845,"SHAPE_1.LEN":874.262238012738}},
{"type":"Feature","geometry":{"type":"Polygon","coordinates":[[[103.75394103579681,1.367985516143034],[103.75364956788192,1.3679325577514776],[103.75142519134333,1.3678303978492565],[103.7506014918476,1.3675287018368494],[103.75102258970597,1.366978392303305],[103.75129856621805,1.366445607878621],[103.75158980157087,1.3666989816019213],[103.75241342197656,1.3668361310549164],[103.75405317898523,1.3668076877886275],[103.75394103579681,1.367985516143034]]]},"properties":{"OBJECTID_1":166809,"L_CODE":"WT516","NAME":"BUKIT GOMBAK PARK","N_RESERVE":0,"INC_CRC":"73538D59E4EA6907","FMEL_UPD_D":"20260115000106","SHAPE_1.AREA":43302.24496651,"SHAPE_1.LEN":1009.43906128011}},
{"type":"Feature","geometry":{"type":"Polygon","coordinates":[[[103.91815143298707,1.3122840395513085],[103.91746990590744,1.3139058681335951],[103.91715494001191,1.3137646008946133],[103.91784377859886,1.312164878404553],[103.91815143298707,1.3122840395513085]]]},"properties":{"OBJECTID_1":166810,"L_CODE":"EK519","NAME":"GREENFIELD DR PG","N_RESERVE":0,"INC_CRC":"C473923BC31A3E57","FMEL_UPD_D":"20260115000106","SHAPE_1.AREA":7579.145716855,"SHAPE_1.LEN":467.012301076028}},
{"type":"Feature","geometry":{"type":"Polygon","coordinates":[[[103.85526974413608,1.3903674723946116],[103.8549698258247,1.3903750899250025],[103.85498507121886,1.3899936561518393],[103.85534792608281,1.3900084391286343],[103.85526974413608,1.3903674723946116]]]},"properties":{"OBJECTID_1":166811,"L_CODE":"NA525","NAME":"SUNRISE DR PG II","N_RESERVE":0,"INC_CRC":"6302139D55545017","FMEL_UPD_D":"20260115000106","SHAPE_1.AREA":2490.89305035,"SHAPE_1.LEN":256.592341113867}},
{"type":"Feature","geometry":{"type":"Polygon","coordinates":[[[103.87848202455103,1.347624708832628],[103.87886060156376,1.3478352286760755],[103.87892302659908,1.3479876852117536],[103.87848202455103,1.347624708832628]]]},"properties":{"OBJECTID_1":166812,"L_CODE":"PKCR034","NAME":"LORONG ONG LYE PARK","N_RESERVE":0,"INC_CRC":"2C577E6B7355054F","FMEL_UPD_D":"20260115000106","SHAPE_1.AREA":602.89383889,"SHAPE_1.LEN":206.412801662916}},
{"type":"Feature","geometry":{"type":"MultiPolygon","coordinates":[[[[103.78840178742436,1.3059013852724546],[103.78843309002953,1.3060066357735813],[103.78773256856127,1.306303480719561],[103.78775073236157,1.3060722621870546],[103.78828488783249,1.3057750705800695],[103.78840178742436,1.3059013852724546]]],[[[103.78933889355147,1.305180288836116],[103.78945238442385,1.305494403752278],[103.78871245042531,1.3058832954123567],[103.78843105592823,1.3056910487076046],[103.78925387419974,1.3051156252765652],[103.78933889355147,1.305180288836116]]],[[[103.79084298456563,1.3005978183842586],[103.7909682850402,1.3012338239156462],[103.7904335239718,1.3012858067385342],[103.7902947363031,1.3011899236312499],[103.79021464240222,1.3005711831683366],[103.79084298456563,1.3005978183842586]]],[[[103.79383743493509,1.2956910653607676],[103.79278327487168,1.296135453368663],[103.79251788674155,1.2952206752389739],[103.79213884833628,1.2944773184414524],[103.7923723337715,1.2945346490158307],[103.79263982401169,1.2943453698363256],[103.79230743369708,1.293871151819331],[103.79251532342352,1.293689350774908],[103.79299255558543,1.2943697390900826],[103.79301252371708,1.294779624584781],[103.79320648799849,1.2950457641009225],[103.79348213234537,1.2951548077191124],[103.79383743493509,1.2956910653607676]]],[[[103.79071873496505,1.298381652847146],[103.79152776766547,1.2993853745520814],[103.79106058130567,1.299751698584548],[103.7908447957704,1.3002910670033931],[103.79048710134671,1.3003909118091883],[103.7900141364443,1.3002633430675528],[103.78996085939634,1.299346226063355],[103.79035405559038,1.2986372381461806],[103.79071873496505,1.298381652847146]]],[[[103.79105007399578,1.3014630518647712],[103.7911585415822,1.30234676526192],[103.79113976560113,1.3038031535913017],[103.79096026443406,1.3043110868930112],[103.79105029599222,1.3044238364463299],[103.78998659076545,1.305199242068209],[103.78955881834777,1.3048609977670071],[103.79013955992858,1.304216286408442],[103.79034340333193,1.3037337391009067],[103.79047298417065,1.303113048820493],[103.79051953576347,1.302170845570979],[103.79045671844047,1.301639250883959],[103.79054772558226,1.3014927092096478],[103.79105007399578,1.3014630518647712]]]]},"properties":{"OBJECTID_1":166813,"L_CODE":"WP506","NAME":"ONE-NORTH PARK","N_RESERVE":0,"INC_CRC":"02866B3B712CC2F5","FMEL_UPD_D":"20260422000213","SHAPE_1.AREA":89531.079671025,"SHAPE_1.LEN":3221.64232000135}},
{"type":"Feature","geometry":{"type":"Polygon","coordinates":[[[103.89693407268238,1.3848352670577175],[103.89729577342942,1.3851658708933448],[103.89672795530183,1.3853630556016732],[103.89653538938767,1.3851837526039688],[103.89693407268238,1.3848352670577175]]]},"properties":{"OBJECTID_1":166814,"L_CODE":"MEAH071","NAME":"HDB - COMPASSVALE LN (BLK 205B)","N_RESERVE":0,"INC_CRC":"05E29B84ECF078D2","FMEL_UPD_D":"20260422000213","SHAPE_1.AREA":2806.07020934,"SHAPE_1.LEN":212.992143738304}},
{"type":"Feature","geometry":{"type":"Polygon","coordinates":[[[103.82744378062446,1.3587347149415194],[103.82730089015793,1.3589212967120161],[103.82693132764513,1.3586411037785813],[103.82735902772623,1.3584219674466504],[103.82755935525755,1.3586738334131025],[103.82744378062446,1.3587347149415194]]]},"properties":{"OBJECTID_1":166815,"L_CODE":"PKCR029","NAME":"VENUS GREEN","N_RESERVE":0,"INC_CRC":"7A493E6088622B14","FMEL_UPD_D":"20260115000106","SHAPE_1.AREA":2186.802710635,"SHAPE_1.LEN":189.410958385321}},
{"type":"Feature","geometry":{"type":"Polygon","coordinates":[[[103.7709379641962,1.438582680283487],[103.77092359006936,1.4393168220465995],[103.77069568891085,1.4395819777639418],[103.76922508272457,1.4395523006559336],[103.76892657244447,1.439461249951028],[103.76869023681809,1.4389926031320779],[103.76875781919058,1.4355108610524212],[103.76969190460134,1.4355882457285862],[103.77036791640525,1.4360238691959424],[103.77108499658891,1.4369383448854012],[103.77111831657957,1.4372345754006457],[103.7709568357287,1.437684730424218],[103.7709379641962,1.438582680283487]]]},"properties":{"OBJECTID_1":166816,"L_CODE":"NW500","NAME":"MARSILING PARK","N_RESERVE":0,"INC_CRC":"B6EC03F113473360","FMEL_UPD_D":"20260115000106","SHAPE_1.AREA":100762.827171685,"SHAPE_1.LEN":1660.56069330167}},
{"type":"Feature","geometry":{"type":"Polygon","coordinates":[[[103.88096631167885,1.3534351934451203],[103.88077943472611,1.353301314165497],[103.88100754342784,1.3532175022438233],[103.88096631167885,1.3534351934451203]]]},"properties":{"OBJECTID_1":166817,"L_CODE":"NP542","NAME":"JLN GENENG INTERIM PK","N_RESERVE":0,"INC_CRC":"0BED207E920CF39D","FMEL_UPD_D":"20260115000106","SHAPE_1.AREA":454.175008775,"SHAPE_1.LEN":106.56224118305}},
{"type":"Feature","geometry":{"type":"Polygon","coordinates":[[[103.90073412033216,1.3100399646797691],[103.90096844813576,1.3102066326286743],[103.9009045098573,1.3102961211921516],[103.90047028638848,1.309987553959499],[103.9005342076018,1.3098980111451703],[103.90073412033216,1.3100399646797691]]]},"properties":{"OBJECTID_1":166818,"L_CODE":"PKCR025","NAME":"ONAN ROAD GREEN SPACE","N_RESERVE":0,"INC_CRC":"B1EBCAAF14A4C90A","FMEL_UPD_D":"20260115000106","SHAPE_1.AREA":721.44471605,"SHAPE_1.LEN":142.697479838722}},
{"type":"Feature","geometry":{"type":"Polygon","coordinates":[[[103.83417930572428,1.3565115872729212],[103.83390640066426,1.3566918859594417],[103.83384884841323,1.3565508476332568],[103.83417930572428,1.3565115872729212]]]},"properties":{"OBJECTID_1":166819,"L_CODE":"PKCR017","NAME":"JALAN SEMBILANG PARK","N_RESERVE":0,"INC_CRC":"FC61A2BF489F322F","FMEL_UPD_D":"20260115000106","SHAPE_1.AREA":597.517364855,"SHAPE_1.LEN":105.132383267945}},
{"type":"Feature","geometry":{"type":"Polygon","coordinates":[[[103.97740176878038,1.3923243007092028],[103.97720639098918,1.3922284269092076],[103.97658954756143,1.3923061601898092],[103.97624237885115,1.3919581949241053],[103.97637277931737,1.3919140568510813],[103.97667210184677,1.3920881642825997],[103.97668155439783,1.3922440846310264],[103.9771530560981,1.3921556526161687],[103.97740176878038,1.3923243007092028]]]},"properties":{"OBJECTID_1":166690,"L_CODE":"EC502","NAME":"CHANGI WEST BOARDWALK (CHANGI BC)","N_RESERVE":0,"INC_CRC":"A9403EEE0833E812","FMEL_UPD_D":"20260115000106","SHAPE_1.AREA":7170.439391075,"SHAPE_1.LEN":2335.81404413355}},
{"type":"Feature","geometry":{"type":"Polygon","coordinates":[[[103.97266074828163,1.3628815366041798],[103.97165247871742,1.363063227085385],[103.97186033966001,1.362833380584954],[103.9721981390663,1.3627083058796055],[103.97266074828163,1.3628815366041798]]]},"properties":{"OBJECTID_1":166691,"L_CODE":"EC531","NAME":"CHANGI HEIGHTS PG","N_RESERVE":0,"INC_CRC":"7810C986E868B4D0","FMEL_UPD_D":"20260115000106","SHAPE_1.AREA":1981.494361525,"SHAPE_1.LEN":294.728856326939}},
{"type":"Feature","geometry":{"type":"Polygon","coordinates":[[[103.96605764593359,1.3622700332645954],[103.96576396630024,1.3621092331754145],[103.96595607257387,1.3618179004424706],[103.96629878340423,1.3616202412894691],[103.9666465459385,1.361946551906044],[103.96605764593359,1.3622700332645954]]]},"properties":{"OBJECTID_1":166692,"L_CODE":"EC521","NAME":"MARIAM WAY PG","N_RESERVE":0,"INC_CRC":"365FECD61B2FE5E3","FMEL_UPD_D":"20260115000106","SHAPE_1.AREA":3862.81619654,"SHAPE_1.LEN":256.49332950056}},
{"type":"Feature","geometry":{"type":"Polygon","coordinates":[[[103.85753941768948,1.3867771093713934],[103.85773121373325,1.387240500828259],[103.85728868343679,1.3872317330465138],[103.85732400084973,1.3867607670062638],[103.85753941768948,1.3867771093713934]]]},"properties":{"OBJECTID_1":166693,"L_CODE":"NA515","NAME":"SUNRISE CLOSE PG","N_RESERVE":0,"INC_CRC":"EF06C60D25365DA6","FMEL_UPD_D":"20260115000106","SHAPE_1.AREA":2025.76542585,"SHAPE_1.LEN":183.444614493972}},
{"type":"Feature","geometry":{"type":"Polygon","coordinates":[[[103.78110148717825,1.316106928906174],[103.78073165002935,1.3156831667199715],[103.78102626231876,1.3154607807252816],[103.78171202005238,1.3153518815960492],[103.78110148717825,1.316106928906174]]]},"properties":{"OBJECTID_1":166694,"L_CODE":"WB521","NAME":"MOUNT SINAI PLAIN PG","N_RESERVE":0,"INC_CRC":"FF31A29C00244686","FMEL_UPD_D":"20260115000106","SHAPE_1.AREA":4414.821382045,"SHAPE_1.LEN":293.155859696595}},
{"type":"Feature","geometry":{"type":"Polygon","coordinates":[[[103.87002106698729,1.4102713293576157],[103.86996769765278,1.410523701058195],[103.86957554812068,1.4107816462598601],[103.86930721259515,1.4105558253845318],[103.86920017884894,1.410110858353781],[103.86890997844728,1.4101407059359274],[103.86849710961752,1.4095233754255418],[103.86882345405441,1.4080295694278644],[103.86897682028267,1.4079309154507085],[103.8696729650368,1.4083694270309453],[103.86983985681121,1.409544913763336],[103.86986856494178,1.410129751810987],[103.87002106698729,1.4102713293576157]]]},"properties":{"OBJECTID_1":166695,"L_CODE":"PKCN003","NAME":"HAMPSTEAD WETLANDS PARK","N_RESERVE":0,"INC_CRC":"E33DC85EE1915A0E","FMEL_UPD_D":"20260115000106","SHAPE_1.AREA":32313.05358929,"SHAPE_1.LEN":819.360465000284}},
{"type":"Feature","geometry":{"type":"Polygon","coordinates":[[[103.91517213492861,1.3269125963090127],[103.91511183708184,1.3279670963110097],[103.91487225988361,1.3283718015946735],[103.91429112659158,1.3283005108410313],[103.91435989112846,1.3266712449259694],[103.9149065697163,1.326682145232833],[103.91517213492861,1.3269125963090127]]]},"properties":{"OBJECTID_1":166696,"L_CODE":"PKER003","NAME":"LENGKONG ENAM PARK","N_RESERVE":0,"INC_CRC":"7446C1480C180587","FMEL_UPD_D":"20260115000106","SHAPE_1.AREA":17820.25288894,"SHAPE_1.LEN":612.286996124697}},
{"type":"Feature","geometry":{"type":"Polygon","coordinates":[[[103.79666467127801,1.3217712373281814],[103.79645687614068,1.3222218690918415],[103.79613623072781,1.3220715996028656],[103.79666467127801,1.3217712373281814]]]},"properties":{"OBJECTID_1":166697,"L_CODE":"PKCR010","NAME":"CORONATION PARK","N_RESERVE":0,"INC_CRC":"76B883C8AFEA0322","FMEL_UPD_D":"20260115000106","SHAPE_1.AREA":1463.040529885,"SHAPE_1.LEN":167.302526659193}},
{"type":"Feature","geometry":{"type":"Polygon","coordinates":[[[103.88707415529053,1.3018291289025763],[103.88711532433712,1.3023143095649796],[103.88682073042204,1.3022952184103704],[103.8866617944166,1.3013785119252914],[103.88738406166759,1.3013186239145231],[103.88740578056789,1.3015374362183882],[103.88790038239297,1.3015533576857452],[103.88795345516219,1.3018549629538203],[103.88707415529053,1.3018291289025763]]]},"properties":{"OBJECTID_1":166698,"L_CODE":"EK592","NAME":"WILKINSON INTERIM PK","N_RESERVE":0,"INC_CRC":"EC5C75240EBD260E","FMEL_UPD_D":"20260115000106","SHAPE_1.AREA":8128.385557945,"SHAPE_1.LEN":564.537441313857}},
{"type":"Feature","geometry":{"type":"Polygon","coordinates":[[[103.93959405376984,1.3187441266559206],[103.93981751782557,1.319040802403142],[103.93903037960621,1.3188463257515781],[103.93908908969807,1.3186055365618206],[103.93959405376984,1.3187441266559206]]]},"properties":{"OBJECTID_1":166699,"L_CODE":"EC533","NAME":"SENNETT AVE OS","N_RESERVE":0,"INC_CRC":"05C924E088E0BAE8","FMEL_UPD_D":"20260115000106","SHAPE_1.AREA":2200.021188645,"SHAPE_1.LEN":241.528697498719}},
{"type":"Feature","geometry":{"type":"Polygon","coordinates":[[[103.82531753288127,1.3584935003385374],[103.82486887671206,1.3583199295728206],[103.8252705905643,1.3580486677678554],[103.82531753288127,1.3584935003385374]]]},"properties":{"OBJECTID_1":166700,"L_CODE":"NA541","NAME":"JUPITER PLAYGROUND","N_RESERVE":0,"INC_CRC":"3445150B05883C89","FMEL_UPD_D":"20260115000106","SHAPE_1.AREA":1909.28938316,"SHAPE_1.LEN":180.850490157722}},
{"type":"Feature","geometry":{"type":"MultiPolygon","coordinates":[[[[103.88818059377763,1.296264108584037],[103.88821329556617,1.2964822676980783],[103.88722202243905,1.296605625440769],[103.88712765818678,1.2965147433572677],[103.8856151440423,1.2964008687311448],[103.88588693534044,1.2962217428380396],[103.88813983017236,1.2959998008327744],[103.88818059377763,1.296264108584037]]],[[[103.88725023766403,1.2977972542839313],[103.88662289505024,1.2978844918030124],[103.88563214075972,1.297795180399869],[103.88548168517374,1.297629059917162],[103.88558593427301,1.2964485266313415],[103.88711480821297,1.2965618320789685],[103.88717098871928,1.296603356578706],[103.88725023766403,1.2977972542839313]]]]},"properties":{"OBJECTID_1":166701,"L_CODE":"EK554","NAME":"KATONG PK","N_RESERVE":0,"INC_CRC":"44B8664696ED0A67","FMEL_UPD_D":"20260115000106","SHAPE_1.AREA":38804.27363934,"SHAPE_1.LEN":1424.19283791643}},
{"type":"Feature","geometry":{"type":"Polygon","coordinates":[[[103.78314996673006,1.31217330644407],[103.78283667489401,1.312539294547823],[103.78243712117546,1.3127801376160573],[103.78240443332183,1.3127126171038181],[103.78287706016116,1.3123162528902388],[103.78314996673006,1.31217330644407]]]},"properties":{"OBJECTID_1":166702,"L_CODE":"WB522","NAME":"HOLLAND GROVE VIEW FC","N_RESERVE":0,"INC_CRC":"157FE913E55073FB","FMEL_UPD_D":"20260115000106","SHAPE_1.AREA":1165.27268395,"SHAPE_1.LEN":218.280216463607}},
{"type":"Feature","geometry":{"type":"Polygon","coordinates":[[[103.83893785977548,1.389510608174643],[103.83918461240228,1.3897069386950278],[103.83893077301771,1.3900302856650877],[103.83842862136092,1.390334822385633],[103.83810784556705,1.3900852456917616],[103.8386304948803,1.3898742925933338],[103.83893785977548,1.389510608174643]]]},"properties":{"OBJECTID_1":166703,"L_CODE":"NS508","NAME":"COUNTRYSIDE PG","N_RESERVE":0,"INC_CRC":"5D61C5FF6284A813","FMEL_UPD_D":"20260115000106","SHAPE_1.AREA":5717.341179535,"SHAPE_1.LEN":466.386543862335}},
{"type":"Feature","geometry":{"type":"Polygon","coordinates":[[[103.8108119453402,1.3281217173989317],[103.81093300203294,1.3282470733776353],[103.81018211206641,1.3286193480693185],[103.81008544735207,1.328421354631416],[103.8108119453402,1.3281217173989317]]]},"properties":{"OBJECTID_1":166704,"L_CODE":"WB508","NAME":"SHELFORD RD PG","N_RESERVE":0,"INC_CRC":"1E9B6846787EA95C","FMEL_UPD_D":"20260115000106","SHAPE_1.AREA":2072.340180825,"SHAPE_1.LEN":225.642344687985}},
{"type":"Feature","geometry":{"type":"Polygon","coordinates":[[[103.83721115376925,1.3895638470565497],[103.83738765385048,1.3898794499448333],[103.8370868458822,1.3898567065916096],[103.83721115376925,1.3895638470565497]]]},"properties":{"OBJECTID_1":166705,"L_CODE":"NS511","NAME":"FUDU WALK PG","N_RESERVE":0,"INC_CRC":"C00AABC50920EF56","FMEL_UPD_D":"20260115000106","SHAPE_1.AREA":1157.15214634,"SHAPE_1.LEN":156.950907305324}},
{"type":"Feature","geometry":{"type":"Polygon","coordinates":[[[103.89281291639644,1.3697627304249884],[103.89256130794668,1.3694371648223247],[103.89273556470525,1.3692840978140706],[103.89307695017013,1.3696097832372687],[103.89281291639644,1.3697627304249884]]]},"properties":{"OBJECTID_1":166706,"L_CODE":"NP526","NAME":"JLN NAUNG PG","N_RESERVE":0,"INC_CRC":"E8BB9DF140587ED6","FMEL_UPD_D":"20260115000106","SHAPE_1.AREA":1508.28232084,"SHAPE_1.LEN":166.287423147893}},
{"type":"Feature","geometry":{"type":"Polygon","coordinates":[[[103.85640757420481,1.388173799829367],[103.85594365010608,1.388416779835079],[103.85583390358954,1.3880703009235873],[103.85640757420481,1.388173799829367]]]},"properties":{"OBJECTID_1":166707,"L_CODE":"NA523","NAME":"SUNRISE TERRACE OS","N_RESERVE":0,"INC_CRC":"70865CECAC522FD5","FMEL_UPD_D":"20260115000106","SHAPE_1.AREA":1668.8607645,"SHAPE_1.LEN":168.912284841487}},
{"type":"Feature","geometry":{"type":"Polygon","coordinates":[[[103.76881113412611,1.3678326489849633],[103.7686787177767,1.3675834398352615],[103.76898071873357,1.3675490007875513],[103.76881113412611,1.3678326489849633]]]},"properties":{"OBJECTID_1":166708,"L_CODE":"NW506","NAME":"CHESTNUT DR PG","N_RESERVE":0,"INC_CRC":"A728F80E98BD25A1","FMEL_UPD_D":"20260115000106","SHAPE_1.AREA":950.94919046,"SHAPE_1.LEN":120.155960541768}},
{"type":"Feature","geometry":{"type":"Polygon","coordinates":[[[103.83650925585702,1.3875815207975017],[103.83623972787206,1.3884741330813595],[103.83601032098058,1.388391429252949],[103.835748412195,1.3879446646047067],[103.83581487075652,1.3877481733368242],[103.83650925585702,1.3875815207975017]]]},"properties":{"OBJECTID_1":166709,"L_CODE":"NS515","NAME":"LENTOR VALE PG","N_RESERVE":0,"INC_CRC":"E68E8148C479D213","FMEL_UPD_D":"20260115000106","SHAPE_1.AREA":5138.659780955,"SHAPE_1.LEN":303.552963183011}},
{"type":"Feature","geometry":{"type":"Polygon","coordinates":[[[103.83836434293922,1.3884288154227318],[103.83852286938416,1.3885802381922538],[103.83837275355721,1.388822011228194],[103.8382436265979,1.3885911454240494],[103.83836434293922,1.3884288154227318]]]},"properties":{"OBJECTID_1":166710,"L_CODE":"NS507","NAME":"LENTOR WALK PG","N_RESERVE":0,"INC_CRC":"5DBA6C276C7197F8","FMEL_UPD_D":"20260115000106","SHAPE_1.AREA":888.116305085,"SHAPE_1.LEN":116.239046021884}},
{"type":"Feature","geometry":{"type":"Polygon","coordinates":[[[103.90608478610088,1.3247830960475704],[103.90612178401241,1.325121285447423],[103.90596404206295,1.3250894926722443],[103.90588097722889,1.3247539489864362],[103.90608478610088,1.3247830960475704]]]},"properties":{"OBJECTID_1":166711,"L_CODE":"PKER010","NAME":"JLN EUNOS INTERIM PK","N_RESERVE":0,"INC_CRC":"A075A3329FCC57AB","FMEL_UPD_D":"20260115000106","SHAPE_1.AREA":750.156161535,"SHAPE_1.LEN":116.747261495317}},
{"type":"Feature","geometry":{"type":"Polygon","coordinates":[[[103.78315033263095,1.3159458243637765],[103.78336006896005,1.316517419420589],[103.78316054293849,1.3166161945827421],[103.78287592978522,1.3160327526237496],[103.78315033263095,1.3159458243637765]]]},"properties":{"OBJECTID_1":166712,"L_CODE":"WB526","NAME":"HENRY PK","N_RESERVE":0,"INC_CRC":"C12180170AF7EA48","FMEL_UPD_D":"20260115000106","SHAPE_1.AREA":2134.151744265,"SHAPE_1.LEN":197.663999779286}},
{"type":"Feature","geometry":{"type":"Polygon","coordinates":[[[103.83055739899356,1.3610301510514884],[103.82995299565356,1.361142047276495],[103.83000811403517,1.3609423175820858],[103.83055739899356,1.3610301510514884]]]},"properties":{"OBJECTID_1":166713,"L_CODE":"NA545","NAME":"THE INGLEWOOD PG","N_RESERVE":0,"INC_CRC":"BB4B35C0398BA53A","FMEL_UPD_D":"20260115000106","SHAPE_1.AREA":1781.4581025,"SHAPE_1.LEN":298.714783622115}},
{"type":"Feature","geometry":{"type":"Polygon","coordinates":[[[103.80198872888548,1.335572038030766],[103.80200441011412,1.3361710982577155],[103.80178595280387,1.3361654250797335],[103.80142076892733,1.335545351925974],[103.80189881326531,1.3353326425728644],[103.80198872888548,1.335572038030766]]]},"properties":{"OBJECTID_1":166714,"L_CODE":"WB507","NAME":"ORCHID VILLAGE PG","N_RESERVE":0,"INC_CRC":"F5754990AF7C25C7","FMEL_UPD_D":"20260115000106","SHAPE_1.AREA":4005.6134528,"SHAPE_1.LEN":259.965054192441}},
{"type":"Feature","geometry":{"type":"Polygon","coordinates":[[[103.8406171391925,1.3539368989037586],[103.84063025227941,1.3540491449558445],[103.83997520872592,1.3544126389379483],[103.83926979875226,1.3540904962327838],[103.8396201744428,1.3534787018691683],[103.840041907312,1.353733306442606],[103.8404378033596,1.3535127018905198],[103.8406171391925,1.3539368989037586]]]},"properties":{"OBJECTID_1":166715,"L_CODE":"NA540","NAME":"JLN PINTAU PG","N_RESERVE":0,"INC_CRC":"F1356CA49657B19B","FMEL_UPD_D":"20260115000106","SHAPE_1.AREA":9683.000741695,"SHAPE_1.LEN":418.017839583955}},
{"type":"Feature","geometry":{"type":"MultiPolygon","coordinates":[[[[103.87254986501262,1.339663566924185],[103.8714836488116,1.3396365723095387],[103.871470353337,1.3394366582646557],[103.87250050269145,1.3393818383426663],[103.87254986501262,1.339663566924185]]],[[[103.87407943211677,1.3396326912303738],[103.87401293875008,1.3396326923421251],[103.87323106041369,1.3395829652425912],[103.87321759281139,1.339582965463212],[103.872855782293,1.3396175379745443],[103.87280365302264,1.3393200192442967],[103.87297554094634,1.3393134489591385],[103.87307184399036,1.339313039521492],[103.87308545805072,1.3393126929278052],[103.87309081255694,1.339312302155031],[103.87309709077763,1.3393116590495253],[103.87310010004526,1.339311278263025],[103.87310033546713,1.3393112438933377],[103.8731057411845,1.339310438016482],[103.87311652745232,1.3393083758897266],[103.873116708062,1.3393083351903834],[103.87312725530394,1.339305703317978],[103.87312935882068,1.3393051045944446],[103.87313427930505,1.339303607791132],[103.87314700643093,1.3392997423301194],[103.87316698759747,1.3392943112958187],[103.87319640990304,1.3392876944852639],[103.87323388869524,1.3392815577598323],[103.87326502730342,1.3392783684610203],[103.87326508211544,1.3392783648426645],[103.87334008571267,1.33927763831169],[103.87336623560667,1.3392796862671532],[103.87337975085573,1.3392812162293624],[103.87339664649694,1.3392835826728668],[103.87341173424073,1.3392861354450474],[103.87342629453534,1.3392889875703966],[103.87344949900725,1.339294344642391],[103.87347074730748,1.3392991446579938],[103.87348700498367,1.339302224654805],[103.87351305786375,1.3393061211308928],[103.87353180093675,1.3393081447889061],[103.87356591116404,1.3393101690973443],[103.87359415466857,1.3393102473103329],[103.87361632299948,1.3393092901263672],[103.87366023999549,1.3393050036172456],[103.87367815635479,1.3393046063046117],[103.87371787366168,1.339311033867762],[103.87374605534964,1.339322347901948],[103.87378164677902,1.3393473502706323],[103.87379177999651,1.339357636341744],[103.87379870442649,1.3393658668460982],[103.87379878529836,1.339365962707369],[103.8738055138589,1.3393751898244022],[103.87380949817059,1.3393813728968287],[103.87381287684696,1.3393871526328418],[103.87381919482142,1.3393997467049008],[103.87382298868843,1.3394089612095617],[103.87383022969111,1.3394342299317346],[103.87383270010577,1.339451050162041],[103.87383328530302,1.3394653879437246],[103.87388269728271,1.3394789525857946],[103.87388303379086,1.3394514879411608],[103.87388769576232,1.3394118929863115],[103.87389121785453,1.339396151562874],[103.87389125918563,1.3393959914897071],[103.87389249552633,1.3393913466541378],[103.87389641662382,1.3393783517783882],[103.87389644178225,1.3393782776200978],[103.87389892438253,1.339371100543763],[103.87390299468045,1.33936052122253],[103.87390304589631,1.3393604000368622],[103.87390781167284,1.339349458958321],[103.87452275088921,1.3392206897716643],[103.8755166484948,1.3384768494260024],[103.875526280367,1.338752734624827],[103.87542551378249,1.3388862974054565],[103.8751418616615,1.339122298860399],[103.87496896976342,1.3392171244160573],[103.87493808666325,1.339238914696642],[103.87464078284853,1.3393795456891164],[103.87407943211677,1.3396326912303738]]]]},"properties":{"OBJECTID_1":166716,"L_CODE":"CN773","NAME":"OLD UPPER ALJUNIED ROAD","N_RESERVE":0,"INC_CRC":"8DA740235CBF068F","FMEL_UPD_D":"20260810000157","SHAPE_1.AREA":13306.45928374,"SHAPE_1.LEN":1175.83184476633}},
{"type":"Feature","geometry":{"type":"Polygon","coordinates":[[[103.86140611381,1.3828492495839315],[103.86163366393167,1.38295451303483],[103.86144159844889,1.3833759670782029],[103.86128646567113,1.3831423644463359],[103.86140611381,1.3828492495839315]]]},"properties":{"OBJECTID_1":166717,"L_CODE":"NP519","NAME":"MIMOSA WALK PG","N_RESERVE":0,"INC_CRC":"8B87C043B96C216A","FMEL_UPD_D":"20260115000106","SHAPE_1.AREA":1151.456161445,"SHAPE_1.LEN":146.065615878591}},
{"type":"Feature","geometry":{"type":"Polygon","coordinates":[[[103.84833810390934,1.2958692054486074],[103.8483471630439,1.295872387854326],[103.84821168778893,1.2961716981375244],[103.84779123585066,1.2966450840119514],[103.84734763856252,1.296864532449417],[103.84737457411674,1.2968471748256265],[103.84740673917584,1.2968261852432663],[103.84742282305288,1.2968156691993526],[103.84744049644814,1.2968041158399988],[103.84754441885245,1.2967175747787605],[103.84755900842465,1.2967025423446183],[103.84763240730894,1.2966196993998427],[103.84765053799967,1.2965972882326475],[103.84766847101457,1.29657560869757],[103.84768997841192,1.29654960808696],[103.84770883961691,1.296527050408077],[103.84772436634859,1.2965085479198875],[103.84777903608119,1.296444164067804],[103.84781101144239,1.2964061443878512],[103.84787336456073,1.2963317654497288],[103.84787819959328,1.2963263256675148],[103.84788742717166,1.2962448305889274],[103.84788688706476,1.2962304394349813],[103.84788975790762,1.2962297204483604],[103.84789787084414,1.29622724515496],[103.84790998138868,1.2962225568577137],[103.84791875833803,1.2962181823943189],[103.84793140439609,1.296210279981366],[103.84795158109786,1.2961935690114597],[103.8479639378088,1.2961829073830184],[103.84811067104316,1.2960554887602234],[103.84813162135325,1.2960326968354174],[103.84812331243724,1.2960183030140837],[103.84812709937167,1.295944753715631],[103.84821939480722,1.2954379742668103],[103.84822425577106,1.2954112864326757],[103.84826761897843,1.2951731795836414],[103.84824981564277,1.295088059969156],[103.84822152612726,1.29497179861431],[103.8481697615599,1.2947498858828577],[103.84815714729208,1.2946604714083123],[103.84815464281063,1.2946188254235083],[103.84814548217231,1.2946202796959936],[103.8481408996091,1.2946214038483892],[103.8481231165755,1.2946270309106902],[103.8481186840725,1.2946287682215063],[103.84811578268389,1.2946299800873777],[103.84811128188774,1.2946310481686216],[103.848105653364,1.2946224395529904],[103.84821833228172,1.2939747002536388],[103.84841742443325,1.2940108411056401],[103.84831649278838,1.2944495011470698],[103.84839808142802,1.2952164011138212],[103.84838418495195,1.2952832735480855],[103.84839899719276,1.2953938004041354],[103.84839781043794,1.2954312139831883],[103.84839866141311,1.2954404602038543],[103.84839709380003,1.2954988930319407],[103.8483931355542,1.2956236058663488],[103.84837660113082,1.2957207383624458],[103.84840118441463,1.2957263172418916],[103.84840291411314,1.295726709725862],[103.8483611904241,1.295756777391849],[103.84835422314768,1.2957618292152149],[103.84834748679602,1.295766730912627],[103.84833399744676,1.295849031807459],[103.84833331556806,1.2958687234507067],[103.84833810390934,1.2958692054486074]]]},"properties":{"OBJECTID_1":166718,"L_CODE":"CO808","NAME":"CANNING RISE (FCP)","N_RESERVE":0,"INC_CRC":"9CAA7D819992250D","FMEL_UPD_D":"20260115000106","SHAPE_1.AREA":6730.533273315,"SHAPE_1.LEN":796.001014718214}},
{"type":"Feature","geometry":{"type":"Polygon","coordinates":[[[103.84175971842211,1.3002128523026786],[103.84077989201779,1.300575846629554],[103.84080405415115,1.3000505055713825],[103.84154044094713,1.2998949299171418],[103.84175971842211,1.3002128523026786]]]},"properties":{"OBJECTID_1":166719,"L_CODE":"ST524","NAME":"PENANG RD OS","N_RESERVE":0,"INC_CRC":"09F3626ED69FC9FD","FMEL_UPD_D":"20260115000106","SHAPE_1.AREA":4631.60015797,"SHAPE_1.LEN":398.564877701701}},
{"type":"Feature","geometry":{"type":"Polygon","coordinates":[[[103.84108903878791,1.2865328422205815],[103.8405231748007,1.286794702742559],[103.84016700957083,1.2864555307186385],[103.84009267301104,1.2859903437032065],[103.83972876442877,1.2856899146276082],[103.8386063961299,1.2851469455643394],[103.8382280119518,1.285101031715959],[103.83792986795304,1.2853715187729349],[103.83776250456044,1.285105590570064],[103.83810787681222,1.2849007693798051],[103.8380137897741,1.2843810310415043],[103.8392659831583,1.2833799688155103],[103.83945663542144,1.2830954099421077],[103.83977130374129,1.2834296443505975],[103.84042878184948,1.2830719481887567],[103.84030795439845,1.2827383201655205],[103.83971364222295,1.2825178827765655],[103.84006839392468,1.2823536754186555],[103.84086396992214,1.2826099249878606],[103.84063530171309,1.2829470095907254],[103.84081700494325,1.28317760402868],[103.84131956730567,1.2833259463806392],[103.84120097936015,1.283735388016314],[103.84100856621022,1.2837534849466652],[103.84086863130658,1.2849849047969728],[103.84071366143681,1.2854298527835468],[103.84076023376363,1.28577752668909],[103.8411097384188,1.2856285586560627],[103.84108903878791,1.2865328422205815]],[[103.83981959276342,1.2851043507845001],[103.84041264917461,1.2845946283393574],[103.83995561101509,1.284055947327624],[103.83936255643353,1.2845656696680041],[103.83981959276342,1.2851043507845001]]]},"properties":{"OBJECTID_1":166720,"L_CODE":"SO508","NAME":"PEARL'S HILL CITY PK","N_RESERVE":0,"INC_CRC":"65F9DF4340081CA0","FMEL_UPD_D":"20260115000106","SHAPE_1.AREA":84315.97281561,"SHAPE_1.LEN":2520.44646433725}},
{"type":"Feature","geometry":{"type":"Polygon","coordinates":[[[103.80636254773614,1.319014813083275],[103.80596502357191,1.319381004013608],[103.8057470381256,1.3191699319468346],[103.8061967763456,1.31879234663077],[103.80636254773614,1.319014813083275]]]},"properties":{"OBJECTID_1":166721,"L_CODE":"WB512","NAME":"KING'S DR PG","N_RESERVE":0,"INC_CRC":"E891AF2E90A73656","FMEL_UPD_D":"20260115000106","SHAPE_1.AREA":2085.841835045,"SHAPE_1.LEN":195.387601686278}},
{"type":"Feature","geometry":{"type":"Polygon","coordinates":[[[103.87572414773939,1.3321595121301018],[103.87535976944405,1.332038897914885],[103.8755070252713,1.3315885210451843],[103.87587136487042,1.331709256426322],[103.87572414773939,1.3321595121301018]]]},"properties":{"OBJECTID_1":166722,"L_CODE":"NP541","NAME":"CHEMPAKA AVE PG","N_RESERVE":0,"INC_CRC":"8B59A29A1386806B","FMEL_UPD_D":"20260115000106","SHAPE_1.AREA":2238.137973275,"SHAPE_1.LEN":190.235158310021}},
{"type":"Feature","geometry":{"type":"Polygon","coordinates":[[[103.83436237960353,1.3904958090294912],[103.83408298987962,1.3897954017241856],[103.83447006142303,1.3901028853740438],[103.83436237960353,1.3904958090294912]]]},"properties":{"OBJECTID_1":166723,"L_CODE":"NS509","NAME":"LENTOR STREET PG","N_RESERVE":0,"INC_CRC":"BF03D074893D5A7F","FMEL_UPD_D":"20260115000106","SHAPE_1.AREA":1249.789271195,"SHAPE_1.LEN":197.128188966046}},
{"type":"Feature","geometry":{"type":"Polygon","coordinates":[[[103.72851366570686,1.3398963151282157],[103.72814370359761,1.3394069736846155],[103.72775050189045,1.33831660059672],[103.72791501506462,1.3376236694231187],[103.72841220357726,1.3372672515606243],[103.72867618590253,1.337250840572899],[103.73010836758225,1.3376662104347523],[103.73065660373791,1.3380016256666394],[103.730954144554,1.3379203675919065],[103.73164393689835,1.3375360285783995],[103.73181048993875,1.3372493343265905],[103.73233928443682,1.3370290407601575],[103.73284703211466,1.3366057881254423],[103.73311547195219,1.3365490928811559],[103.73304781981493,1.3370314312793736],[103.7327467239601,1.3373458668489946],[103.73177075726892,1.3385671552040534],[103.7318459488013,1.3391511489948447],[103.73166426587979,1.339455392673486],[103.73097978570493,1.3397855433386567],[103.73046241579726,1.3406486311527739],[103.72979377533788,1.340541282936389],[103.72962711066317,1.3403946270452793],[103.72899760398835,1.3403164179568523],[103.72851366570686,1.3398963151282157]]]},"properties":{"OBJECTID_1":166724,"L_CODE":"JLGCG01438","NAME":"CHINESE GARDENS","N_RESERVE":0,"INC_CRC":"A299839C9A327786","FMEL_UPD_D":"20260115000106","SHAPE_1.AREA":132949.90282651,"SHAPE_1.LEN":1997.89344521579}},
{"type":"Feature","geometry":{"type":"Polygon","coordinates":[[[103.92824249644632,1.312994971074676],[103.92812041057836,1.3130162282770506],[103.92831161700944,1.3112247221672246],[103.92844572442925,1.3114169123677655],[103.92824249644632,1.312994971074676]]]},"properties":{"OBJECTID_1":166725,"L_CODE":"EK510","NAME":"SIGLAP LINEAR PK (UPP EC RD-M PARADE)","N_RESERVE":0,"INC_CRC":"EA07FD3A7F1E2D4B","FMEL_UPD_D":"20260115000106","SHAPE_1.AREA":5939.396990905,"SHAPE_1.LEN":789.177658610806}},
{"type":"Feature","geometry":{"type":"Polygon","coordinates":[[[103.8805832485963,1.3689074661936442],[103.87951595996657,1.3691962053231632],[103.87948531186174,1.3688367393149847],[103.8805832485963,1.3689074661936442]]]},"properties":{"OBJECTID_1":166726,"L_CODE":"NP534","NAME":"PK VILLAS TERRACE PG","N_RESERVE":0,"INC_CRC":"6EA410EE83622A95","FMEL_UPD_D":"20260115000106","SHAPE_1.AREA":3347.0671118,"SHAPE_1.LEN":311.313402411865}},
{"type":"Feature","geometry":{"type":"Polygon","coordinates":[[[103.88172507300725,1.3668095539860639],[103.88154267497481,1.3673840006376872],[103.88149739217268,1.3667371642543626],[103.88172507300725,1.3668095539860639]]]},"properties":{"OBJECTID_1":166727,"L_CODE":"NP530","NAME":"POH HUAT RD PG","N_RESERVE":0,"INC_CRC":"7047B4A0428ACCD1","FMEL_UPD_D":"20260115000106","SHAPE_1.AREA":1234.226918515,"SHAPE_1.LEN":191.967755265189}},
{"type":"Feature","geometry":{"type":"Polygon","coordinates":[[[103.86081793581582,1.3843788599278235],[103.86015317757064,1.38429688698417],[103.86020695727527,1.383494091421211],[103.86082847397459,1.384193573693723],[103.86081793581582,1.3843788599278235]]]},"properties":{"OBJECTID_1":166728,"L_CODE":"NP535","NAME":"MIMOSA TERRACE PG","N_RESERVE":0,"INC_CRC":"F9BDE9E4F94F2C25","FMEL_UPD_D":"20260115000106","SHAPE_1.AREA":4333.687687495,"SHAPE_1.LEN":337.782294207014}},
{"type":"Feature","geometry":{"type":"Polygon","coordinates":[[[103.74910191700317,1.31757956935571],[103.74825917911701,1.3178225005536723],[103.7485677083633,1.3171756315542622],[103.74876751660081,1.3174854109832048],[103.74910191700317,1.31757956935571]]]},"properties":{"OBJECTID_1":166729,"L_CODE":"WJ520","NAME":"PANDAN RESERVOIR FITNESS CORNER","N_RESERVE":0,"INC_CRC":"CD8CAD83D04EB0F6","FMEL_UPD_D":"20260115000106","SHAPE_1.AREA":2958.70651309,"SHAPE_1.LEN":282.052724187433}},
{"type":"Feature","geometry":{"type":"Polygon","coordinates":[[[103.91292529109371,1.3105226707861908],[103.91253174415584,1.3104928393320727],[103.91270304836833,1.310082171292337],[103.91307907510247,1.310160738547931],[103.91292529109371,1.3105226707861908]]]},"properties":{"OBJECTID_1":166730,"L_CODE":"PKER006","NAME":"TELOK KURAU LORONG N PK","N_RESERVE":0,"INC_CRC":"D660E7257CBEB436","FMEL_UPD_D":"20260115000106","SHAPE_1.AREA":2046.66434455,"SHAPE_1.LEN":183.343520260793}},
{"type":"Feature","geometry":{"type":"Polygon","coordinates":[[[103.92433822065476,1.3156965315769364],[103.92435647602252,1.3161052046512662],[103.92408917371813,1.3160562974293213],[103.92425536955999,1.3150912639911565],[103.92452345433638,1.315138451978667],[103.92433822065476,1.3156965315769364]]]},"properties":{"OBJECTID_1":166731,"L_CODE":"EK516","NAME":"ELITE TERRACE PK","N_RESERVE":0,"INC_CRC":"4C9636E9055E637E","FMEL_UPD_D":"20260115000106","SHAPE_1.AREA":3164.410264255,"SHAPE_1.LEN":297.858265405463}},
{"type":"Feature","geometry":{"type":"Polygon","coordinates":[[[103.76113134843264,1.3400012704017215],[103.76080987356008,1.339887201581025],[103.7609983815921,1.3393247480787203],[103.7612505507952,1.3394010205538136],[103.76113134843264,1.3400012704017215]]]},"properties":{"OBJECTID_1":166732,"L_CODE":"WB540","NAME":"BURGUNDY CRESCENT PLAYGROUND","N_RESERVE":0,"INC_CRC":"EF2B52E489439620","FMEL_UPD_D":"20260115000106","SHAPE_1.AREA":2680.797831605,"SHAPE_1.LEN":297.696159771088}},
{"type":"Feature","geometry":{"type":"Polygon","coordinates":[[[103.84424362434196,1.2994359020368778],[103.84310562523444,1.2998498923696398],[103.84301834355931,1.2994530538196873],[103.84385573743265,1.2989060155599053],[103.84445723298124,1.298678110326339],[103.84467085560921,1.2992730566021984],[103.84424362434196,1.2994359020368778]]]},"properties":{"OBJECTID_1":166733,"L_CODE":"ST528","NAME":"ISTANA PK","N_RESERVE":0,"INC_CRC":"60C9772622BB5B40","FMEL_UPD_D":"20260115000106","SHAPE_1.AREA":12376.712200195,"SHAPE_1.LEN":1113.18414695351}},
{"type":"Feature","geometry":{"type":"Polygon","coordinates":[[[103.95748417931073,1.3234805540883836],[103.95721159259308,1.3232006838862622],[103.95752089128267,1.3228092331038757],[103.95802079096771,1.3230394766532927],[103.95748417931073,1.3234805540883836]]]},"properties":{"OBJECTID_1":166734,"L_CODE":"EC511","NAME":"EASTWOOD PK PG","N_RESERVE":0,"INC_CRC":"205B33929CB1C687","FMEL_UPD_D":"20260526000156","SHAPE_1.AREA":3274.52776897,"SHAPE_1.LEN":243.228839723715}},
{"type":"Feature","geometry":{"type":"Polygon","coordinates":[[[103.80850000156549,1.3259129565978294],[103.8087222176108,1.3261856799027982],[103.80681532708351,1.3275558184392342],[103.80659760210116,1.3271999839174187],[103.80850000156549,1.3259129565978294]]]},"properties":{"OBJECTID_1":166735,"L_CODE":"WB504","NAME":"BOUGAINVILLEA PK","N_RESERVE":0,"INC_CRC":"C4A764FCBD83C176","FMEL_UPD_D":"20260115000106","SHAPE_1.AREA":11333.26893399,"SHAPE_1.LEN":608.502350291076}},
{"type":"Feature","geometry":{"type":"Polygon","coordinates":[[[103.8448520567598,1.374411334072308],[103.84463534791854,1.3762749132599417],[103.84451456458658,1.3770725721166686],[103.84397257366354,1.3771821021631214],[103.8439795809026,1.3768144690337465],[103.84382682112802,1.3762718330953436],[103.84351369444413,1.3760273395927272],[103.84262338820191,1.3759116750639533],[103.84258054033658,1.376293041104492],[103.84202259457173,1.376190935972439],[103.8410086627627,1.3760927436042016],[103.8407266505689,1.3750396385741195],[103.8406087209254,1.3744074711500915],[103.84066719706847,1.3734476872802603],[103.84124963759976,1.3723036365919363],[103.84507809796601,1.3718368250117057],[103.845164747749,1.3719533971342597],[103.8448520567598,1.374411334072308]]]},"properties":{"OBJECTID_1":166736,"L_CODE":"NA501","NAME":"ANG MO KIO TOWN GARDEN WEST","N_RESERVE":0,"INC_CRC":"E7754670AC0B4AEF","FMEL_UPD_D":"20260115000106","SHAPE_1.AREA":210642.06133603,"SHAPE_1.LEN":1999.29798908997}},
{"type":"Feature","geometry":{"type":"Polygon","coordinates":[[[103.78410554358258,1.314395826314692],[103.7839328581684,1.314000372383045],[103.78383306042656,1.3133319727805208],[103.78402553704493,1.3129577063184823],[103.78457937166205,1.313638503760121],[103.78422391910294,1.3143206497546782],[103.78410554358258,1.314395826314692]]]},"properties":{"OBJECTID_1":166737,"L_CODE":"WB519","NAME":"GROVE LANE PG","N_RESERVE":0,"INC_CRC":"E501FECD56DFCA03","FMEL_UPD_D":"20260115000106","SHAPE_1.AREA":7367.45627998,"SHAPE_1.LEN":369.195259701765}},
{"type":"Feature","geometry":{"type":"Polygon","coordinates":[[[103.84687990592718,1.3134689339057029],[103.84706852058105,1.3136464686997817],[103.84684897114631,1.313894718008579],[103.84660712529696,1.3136793719961002],[103.84687990592718,1.3134689339057029]]]},"properties":{"OBJECTID_1":166738,"L_CODE":"PKCR021","NAME":"CAMBRIDGE PARK","N_RESERVE":0,"INC_CRC":"748CE70F4E356E18","FMEL_UPD_D":"20260115000106","SHAPE_1.AREA":1350.8490247,"SHAPE_1.LEN":146.325537339769}},
{"type":"Feature","geometry":{"type":"Polygon","coordinates":[[[103.82254883797154,1.3985605551732991],[103.82192906306965,1.3983976862079912],[103.82209171030068,1.397545658490933],[103.82257004432252,1.3976101003022616],[103.82271689387822,1.3978353563569705],[103.82254883797154,1.3985605551732991]]]},"properties":{"OBJECTID_1":166739,"L_CODE":"NS520","NAME":"SPRINGLEAF GARDEN PG","N_RESERVE":0,"INC_CRC":"6039F887C6E42F89","FMEL_UPD_D":"20260115000106","SHAPE_1.AREA":7578.133219115,"SHAPE_1.LEN":340.791013418893}},
{"type":"Feature","geometry":{"type":"Polygon","coordinates":[[[103.81347498496856,1.3717283767134558],[103.81330620490675,1.372012995899822],[103.81292472161388,1.373216081927819],[103.81189833812715,1.3734178908024073],[103.81171837766695,1.3736094714912204],[103.81203548084802,1.3742272410149061],[103.81192938933208,1.3748128538558144],[103.81178113332204,1.3750789906146252],[103.81094496066213,1.3757494260172078],[103.81025719045277,1.375855564645932],[103.81044800493872,1.3751102691290824],[103.81044827888431,1.3745565495554208],[103.81061778434994,1.374109398262345],[103.81090358301219,1.3738433298013697],[103.81141153031791,1.3736519132031868],[103.81228903195473,1.3707133488154422],[103.81231247635877,1.3707365459648628],[103.81254161058652,1.3708855790619439],[103.81288149106192,1.3713440557790961],[103.81292178833574,1.3714543017408063],[103.81297319926932,1.3715490940212167],[103.81347498496856,1.3717283767134558]]]},"properties":{"OBJECTID_1":166740,"L_CODE":"NRNP06","NAME":"UPPER PEIRCE RESERVOIR PARK","N_RESERVE":1,"INC_CRC":"ADE044539CE9A11A","FMEL_UPD_D":"20260115000106","SHAPE_1.AREA":69164.615791055,"SHAPE_1.LEN":1523.95558833722}},
{"type":"Feature","geometry":{"type":"MultiPolygon","coordinates":[[[[103.82496063206546,1.2697811372836099],[103.8249962184333,1.2700893070103458],[103.82453925240019,1.2701228194446172],[103.82458164462112,1.269778728600776],[103.82496063206546,1.2697811372836099]]],[[[103.8152370748691,1.276149768959537],[103.81564702285502,1.2759393071180871],[103.81462477976234,1.2745197543844813],[103.81382456717967,1.273768989859816],[103.81252137439269,1.2728257269754277],[103.81193896692716,1.2721897004080598],[103.81224411070625,1.2720398677528697],[103.81243862241956,1.2724353300460494],[103.8128064907965,1.272557512721477],[103.81359136356963,1.27227641513076],[103.81372343907694,1.272301738362866],[103.81434276223926,1.2732112366254082],[103.81487508673482,1.2735112626821636],[103.81513760405694,1.2743745442035885],[103.81557601071655,1.275137751706844],[103.81596062455694,1.2752890328970627],[103.81681624144885,1.2751392540263053],[103.81702528967224,1.2749701572103977],[103.81727441681949,1.2745520057570985],[103.81756401355383,1.2743457689397053],[103.81805849643288,1.2742529171710568],[103.81837017283966,1.2738831675907312],[103.8186522900885,1.2738202914412613],[103.81877671667803,1.2736522457677533],[103.81886240504726,1.2732574674336516],[103.8190987871148,1.272801122578351],[103.81903085544461,1.2719295911037416],[103.81928964266724,1.2715770710661622],[103.81971993637104,1.271301735850071],[103.82021433776701,1.2712012616672037],[103.82071939525409,1.2712028775867963],[103.82135149608624,1.2705352024139356],[103.82168182297255,1.2700507428413472],[103.82177286389152,1.2693309229749226],[103.82256289560678,1.2686937605637671],[103.82286596923959,1.2682739221156758],[103.823024405665,1.2678863281888555],[103.82326052041128,1.2676965861085594],[103.82406057560827,1.2677327664300277],[103.82428518155976,1.2678844988796352],[103.82423098195045,1.2689277976840614],[103.82371695904664,1.2694875471085216],[103.82366962272712,1.269899702238404],[103.82404116635612,1.270006129283067],[103.82423481986368,1.2696207257854866],[103.8244860692861,1.2697855887863314],[103.82439431873875,1.2701334461374023],[103.82376337444683,1.2702716860023209],[103.82376747292749,1.2699554295762079],[103.8230318427761,1.269943987418277],[103.82301184734733,1.27070916965925],[103.82211384290862,1.2706661452486967],[103.8220543313276,1.271040742011405],[103.82158849296245,1.2714714256600357],[103.82125815215699,1.2722009934454481],[103.82040061755148,1.2721005324017414],[103.82010400931175,1.2724459078728674],[103.81997156310452,1.272853269344212],[103.82008347175908,1.2736252087317619],[103.81952851560149,1.2740953218390256],[103.81940604343924,1.2745821408329268],[103.81949073715748,1.274843385197356],[103.81886855271259,1.2752112231560866],[103.81911975415086,1.2756408069590714],[103.81856781598665,1.2761953685545746],[103.81827003858415,1.2766006859999637],[103.81746164541435,1.2763552355585555],[103.81696930364443,1.2772503647228912],[103.81649857713896,1.277394788741848],[103.8161606058206,1.2767305494453203],[103.81567935457014,1.275987029774596],[103.81527024940607,1.2761975585500436],[103.8152370748691,1.276149768959537]]],[[[103.82427780430523,1.2690024875470338],[103.82429707271132,1.268933547869983],[103.8243054023588,1.2683470129256045],[103.82435973464044,1.2679033569601448],[103.82440302992293,1.2678070331925153],[103.82406022355178,1.2676853388140064],[103.82340677590558,1.2676278458918684],[103.82305560314653,1.2677878194498835],[103.82256615659949,1.2686423356699021],[103.82178848257678,1.2692492100496997],[103.82167042804093,1.2695865720279929],[103.82167084870967,1.269953056902006],[103.8213457978581,1.2704746913256844],[103.82075678363661,1.2711317150983081],[103.82023109924565,1.2711599557865685],[103.82001367823722,1.270949689808442],[103.81949284186507,1.271072888694112],[103.81894061875242,1.2713527775737075],[103.81908635073962,1.2716080806202172],[103.81888544594268,1.2724958095798813],[103.8190582547102,1.2727046356544203],[103.81880427143459,1.2732850809844223],[103.8187218520203,1.273663595235583],[103.81822023935322,1.2739177622872524],[103.81795875989604,1.2742432579562795],[103.81750867379596,1.274316960957034],[103.81722740757269,1.2744935237979493],[103.81694913867719,1.2749782164242385],[103.81675372957964,1.2751083442369315],[103.81589619461776,1.2752138164268343],[103.81563915469063,1.2751031077323964],[103.81519575207601,1.2743516063039573],[103.8149364603438,1.2735075045830044],[103.8146390377378,1.273272237315586],[103.81467591698183,1.2730572682281567],[103.81511703040377,1.272948979125756],[103.81529219641504,1.2733211446287525],[103.81581793785438,1.273032335712746],[103.81609124541828,1.273166183579482],[103.81568587939,1.2718125906597528],[103.81590190417988,1.2706251609375645],[103.81619738892817,1.2703807492496653],[103.81695626104839,1.2708995160386325],[103.81760775596247,1.2703591529954092],[103.81760119725821,1.2702601973391718],[103.81822026512103,1.2694875116138409],[103.81849994260456,1.2695418836667578],[103.81911066916093,1.2692218866111316],[103.81957177634499,1.2697164682492204],[103.81995903700633,1.269460173255164],[103.82060291512586,1.2699895465759643],[103.8215461543411,1.269411743236468],[103.82075279641472,1.2688032193969823],[103.82094138392101,1.2681367937403933],[103.82101846394245,1.26638383265512],[103.8211700570484,1.2660493214148916],[103.82168991182182,1.2659746323092285],[103.82244583693343,1.2659804922822266],[103.82217820468779,1.2663215516065003],[103.82133773818832,1.2665317620526373],[103.82141724823614,1.2671801840006383],[103.82136980638334,1.2678069286311533],[103.82155586465079,1.2680541286217646],[103.82140604962215,1.2685961681427063],[103.82157823478863,1.2687975981534394],[103.82190675729849,1.2686897450638919],[103.82234578233329,1.2683833390686672],[103.82270106422587,1.2679995551814784],[103.82298695310281,1.26740254701594],[103.82374735520013,1.2673890043811729],[103.82397676041617,1.2672223307516843],[103.82428810202909,1.267299003931292],[103.8245277199401,1.266864717824468],[103.82456842566977,1.2664878102721822],[103.82485335278507,1.2666393936574953],[103.8250731556845,1.2663321336394557],[103.82549189670986,1.2665422171365341],[103.82586217209665,1.2669658409051332],[103.82589807695642,1.2671545277287188],[103.82540517909132,1.2680746444162403],[103.82510962837785,1.2682217936250564],[103.82462545385899,1.2680790289695882],[103.82436762022388,1.2678885778544873],[103.82432761425667,1.2688266845898106],[103.82427780430523,1.2690024875470338]]]]},"properties":{"OBJECTID_1":166741,"L_CODE":"WT502","NAME":"MOUNT FABER PARK","N_RESERVE":0,"INC_CRC":"97CE116D54B446B2","FMEL_UPD_D":"20260422000213","SHAPE_1.AREA":546111.976896596,"SHAPE_1.LEN":15075.331421433}},
{"type":"Feature","geometry":{"type":"MultiPolygon","coordinates":[[[[103.92552851027978,1.3186074627859723],[103.92533164628907,1.318836726260879],[103.926688365124,1.315869115222253],[103.92678074633233,1.315905087320714],[103.92552851027978,1.3186074627859723]]],[[[103.92810880324744,1.313305625028174],[103.92765699233672,1.3139512040041752],[103.92703449512585,1.3153811618946776],[103.92670847984452,1.3157668680339203],[103.9276733265554,1.3136743958125947],[103.92810880324744,1.313305625028174]]]]},"properties":{"OBJECTID_1":166743,"L_CODE":"EK517","NAME":"SIGLAP LINEAR PK (JLN B'WAN-UPP EC RD)","N_RESERVE":0,"INC_CRC":"A5919269FFD4F0B0","FMEL_UPD_D":"20260115000106","SHAPE_1.AREA":11008.18851693,"SHAPE_1.LEN":2171.92351927206}},
{"type":"Feature","geometry":{"type":"Polygon","coordinates":[[[103.95851083171505,1.3394795240767072],[103.95782739678141,1.3391305186452735],[103.95822979381829,1.3387021820858025],[103.95864101392837,1.338969788922061],[103.95851083171505,1.3394795240767072]]]},"properties":{"OBJECTID_1":166744,"L_CODE":"EC517","NAME":"SUNBIRD CIRCLE PG","N_RESERVE":0,"INC_CRC":"35E60440C64F5ACA","FMEL_UPD_D":"20260115000106","SHAPE_1.AREA":4623.228561255,"SHAPE_1.LEN":267.976689367269}},
{"type":"Feature","geometry":{"type":"Polygon","coordinates":[[[103.84925999356565,1.3717897466082518],[103.84928142036036,1.371166576198123],[103.84901388108082,1.3713507155799223],[103.8498525251408,1.3698728611625235],[103.85008615056036,1.3695891333345205],[103.85013477116281,1.3693117554326133],[103.85149863260762,1.3696730027642856],[103.85142957056394,1.3699484545508704],[103.85186591542927,1.3700649893792751],[103.85178678456683,1.3706446042677134],[103.85125329117231,1.3714453957423316],[103.85066836126018,1.3718506999513522],[103.84927728115602,1.3716512340657585],[103.84925999356565,1.3717897466082518]]]},"properties":{"OBJECTID_1":166745,"L_CODE":"NA500","NAME":"ANG MO KIO TOWN GARDEN EAST","N_RESERVE":0,"INC_CRC":"9B4409DAC2B5A71A","FMEL_UPD_D":"20260115000106","SHAPE_1.AREA":57647.978649145,"SHAPE_1.LEN":1344.24512398311}},
{"type":"Feature","geometry":{"type":"Polygon","coordinates":[[[103.80903066284144,1.331854492940367],[103.80814170204289,1.3319580969970348],[103.80797088143152,1.3316607040176385],[103.80789903688886,1.3311812182666658],[103.80814797402192,1.3310672256940603],[103.80852231536632,1.3316762204203112],[103.80939135615871,1.3314585928487117],[103.80947087603995,1.3317021028082023],[103.80903066284144,1.331854492940367]]]},"properties":{"OBJECTID_1":166746,"L_CODE":"WB509","NAME":"WATTEN HEIGHTS PG","N_RESERVE":0,"INC_CRC":"D9425E08F8905AEE","FMEL_UPD_D":"20260115000106","SHAPE_1.AREA":9194.452398245,"SHAPE_1.LEN":712.187119890337}},
{"type":"Feature","geometry":{"type":"Polygon","coordinates":[[[103.89225912934306,1.3141056025741176],[103.89255755160637,1.3143548852764007],[103.89255957040908,1.3149930227026352],[103.89230073057969,1.3148414936015327],[103.89225912934306,1.3141056025741176]]]},"properties":{"OBJECTID_1":166747,"L_CODE":"EK530","NAME":"GUILLEMARD RD OS","N_RESERVE":0,"INC_CRC":"980522CA38E066F3","FMEL_UPD_D":"20260115000106","SHAPE_1.AREA":2880.29094643,"SHAPE_1.LEN":239.082035135488}},
{"type":"Feature","geometry":{"type":"MultiPolygon","coordinates":[[[[103.77803790104626,1.450171340372213],[103.77834348737761,1.45057784105223],[103.7778971836026,1.4511379112868277],[103.77714195656056,1.4510458916663966],[103.77798326918933,1.4500450175717239],[103.77803790104626,1.450171340372213]]],[[[103.77766624388092,1.4492675105886725],[103.77785561967704,1.4498107662620632],[103.77684711782355,1.4509949957599313],[103.77612329822453,1.450853832588795],[103.77758078100491,1.4491445512476764],[103.77766624388092,1.4492675105886725]]],[[[103.78093966093387,1.4438233663515403],[103.78103681612109,1.4440357954097682],[103.78055014265846,1.4444932834086412],[103.78011888371286,1.445417288413105],[103.77986846701864,1.4463622969243146],[103.77953343398669,1.4467132090446624],[103.77900513904636,1.447819368318396],[103.77846976375372,1.4485043472100843],[103.77797955873997,1.449273215803718],[103.77788498612294,1.4486949726611826],[103.77749240331639,1.446955492602293],[103.77820114289551,1.4467407427609054],[103.77861975138987,1.4465341593063061],[103.77897893764369,1.4462350507408048],[103.77935971471749,1.4456580480691676],[103.77983608456312,1.4446572276746914],[103.78011926874935,1.4443172661088104],[103.7806515536381,1.4439235368823657],[103.78093966093387,1.4438233663515403]]],[[[103.78522740775287,1.4416628932353863],[103.7853116491355,1.441764717300951],[103.78484266726403,1.4427939985525646],[103.78411528565223,1.4433294844298712],[103.78266013568026,1.4447763341608209],[103.78254717988152,1.4460772311589125],[103.78193942659763,1.4454420568016564],[103.78146027568398,1.4446492628580692],[103.78118659028524,1.4438263745503257],[103.78240462280247,1.4434007555818906],[103.78291975944157,1.4431571678155086],[103.78376082305056,1.4425722351395212],[103.78460251955767,1.4418271755631558],[103.7849293351892,1.4416054064453099],[103.78522740775287,1.4416628932353863]]],[[[103.78137521074238,1.4448075416681225],[103.78190062759231,1.445690501707799],[103.7814013411186,1.4460326561351382],[103.78121588112701,1.4463437166646236],[103.78112819243402,1.4469238284309585],[103.78065058123896,1.447125643174942],[103.78013522410266,1.4475665895693737],[103.7798681325672,1.4483648737617474],[103.77986692593439,1.4488552556766205],[103.78016768630208,1.4495977522836074],[103.7801572554862,1.4505159348823427],[103.78035609882402,1.4509010581507849],[103.78042318369613,1.4513346603155082],[103.77989199643058,1.4512117556348612],[103.77910992556285,1.4508087345562333],[103.7785602272741,1.4503140797579628],[103.77819231557059,1.4498053483588376],[103.77839127372172,1.4495117164274323],[103.77856872762263,1.4488352832655227],[103.7791624770861,1.4481054755669456],[103.77979134644463,1.4468644156819985],[103.78007465412904,1.4465973277362065],[103.78055199658615,1.4451110992525962],[103.78082838211476,1.4446065342699592],[103.78115173118121,1.4443289745718721],[103.78137521074238,1.4448075416681225]]]]},"properties":{"OBJECTID_1":166748,"L_CODE":"NW512","NAME":"ADMIRALTY PK","N_RESERVE":0,"INC_CRC":"7A21511B91A9D243","FMEL_UPD_D":"20260518000502","SHAPE_1.AREA":245274.740363615,"SHAPE_1.LEN":5915.18816356866}},
{"type":"Feature","geometry":{"type":"Polygon","coordinates":[[[103.76741121493022,1.3010667493215244],[103.7668692240544,1.302006486962134],[103.7668673464425,1.3023705748855607],[103.76705282407096,1.302683208548399],[103.76737899079365,1.3028848551025947],[103.76726153378905,1.3031969209519019],[103.76747835699321,1.3036938340848805],[103.7665200868646,1.3033141339966434],[103.76638080681383,1.303181659012738],[103.7660259903301,1.30246034673425],[103.76575039395657,1.302256567981468],[103.76725941582238,1.2986064406089748],[103.76729410413655,1.2980860070489615],[103.76718002614743,1.297039654652722],[103.7676355479676,1.2971493207560285],[103.76867352569124,1.2972149864162048],[103.76925414987916,1.2974379903732067],[103.76948324281547,1.2977854258176693],[103.7694832504104,1.2982349400694817],[103.76889350325082,1.2984321487670476],[103.76879659567014,1.299125721298249],[103.76861938314784,1.2995436315859172],[103.76869911559417,1.2997156446205733],[103.76837628614211,1.3004361613454511],[103.76788790416896,1.3002822529935665],[103.76741121493022,1.3010667493215244]]]},"properties":{"OBJECTID_1":166742,"L_CODE":"WJ501","NAME":"CLEMENTI WOODS PARK","N_RESERVE":0,"INC_CRC":"222CB5C00A363D2D","FMEL_UPD_D":"20260115000106","SHAPE_1.AREA":114671.768318945,"SHAPE_1.LEN":2426.17757866004}},
{"type":"Feature","geometry":{"type":"Polygon","coordinates":[[[103.85664509561487,1.3878585651088224],[103.85653247018269,1.3875325411648396],[103.85686261657744,1.3875575354112883],[103.85664509561487,1.3878585651088224]]]},"properties":{"OBJECTID_1":166753,"L_CODE":"NA518","NAME":"SUNRISE WAY PG","N_RESERVE":0,"INC_CRC":"B3A3E51D39987EEB","FMEL_UPD_D":"20260115000106","SHAPE_1.AREA":1133.30637479,"SHAPE_1.LEN":158.367371582273}},
{"type":"Feature","geometry":{"type":"Polygon","coordinates":[[[103.80855071685127,1.405310964674581],[103.80811114749883,1.4054966891595535],[103.80794685721955,1.4056186137126065],[103.80776195375071,1.4057918516354069],[103.80761473829173,1.4060809416917384],[103.80742594158673,1.405729781412589],[103.80766556816887,1.4054520792373038],[103.80868861100782,1.404948649916126],[103.80811720861276,1.4038045998907656],[103.80671546155823,1.4011514463437105],[103.80615092714291,1.4008598484669883],[103.80612825341095,1.400454083611951],[103.80461411472379,1.3992408295533745],[103.80354261300245,1.3974676857893964],[103.80258596755503,1.3972856077394615],[103.80250084155254,1.396931114036897],[103.80286051730644,1.3968561515083302],[103.8031946583076,1.3964106299850076],[103.80389590521477,1.3972545660526683],[103.80441412831514,1.3976947427471356],[103.80432261138434,1.3979207168419328],[103.80478975299593,1.3986650494090669],[103.80526033187958,1.3987368570970324],[103.80562133013899,1.399308949392801],[103.80610382412823,1.39916780014286],[103.80726006843788,1.3986612791001518],[103.80736609546295,1.398675463423215],[103.80767343415727,1.3992833079382305],[103.80819887224087,1.3995534652684332],[103.80880483448989,1.4000491997409235],[103.80886390717238,1.4005764382264774],[103.80849152637717,1.4005276438485756],[103.80803414616257,1.401138449057976],[103.80854544961993,1.4015302792874686],[103.80830226069355,1.4017210097564448],[103.80771401878228,1.4019129871608993],[103.80817957141954,1.4026042518696458],[103.80817705714928,1.4028600520893202],[103.80881891311805,1.40431532613478],[103.80895449027885,1.4052003788066623],[103.80855071685127,1.405310964674581]]]},"properties":{"OBJECTID_1":166754,"L_CODE":"NRNP05","NAME":"UPPER SELETAR RESERVOIR PARK","N_RESERVE":1,"INC_CRC":"BBF64AF3557283FA","FMEL_UPD_D":"20260115000106","SHAPE_1.AREA":134414.59193108,"SHAPE_1.LEN":3625.55502248942}},
{"type":"Feature","geometry":{"type":"Polygon","coordinates":[[[103.89065967261175,1.3679124123095376],[103.89021479241,1.3683537751313886],[103.88990592827668,1.3682096368303542],[103.88996653677532,1.3678263207707917],[103.89028365308127,1.367884034242085],[103.89188129889878,1.366796135396683],[103.89185698629602,1.3669434559573757],[103.89121234823249,1.3674188080283893],[103.89065967261175,1.3679124123095376]]]},"properties":{"OBJECTID_1":166755,"L_CODE":"PKNE031","NAME":"REALTY PARK","N_RESERVE":0,"INC_CRC":"6713FD41DB482C72","FMEL_UPD_D":"20260422000213","SHAPE_1.AREA":7969.710883395,"SHAPE_1.LEN":900.171360605636}},
{"type":"Feature","geometry":{"type":"Polygon","coordinates":[[[103.75705906457311,1.3754966124435402],[103.75757845233363,1.3756438504169675],[103.75737585040851,1.376270621158391],[103.75690127304311,1.376134968570888],[103.75705906457311,1.3754966124435402]]]},"properties":{"OBJECTID_1":166756,"L_CODE":"WB527","NAME":"PHOENIX PARK","N_RESERVE":0,"INC_CRC":"51E7B1E427E857AC","FMEL_UPD_D":"20260115000106","SHAPE_1.AREA":4114.13181885,"SHAPE_1.LEN":260.687376342627}},
{"type":"Feature","geometry":{"type":"Polygon","coordinates":[[[103.7692340999361,1.372078935630602],[103.76950930909112,1.3721003339493267],[103.7694336167082,1.3723857617619861],[103.76921868576312,1.3722511495769365],[103.7692340999361,1.372078935630602]]]},"properties":{"OBJECTID_1":166749,"L_CODE":"NW514","NAME":"CASHEW CRESCENT FC PG","N_RESERVE":0,"INC_CRC":"8D92F8C66E7B21F1","FMEL_UPD_D":"20260115000106","SHAPE_1.AREA":1181.50816897,"SHAPE_1.LEN":190.104146579203}},
{"type":"Feature","geometry":{"type":"MultiPolygon","coordinates":[[[[103.88305717003325,1.394920825302479],[103.88237764074177,1.3950441921562091],[103.882349786691,1.394528691829494],[103.88305717003325,1.394920825302479]]],[[[103.88372003022303,1.395286655187947],[103.88414312080428,1.3955275233119961],[103.88447005092469,1.395937970704025],[103.8849728149818,1.3975691595710296],[103.88453492057596,1.3976528508962878],[103.8826211192295,1.3978617639437647],[103.88243345479918,1.3958959072060513],[103.88260852761994,1.3955848837829234],[103.8828748536379,1.395435578550525],[103.88372003022303,1.395286655187947]]],[[[103.88415498337872,1.4009373010733124],[103.88330521074188,1.4009341442440226],[103.8830921166974,1.400726940994882],[103.88275446358944,1.3989117002837015],[103.88269318700813,1.3983693998713234],[103.88288623355614,1.398152692141812],[103.88507232459833,1.3978940002876892],[103.8856726712293,1.3998618397744211],[103.88627779805665,1.39960902751928],[103.88707438959514,1.399500127520915],[103.88654494965974,1.397726068438289],[103.88744861867906,1.397642945682591],[103.88770653473418,1.3977649564340664],[103.88782775442334,1.3985956839765725],[103.88793443082378,1.3988499071483051],[103.88840076733749,1.3990810605740969],[103.88851847959569,1.3999247015502205],[103.88933353590326,1.3998095077804298],[103.88945415774384,1.4006739887743465],[103.88761124787881,1.4008322436376337],[103.88739410379102,1.400516905224582],[103.88708973757535,1.3995490089271723],[103.88632968114261,1.399644897020754],[103.88568708641989,1.3999090906440286],[103.88595716626357,1.4008558402771512],[103.88415498337872,1.4009373010733124]]]]},"properties":{"OBJECTID_1":166750,"L_CODE":"NP544","NAME":"SENGKANG RIVERSIDE PK","N_RESERVE":0,"INC_CRC":"C00B1D0E4BA8CC0C","FMEL_UPD_D":"20260626000150","SHAPE_1.AREA":213964.524126215,"SHAPE_1.LEN":3918.82643816107}},
{"type":"Feature","geometry":{"type":"Polygon","coordinates":[[[103.8749930057702,1.3790447359485456],[103.87538789719817,1.3790843093545502],[103.87609352429781,1.3799755482911635],[103.87373527819287,1.379871368154389],[103.87377580288188,1.3790141968041887],[103.8749930057702,1.3790447359485456]]]},"properties":{"OBJECTID_1":166751,"L_CODE":"PKNE025","NAME":"LUXUS HILLS PARK","N_RESERVE":0,"INC_CRC":"CE83758777331A5A","FMEL_UPD_D":"20260115000106","SHAPE_1.AREA":21358.394022365,"SHAPE_1.LEN":665.906007638971}},
{"type":"Feature","geometry":{"type":"Polygon","coordinates":[[[103.90468578196399,1.4119675692366327],[103.90396974600611,1.41215234361215],[103.90229729078337,1.4124765893985625],[103.90128570286241,1.412555422890143],[103.90092350565246,1.4124102877270348],[103.90047912567232,1.411640421605135],[103.9025491890437,1.4102405417843547],[103.90289048037486,1.4106565504239443],[103.90316169238255,1.4108121307207688],[103.90276767966938,1.4114121216184625],[103.90269851144652,1.4116982099816462],[103.90300936327749,1.4119277488335158],[103.90348094757188,1.4119369093292433],[103.90320978484621,1.4115409683068387],[103.90332141192602,1.4108595941123965],[103.90396965182653,1.4108179320881182],[103.90486218121386,1.4103695964054481],[103.90509891620496,1.4104309428847361],[103.9055808164336,1.41109698056276],[103.90601729215751,1.4108532274225285],[103.90644885673721,1.410888257891179],[103.90719421304243,1.41039421765394],[103.9077806692637,1.4099181845633826],[103.90814671795536,1.4092240097854303],[103.9080948412169,1.408304384405156],[103.90800164832314,1.4079142062299552],[103.90750343557258,1.407429207707289],[103.90729779599613,1.407043461755111],[103.90582290891147,1.4078465576008348],[103.90569228593752,1.407428360593327],[103.90607587557132,1.4071502152812163],[103.90746863021916,1.4063029039872932],[103.90777179459965,1.4063698207756825],[103.90903468236155,1.408593236425547],[103.90910556411265,1.4091936905705638],[103.90870459658439,1.40960436503987],[103.90792023792828,1.4101873845774242],[103.90652088297904,1.411065543362356],[103.9056975602569,1.411521035549082],[103.90468578196399,1.4119675692366327]]]},"properties":{"OBJECTID_1":166752,"L_CODE":"PKNE018","NAME":"PUNGGOL WATERWAY PK","N_RESERVE":0,"INC_CRC":"FD48ECB788E442E0","FMEL_UPD_D":"20260115000106","SHAPE_1.AREA":135382.706657445,"SHAPE_1.LEN":4464.52861968091}},
{"type":"Feature","geometry":{"type":"Polygon","coordinates":[[[103.82187171372759,1.4495380716487694],[103.82185588908003,1.4494163378905451],[103.82220672205203,1.448612468888484],[103.82258223163237,1.4486778941881788],[103.82357357528949,1.4481821120738785],[103.82335363448365,1.447834608467861],[103.82255674989105,1.4483239559746146],[103.82238186986362,1.4482831990784601],[103.82350142416857,1.4460490949778952],[103.82364519027617,1.4456093532810663],[103.82390160971802,1.4454833294790512],[103.82419933538405,1.4457219696712436],[103.82392682289729,1.4471613212250816],[103.82407434407948,1.4483126943529656],[103.8242427867561,1.4492077292841719],[103.82320638080311,1.4494672835592255],[103.82187171372759,1.4495380716487694]]]},"properties":{"OBJECTID_1":166757,"L_CODE":"PKWBC(01444","NAME":"BUKIT CANBERRA (SPORTSG)","N_RESERVE":0,"INC_CRC":"7E6DB8810DEC8017","FMEL_UPD_D":"20260115000106","SHAPE_1.AREA":56359.5646102,"SHAPE_1.LEN":1542.08688671539}},
{"type":"Feature","geometry":{"type":"Polygon","coordinates":[[[103.95101245075168,1.3223101722339212],[103.95060373069335,1.322679714310776],[103.95052840285555,1.3224393382761486],[103.95101245075168,1.3223101722339212]]]},"properties":{"OBJECTID_1":166758,"L_CODE":"EC524","NAME":"LIMAU GARDEN PG","N_RESERVE":0,"INC_CRC":"13CA7F1ABC8E2178","FMEL_UPD_D":"20260115000106","SHAPE_1.AREA":926.23081195,"SHAPE_1.LEN":149.123745666071}},
{"type":"Feature","geometry":{"type":"MultiPolygon","coordinates":[[[[103.87061497129666,1.309267052309165],[103.87060400719348,1.3097524330620376],[103.87040364816593,1.3097638220019268],[103.87052599313795,1.30906168059013],[103.87083233865309,1.3086946134221253],[103.87088756807823,1.3084045005836193],[103.87078282129129,1.307530641824509],[103.87041688989807,1.306814440298839],[103.87082558699716,1.3069407929140686],[103.8711114010485,1.3081188898347924],[103.87101115585118,1.3085056157187085],[103.87061497129666,1.309267052309165]]],[[[103.86941792359374,1.309825153299983],[103.86941765083519,1.3089733766438258],[103.86916710656217,1.3081901652773296],[103.86822245065181,1.3072729169522437],[103.86781864417193,1.3066679297873784],[103.86757221719841,1.3059745478008493],[103.86741098944039,1.305798289345314],[103.86673207502074,1.305917132023783],[103.86634576616872,1.306112045819686],[103.86612560034864,1.3058167827184195],[103.8663400171262,1.305619222349679],[103.866801719054,1.3057401107636935],[103.86746262643848,1.3056134546033553],[103.86766908704512,1.3057901646170251],[103.86810358386657,1.3067688981410883],[103.86842423656906,1.307209699038529],[103.86929356503168,1.3079696242095267],[103.86967234438438,1.3089188759347445],[103.86955409943458,1.3098212797384972],[103.86941792359374,1.309825153299983]]]]},"properties":{"OBJECTID_1":166759,"L_CODE":"ST501","NAME":"KALLANG RIVERSIDE PK","N_RESERVE":0,"INC_CRC":"58433E738F626662","FMEL_UPD_D":"20260115000106","SHAPE_1.AREA":27622.388577105,"SHAPE_1.LEN":3874.31318929949}},
{"type":"Feature","geometry":{"type":"MultiPolygon","coordinates":[[[[103.83851729057756,1.4258274379619515],[103.83836905065435,1.4257547003084834],[103.83963065179006,1.4244580022021154],[103.83962427302914,1.4249136749930702],[103.83924878805107,1.425061937404632],[103.83851729057756,1.4258274379619515]]],[[[103.83978783362299,1.4245570097110607],[103.84012608293762,1.4251147588621886],[103.84057708155721,1.4268733201084427],[103.84030815981544,1.426541854414159],[103.83978783362299,1.4245570097110607]]],[[[103.84030874881674,1.4284715289871959],[103.8394043840037,1.4282875080010555],[103.83918074161768,1.4276707396856234],[103.83834208428152,1.4259220076800698],[103.8384957256093,1.42597675843036],[103.83934751405201,1.4276640361080113],[103.83962154477364,1.4275134768790727],[103.84000758783911,1.4277304869298106],[103.84059119366594,1.42793062086639],[103.84030874881674,1.4284715289871959]]]]},"properties":{"OBJECTID_1":166760,"L_CODE":"NS527","NAME":"YISHUN POND PK","N_RESERVE":0,"INC_CRC":"102ACA6B5FCF6361","FMEL_UPD_D":"20260115000106","SHAPE_1.AREA":23187.918220015,"SHAPE_1.LEN":2319.79910831238}},
{"type":"Feature","geometry":{"type":"Polygon","coordinates":[[[103.7658802280384,1.3341901993202696],[103.76587064198803,1.3344631813057264],[103.76562429377073,1.3344596836497817],[103.76562934358621,1.3341008231433045],[103.7658802280384,1.3341901993202696]]]},"properties":{"OBJECTID_1":166761,"L_CODE":"WB533","NAME":"GREENRIDGE CRESCENT PG","N_RESERVE":0,"INC_CRC":"FB8E9DDEAFD9406C","FMEL_UPD_D":"20260115000106","SHAPE_1.AREA":1770.2797206,"SHAPE_1.LEN":249.839057984124}},
{"type":"Feature","geometry":{"type":"MultiPolygon","coordinates":[[[[103.94206442518228,1.3616591937641491],[103.94233325185532,1.3621209581869198],[103.94275118172835,1.3624729442168246],[103.94196606580417,1.362890186902829],[103.94163869794536,1.3632022168228104],[103.94061098621621,1.3645644142727662],[103.9402613794204,1.3649192765538063],[103.93877425358849,1.366173312160843],[103.93856766497717,1.365949298856917],[103.93905793412627,1.3654146305939072],[103.93990113472661,1.364261135415354],[103.94040781059378,1.363329255598807],[103.94070753576614,1.3629094469309375],[103.941571962404,1.362177324565181],[103.94206442518228,1.3616591937641491]]],[[[103.94447894133937,1.3607396228890372],[103.94479339721586,1.3617433196773385],[103.94520193641705,1.3630494661250554],[103.94530355289513,1.363348421039675],[103.94534773930987,1.363471972989595],[103.94493646801119,1.3633113394268817],[103.94433419532382,1.3628473009928521],[103.94282289242591,1.3619297047438206],[103.94242731142614,1.3613901926681362],[103.94241146126626,1.3607421759106457],[103.94447894133937,1.3607396228890372]]]]},"properties":{"OBJECTID_1":166762,"L_CODE":"WT517","NAME":"TAMPINES BOULEVARD PARK","N_RESERVE":0,"INC_CRC":"73F69B40BB046C5A","FMEL_UPD_D":"20260115000106","SHAPE_1.AREA":100686.731104835,"SHAPE_1.LEN":2557.18696271155}},
{"type":"Feature","geometry":{"type":"Polygon","coordinates":[[[103.82772946526725,1.443490730554764],[103.82716267917408,1.4443271985830253],[103.82659529681153,1.4439716309977817],[103.82704807381309,1.4436215974259266],[103.8273274850082,1.443259291996461],[103.82772946526725,1.443490730554764]]]},"properties":{"OBJECTID_1":166763,"L_CODE":"WT520","NAME":"JLN SENDUDOK PARK","N_RESERVE":0,"INC_CRC":"B6CA0E783AB3F855","FMEL_UPD_D":"20260115000106","SHAPE_1.AREA":6793.26311843,"SHAPE_1.LEN":353.644777229465}},
{"type":"Feature","geometry":{"type":"MultiPolygon","coordinates":[[[[103.90633347738728,1.3038823539878746],[103.905776639976,1.3035791730832795],[103.90576838343512,1.3033029443665032],[103.90525289142148,1.3030785765602095],[103.90528361627068,1.3029198064265668],[103.90643759557959,1.3037305263133512],[103.90633347738728,1.3038823539878746]]],[[[103.90428305492975,1.3022254850361372],[103.90520448940363,1.302854052388069],[103.9050614246648,1.3029440244371173],[103.90428305492975,1.3022254850361372]]],[[[103.90932954093266,1.3059096679114879],[103.90888679243636,1.3056494415665874],[103.90900811719335,1.3054507672177968],[103.90848063778645,1.3052535865707326],[103.90745916543526,1.3047712202731234],[103.90711175040073,1.3044205805856806],[103.90653367739772,1.3040221809046992],[103.90667256179387,1.3038904471721762],[103.90789579377439,1.30470020567145],[103.90969286622784,1.3055487523079905],[103.90932954093266,1.3059096679114879]]]]},"properties":{"OBJECTID_1":166764,"L_CODE":"EK555","NAME":"MARINE PARADE RD PK","N_RESERVE":0,"INC_CRC":"8217A153B4BC4E4A","FMEL_UPD_D":"20260115000106","SHAPE_1.AREA":17603.90804504,"SHAPE_1.LEN":1779.3042762692}},
{"type":"Feature","geometry":{"type":"Polygon","coordinates":[[[103.83272482358842,1.3792647999143204],[103.83219622415037,1.3789892082897663],[103.83227675542021,1.3785614530951154],[103.83262045006629,1.37816226685588],[103.83305028267088,1.378310808769993],[103.83272482358842,1.3792647999143204]]]},"properties":{"OBJECTID_1":166765,"L_CODE":"NA520","NAME":"THOMSON GREEN PG","N_RESERVE":0,"INC_CRC":"191E5659F6708934","FMEL_UPD_D":"20260115000106","SHAPE_1.AREA":6684.36521293,"SHAPE_1.LEN":364.485582134262}},
{"type":"Feature","geometry":{"type":"MultiPolygon","coordinates":[[[[104.00618119871355,1.3729658323764644],[104.00495605316618,1.3729651515785963],[104.00507909260392,1.371849516732337],[104.00506351903373,1.3708968847282041],[104.00574456040688,1.3707420940299906],[104.00594793374975,1.3705896068784307],[104.00607536158542,1.3711081043839175],[104.00639380631765,1.3718819241142388],[104.00618167389042,1.3721500551925185],[104.00618119871355,1.3729658323764644]]],[[[103.9870218153698,1.39317880509585],[103.98674324039919,1.393160731625292],[103.9864197241651,1.3927266559662923],[103.9865185679058,1.3924824747839646],[103.98705774672354,1.3925547973762586],[103.98776589966558,1.3922765621777087],[103.98773019469184,1.391957678768123],[103.9880761517993,1.3912160800906515],[103.98836506204634,1.3910429943853624],[103.9887661395912,1.3910214359103719],[103.98883700341058,1.3913157436700487],[103.98932601698134,1.3913707786165923],[103.99069716220748,1.3912161733451276],[103.99163172827308,1.3909267313074174],[103.99248652943722,1.3904769276845448],[103.9932309478153,1.3901643074370116],[103.99380735868071,1.390052042368931],[103.99686045910497,1.3897517982788565],[103.99749127224337,1.3896305003173606],[103.99806310765159,1.3893832135580406],[103.99861248758711,1.3888775515953335],[104.00041028599068,1.3860914177340569],[104.00081036635748,1.3852199811913772],[104.0009198047149,1.3847259611757425],[104.00100415038966,1.3838860803009598],[104.00126892497235,1.382986279951065],[104.00387883901521,1.376388125870333],[104.00462956334543,1.3738763867683013],[104.00478960640662,1.373145741716944],[104.00624703531798,1.373146017722731],[104.00625962571561,1.3734914950327088],[104.00795769738285,1.3734915399040926],[104.00716702328258,1.3737989193555586],[104.00659196477375,1.3742057570268567],[104.00592701133006,1.3750104047225482],[104.00545073602817,1.375787933111885],[104.00467789139451,1.3772073778523755],[104.0041117234169,1.3783646344188356],[104.00365334703784,1.3796936754082465],[104.00307815258218,1.3811764144424297],[104.00254788325131,1.382632029326201],[104.00193675500749,1.384069560020815],[104.00159530643846,1.3843588675633836],[104.0015413642535,1.384639144414772],[104.00102224358228,1.3857081108496885],[104.00063820803727,1.38625789336658],[104.00037526839,1.3869471123657189],[103.99997987193244,1.3869200032741265],[103.99847922841438,1.389217145572167],[103.99803890735927,1.3894884755692054],[103.99731102657631,1.3897507765712123],[103.99661908576387,1.389841249095064],[103.99561263241284,1.3901849568900053],[103.9954868213377,1.3900945277296008],[103.99466907687867,1.3903658768761737],[103.99402207566003,1.3907819135660404],[103.99209003912087,1.3913427125502713],[103.9915598539198,1.3915869149146824],[103.99045454990629,1.3919396691326311],[103.9889987838719,1.3925094864278307],[103.98836076468952,1.3928260414458724],[103.98751605856845,1.3930883455650398],[103.9870218153698,1.39317880509585]]]]},"properties":{"OBJECTID_1":166766,"L_CODE":"EC500","NAME":"CHANGI BEACH PK","N_RESERVE":0,"INC_CRC":"52B43B711F9CFA1A","FMEL_UPD_D":"20260115000106","SHAPE_1.AREA":318784.26186675,"SHAPE_1.LEN":8365.87924696032}},
{"type":"Feature","geometry":{"type":"Polygon","coordinates":[[[103.94454584358736,1.3777134174382983],[103.94504205558032,1.3783518351143957],[103.94554544761468,1.3785911146554737],[103.94720001987925,1.3792617107864844],[103.94774517760122,1.3798892134074587],[103.94762318639863,1.3800560190051692],[103.94723346177204,1.3795773949652528],[103.94662118592534,1.3792457223245245],[103.94531156385376,1.3787092806935684],[103.9449247809608,1.3784823853734234],[103.94438076758696,1.3778231849519085],[103.94454584358736,1.3777134174382983]]]},"properties":{"OBJECTID_1":166767,"L_CODE":"ET507","NAME":"SG API API PK","N_RESERVE":0,"INC_CRC":"0BDBD64B7519A8D0","FMEL_UPD_D":"20260115000106","SHAPE_1.AREA":10374.858947325,"SHAPE_1.LEN":987.030412077144}},
{"type":"Feature","geometry":{"type":"Polygon","coordinates":[[[103.83466919491504,1.4116586293721094],[103.83387023041583,1.411335473319619],[103.8332522808845,1.4109411969163723],[103.83267764430735,1.4104965029721153],[103.832025927229,1.4101407168638298],[103.83141231833267,1.409939743246373],[103.82981305295861,1.409742930059465],[103.82950384162295,1.409190761096419],[103.82835719784318,1.4068834008052242],[103.82812434169539,1.406340815354619],[103.82834393604193,1.4062695637105882],[103.82824284634081,1.4058025047001923],[103.82797082857816,1.4059037530642617],[103.8276624603633,1.40414591015554],[103.82764388708462,1.403221051389516],[103.82794270672848,1.4034487791027161],[103.82799584733515,1.4041517504238765],[103.82814516319841,1.4049336729350401],[103.82846149862212,1.4058737600097075],[103.82911922357017,1.4073061915803713],[103.82926854027353,1.4079327451705628],[103.82930115767907,1.40864320543847],[103.82942716577078,1.4089351244010482],[103.82970295056813,1.4089135919434121],[103.8300653485568,1.409268654827057],[103.83048979604922,1.4093970841165324],[103.83133053044304,1.4093943176429244],[103.83250300438264,1.4098950737404938],[103.83298580534513,1.4101906742732668],[103.83372994216639,1.4107718547300647],[103.8343424813227,1.4111094174396794],[103.83480497463897,1.41127284480434],[103.83466919491504,1.4116586293721094]]]},"properties":{"OBJECTID_1":166768,"L_CODE":"NS502","NAME":"LOWER SELETAR RESERVOIR PARK","N_RESERVE":0,"INC_CRC":"8ECA11032489C4D1","FMEL_UPD_D":"20260115000106","SHAPE_1.AREA":57486.9445212451,"SHAPE_1.LEN":2847.1057788931}},
{"type":"Feature","geometry":{"type":"Polygon","coordinates":[[[103.82557211168137,1.4272390603286376],[103.82513032710384,1.427440632440575],[103.8251820418199,1.427232981645865],[103.82557211168137,1.4272390603286376]]]},"properties":{"OBJECTID_1":166924,"L_CODE":"NS519","NAME":"GOODLINK PK PG","N_RESERVE":0,"INC_CRC":"B19B2F9EDF98C3E0","FMEL_UPD_D":"20260115000106","SHAPE_1.AREA":899.68705415,"SHAPE_1.LEN":142.241596102827}},
{"type":"Feature","geometry":{"type":"Polygon","coordinates":[[[103.84447619356814,1.3164973095513666],[103.84410778543915,1.3165955441752446],[103.84387026060112,1.3163587553957243],[103.84322459841877,1.316256040317683],[103.84369966042928,1.3158229833529302],[103.84447619356814,1.3164973095513666]]]},"properties":{"OBJECTID_1":166925,"L_CODE":"ST508","NAME":"THOMSON RD PG","N_RESERVE":0,"INC_CRC":"CEC37C76CED00E1C","FMEL_UPD_D":"20260115000106","SHAPE_1.AREA":5372.134659195,"SHAPE_1.LEN":380.06950690049}},
{"type":"Feature","geometry":{"type":"Polygon","coordinates":[[[103.78315280916598,1.3267757505856397],[103.78323626717525,1.3269845519079404],[103.78276218399908,1.3268338841597374],[103.78295227573092,1.326706300353238],[103.78315280916598,1.3267757505856397]]]},"properties":{"OBJECTID_1":166926,"L_CODE":"WB524","NAME":"HOLLAND GREEN PG","N_RESERVE":0,"INC_CRC":"85D9C3099ED38504","FMEL_UPD_D":"20260115000106","SHAPE_1.AREA":1540.4258831,"SHAPE_1.LEN":243.717158657227}},
{"type":"Feature","geometry":{"type":"Polygon","coordinates":[[[103.88441165555119,1.35638890154763],[103.88323034511718,1.3558068957344027],[103.88375664889631,1.3547635461902305],[103.8843964580129,1.3549683440306708],[103.88498684796082,1.3552571943503504],[103.88441165555119,1.35638890154763]]]},"properties":{"OBJECTID_1":166927,"L_CODE":"NP509","NAME":"SURIN AVE NEIGHBOURHOOD PK","N_RESERVE":0,"INC_CRC":"DFF0940C7B3A3373","FMEL_UPD_D":"20260115000106","SHAPE_1.AREA":20182.622210155,"SHAPE_1.LEN":564.146222208981}},
{"type":"Feature","geometry":{"type":"Polygon","coordinates":[[[103.80335339227761,1.2672642939652414],[103.8029288863951,1.267652812288674],[103.80187113435693,1.2688511427418392],[103.8017497167542,1.2687442471321775],[103.80160589444512,1.268618716802097],[103.80110682217523,1.2680034992001405],[103.80117514036645,1.2676411255662805],[103.8009737172,1.2672625504725012],[103.80068126485565,1.2672925391363494],[103.79960574497086,1.2681652229017693],[103.79942125836334,1.2679319594537617],[103.79942711605041,1.2679207264149046],[103.79944686689294,1.267907324892104],[103.79946658102573,1.267883893057867],[103.79956194376761,1.2677784444628546],[103.7997165384286,1.2676269572314254],[103.80134991634444,1.2664349979887797],[103.80208467924155,1.2659862792282441],[103.80214548357436,1.2659357431494498],[103.80341078918093,1.26503660237229],[103.80363288514323,1.2646199377902079],[103.80413862807491,1.2640311287361041],[103.80455490630654,1.2643693071165856],[103.8046531578426,1.2648054779950784],[103.8043735833155,1.2655072665812734],[103.80411795482276,1.2658628617949332],[103.80404267057631,1.2660017632535774],[103.80357938638788,1.2669960927026163],[103.80340447716709,1.2672149397490695],[103.80335339227761,1.2672642939652414]]]},"properties":{"OBJECTID_1":166928,"L_CODE":"NRNP01","NAME":"LABRADOR NATURE RESERVE","N_RESERVE":1,"INC_CRC":"9C4605C20FB0E2F1","FMEL_UPD_D":"20260115000105","SHAPE_1.AREA":100535.389075785,"SHAPE_1.LEN":1817.14300268349}},
{"type":"Feature","geometry":{"type":"Polygon","coordinates":[[[103.75755885586283,1.3222682213603658],[103.75808839971978,1.3224436877743766],[103.75738270041508,1.3228786741964582],[103.75727640812843,1.3226369977722305],[103.75755885586283,1.3222682213603658]]]},"properties":{"OBJECTID_1":166929,"L_CODE":"WJ525","NAME":"FABER HEIGHTS OPEN SPACE","N_RESERVE":0,"INC_CRC":"6B9BE741EA1D78A2","FMEL_UPD_D":"20260115000106","SHAPE_1.AREA":3293.02161033,"SHAPE_1.LEN":253.33471871469}},
{"type":"Feature","geometry":{"type":"Polygon","coordinates":[[[103.89921280309498,1.3096249981218735],[103.89980091674937,1.3096145795966834],[103.89961705472487,1.3099462482819089],[103.89937872156777,1.309721057998745],[103.8991491282626,1.3097574565935681],[103.89921280309498,1.3096249981218735]]]},"properties":{"OBJECTID_1":166930,"L_CODE":"PKCR023","NAME":"CEYLON ROAD INTERIM PARK","N_RESERVE":0,"INC_CRC":"7B38D5BF722FCF95","FMEL_UPD_D":"20260115000106","SHAPE_1.AREA":1478.73381414,"SHAPE_1.LEN":203.788254293241}},
{"type":"Feature","geometry":{"type":"Polygon","coordinates":[[[103.7689123382742,1.3573086836071808],[103.7693840247091,1.35761903497773],[103.768970474594,1.3575445604285858],[103.76809433642572,1.3575195863085803],[103.76844134239221,1.357289296750384],[103.7689123382742,1.3573086836071808]]]},"properties":{"OBJECTID_1":166931,"L_CODE":"PKWR011","NAME":"FUYONG INTERIM PK","N_RESERVE":0,"INC_CRC":"841A9240E2B7C17C","FMEL_UPD_D":"20260115000106","SHAPE_1.AREA":3266.15943536,"SHAPE_1.LEN":326.714533600628}},
{"type":"Feature","geometry":{"type":"Polygon","coordinates":[[[103.88312171425568,1.3062661698619682],[103.88294107907416,1.3058842947290061],[103.8830105933909,1.3055661108137262],[103.88330702871879,1.305353615438654],[103.88367404098865,1.3058519128627997],[103.88312171425568,1.3062661698619682]]]},"properties":{"OBJECTID_1":166932,"L_CODE":"EK533","NAME":"MT BATTEN RD/OLD AIRPORT RD OS","N_RESERVE":0,"INC_CRC":"1C97DB076963232C","FMEL_UPD_D":"20260115000106","SHAPE_1.AREA":4524.619468195,"SHAPE_1.LEN":378.17029159494}},
{"type":"Feature","geometry":{"type":"Polygon","coordinates":[[[103.69681582800085,1.3533173400145542],[103.69664831044868,1.3531014530230545],[103.69739033752161,1.3525797026069035],[103.69754583009296,1.3528040473701857],[103.69681582800085,1.3533173400145542]]]},"properties":{"OBJECTID_1":166933,"L_CODE":"PKWWFP01676","NAME":"WESTWOOD FAMILY PARK ","N_RESERVE":0,"INC_CRC":"E589BE20FAA9E55F","FMEL_UPD_D":"20260817000509","SHAPE_1.AREA":3023.35986065,"SHAPE_1.LEN":260.376262268894}},
{"type":"Feature","geometry":{"type":"Polygon","coordinates":[[[103.84585193273247,1.2813141774063648],[103.84630135161039,1.2806994964112506],[103.84635171536394,1.2808355298207106],[103.84595882283409,1.281307953943524],[103.84585193273247,1.2813141774063648]]]},"properties":{"OBJECTID_1":166934,"L_CODE":"SO519","NAME":"ANN SIANG HILL PK","N_RESERVE":0,"INC_CRC":"302DE6B4C97E0C95","FMEL_UPD_D":"20260115000106","SHAPE_1.AREA":3228.38227566,"SHAPE_1.LEN":673.461800782836}},
{"type":"Feature","geometry":{"type":"Polygon","coordinates":[[[103.8453802633703,1.2985987164055708],[103.8447474018471,1.2988971235683509],[103.84462325741926,1.2985579421134288],[103.84541860326347,1.298388026355488],[103.8456640129274,1.2982251671508949],[103.84655592467477,1.2979634756192633],[103.84713108182038,1.2982687272966964],[103.84601513879478,1.2985634792282748],[103.8453802633703,1.2985987164055708]]]},"properties":{"OBJECTID_1":166935,"L_CODE":"ST532","NAME":"DHOBY GHAUT GREEN","N_RESERVE":0,"INC_CRC":"38CA9D49DFCD1A76","FMEL_UPD_D":"20260115000106","SHAPE_1.AREA":10369.383741915,"SHAPE_1.LEN":668.13850939917}},
{"type":"Feature","geometry":{"type":"Polygon","coordinates":[[[103.82987626327082,1.2832973035822046],[103.8300670349018,1.2839350104261418],[103.82957466680072,1.2839188216134256],[103.82940693462767,1.2833515376647966],[103.82987626327082,1.2832973035822046]]]},"properties":{"OBJECTID_1":166938,"L_CODE":"WT513","NAME":"KIM PONG PARK","N_RESERVE":0,"INC_CRC":"61B792AED80B496A","FMEL_UPD_D":"20260115000106","SHAPE_1.AREA":3905.397037795,"SHAPE_1.LEN":253.306321951718}},
{"type":"Feature","geometry":{"type":"Polygon","coordinates":[[[103.8191066064409,1.4489624338371008],[103.81868336608449,1.4488758383042395],[103.81887590888782,1.4485063165639984],[103.81916277025856,1.448757062251506],[103.8191066064409,1.4489624338371008]]]},"properties":{"OBJECTID_1":166939,"L_CODE":"WT519","NAME":"PARK AT SEMBAWANG ALLEY","N_RESERVE":0,"INC_CRC":"4210F5926891583E","FMEL_UPD_D":"20260115000106","SHAPE_1.AREA":2431.671704065,"SHAPE_1.LEN":220.732056805093}},
{"type":"Feature","geometry":{"type":"Polygon","coordinates":[[[103.84734763856252,1.296864532449417],[103.84647301013504,1.2973502561302122],[103.84606049044216,1.2973673833040118],[103.84556795563077,1.2972467995550585],[103.84505603229596,1.296977190949509],[103.84446429634207,1.296394413719885],[103.84470307173943,1.2955844906560878],[103.84466250877095,1.2949725252532867],[103.84474190291077,1.294717683931831],[103.84497448686422,1.293854429563471],[103.84517036788273,1.2935700719314625],[103.84529396159475,1.2933906526009677],[103.84541672860347,1.2932055647095226],[103.84543920659418,1.2932159231965183],[103.8454623566964,1.2932265909728513],[103.845506608572,1.2931323107260217],[103.8454675335569,1.2931124555844087],[103.84543726877337,1.2930970770058419],[103.84544985717454,1.2930590972399203],[103.84545158235157,1.2930538944207535],[103.84545934478348,1.2930376384255926],[103.84546581512394,1.293024085583105],[103.84548236623904,1.2930160104298634],[103.8455147865601,1.2930176905833837],[103.8455270327993,1.293018323579604],[103.84554605477584,1.2929829935710495],[103.84559157633137,1.2928984343340606],[103.84559980511013,1.2928831487196604],[103.84555322541559,1.2928516264050665],[103.84550964506658,1.292822131661078],[103.84551361926863,1.2928113724134689],[103.84552441691388,1.2927821324375128],[103.84552517167971,1.2927800695776799],[103.84560342959026,1.292833106578359],[103.84649179234277,1.2917612489004835],[103.84632392517015,1.2916349407500465],[103.8464955356797,1.2912393164184954],[103.84739080362685,1.290645379030061],[103.84779425000727,1.2908509750566064],[103.8481687743389,1.2913926874223036],[103.84859879231433,1.2918543178878257],[103.84853760317316,1.292119523242886],[103.84866358979517,1.2924563712475232],[103.84815496341798,1.2927309213594769],[103.84779652996477,1.2936147591807172],[103.84760217962913,1.2944124995891537],[103.84763299189125,1.2946306602428914],[103.848105653364,1.2946224395529904],[103.84811128188774,1.2946310481686216],[103.84811578268389,1.2946299800873777],[103.8481186840725,1.2946287682215063],[103.8481231165755,1.2946270309106902],[103.8481408996091,1.2946214038483892],[103.84814548217231,1.2946202796959936],[103.84815464281063,1.2946188254235083],[103.84815714729208,1.2946604714083123],[103.8481697615599,1.2947498858828577],[103.84822152612726,1.29497179861431],[103.84824981564277,1.295088059969156],[103.84826761897843,1.2951731795836414],[103.84822425577106,1.2954112864326757],[103.84821939480722,1.2954379742668103],[103.84812709937167,1.295944753715631],[103.84812331243724,1.2960183030140837],[103.84813162135325,1.2960326968354174],[103.84811067104316,1.2960554887602234],[103.8479639378088,1.2961829073830184],[103.84795158109786,1.2961935690114597],[103.84793140439609,1.296210279981366],[103.84791875833803,1.2962181823943189],[103.84790998138868,1.2962225568577137],[103.84789787084414,1.29622724515496],[103.84788975790762,1.2962297204483604],[103.84788688706476,1.2962304394349813],[103.84788742717166,1.2962448305889274],[103.84787819959328,1.2963263256675148],[103.84787336456073,1.2963317654497288],[103.84781101144239,1.2964061443878512],[103.84777903608119,1.296444164067804],[103.84772436634859,1.2965085479198875],[103.84770883961691,1.296527050408077],[103.84768997841192,1.29654960808696],[103.84766847101457,1.29657560869757],[103.84765053799967,1.2965972882326475],[103.84763240730894,1.2966196993998427],[103.84755900842465,1.2967025423446183],[103.84754441885245,1.2967175747787605],[103.84744049644814,1.2968041158399988],[103.84742282305288,1.2968156691993526],[103.84740673917584,1.2968261852432663],[103.84737457411674,1.2968471748256265],[103.84734763856252,1.296864532449417]],[[103.8463451719556,1.2933729399332239],[103.84606294385276,1.2934834457117825],[103.84584877108915,1.2942737259861077],[103.846263540557,1.294674927257064],[103.84658759772228,1.2945573093112337],[103.84677446099913,1.2939625817378697],[103.8469209212283,1.293876167085347],[103.8472794937872,1.292569796572894],[103.84689659743162,1.292306898898947],[103.84656693986058,1.2924070228795141],[103.8463451719556,1.2933729399332239]]]},"properties":{"OBJECTID_1":166940,"L_CODE":"SF506","NAME":"FORT CANNING PARK","N_RESERVE":0,"INC_CRC":"6ED4DF41F3D942C5","FMEL_UPD_D":"20260115000106","SHAPE_1.AREA":192173.61228778,"SHAPE_1.LEN":2930.68214167648}},
{"type":"Feature","geometry":{"type":"MultiPolygon","coordinates":[[[[103.78167636575364,1.3718545755443765],[103.78171671412032,1.3729097041119067],[103.78106824210106,1.3738695908040077],[103.77942084924197,1.3749705527472926],[103.77931806733864,1.3739154797522306],[103.77909230767216,1.3736308477884813],[103.77853186829994,1.3731753674458222],[103.7783438041245,1.3728395013598582],[103.77849763910577,1.372698668332832],[103.77891457376055,1.3713688289476884],[103.77918960792827,1.3711822396352475],[103.77983913237738,1.3712238442150593],[103.78034581537047,1.3709486856584787],[103.78072654880992,1.370940572918763],[103.78153634477695,1.371199403355982],[103.78167636575364,1.3718545755443765]]],[[[103.78181167522902,1.3711824705986793],[103.78075227701734,1.370842612790202],[103.78031081904993,1.37085332875036],[103.77974479846,1.3711111854835123],[103.77912497225535,1.3710891167199817],[103.77882852736008,1.3712975730531018],[103.77841325945379,1.3726303787744734],[103.77830041106675,1.372650088582695],[103.77873373247469,1.3707903584054806],[103.77913661467518,1.3692657729007087],[103.77946950926362,1.368153537663302],[103.78003852348289,1.3660083920096622],[103.77994896365263,1.3655786444122906],[103.78011490202961,1.3651812914050434],[103.78024591492186,1.3652293250877856],[103.78062056941602,1.365350810259521],[103.78093125548226,1.3654854217185126],[103.78162925918097,1.366439303947285],[103.78141348660785,1.367534545486789],[103.782616925277,1.3697451434258483],[103.7817671601886,1.370797840950148],[103.78181167522902,1.3711824705986793]]],[[[103.77590911679472,1.3900972271386556],[103.77542345625491,1.3903210822906644],[103.7747326401607,1.3901562647584718],[103.77491125317354,1.3884709585812],[103.77565829860701,1.3827469200054379],[103.77590746071047,1.381254266499389],[103.77623674359766,1.3796186123517584],[103.7772121584984,1.3761330593946057],[103.77807810851378,1.3760769205535368],[103.77820000023196,1.3755119627907963],[103.77888410757032,1.3752273780104842],[103.77947153593405,1.375088619503011],[103.78112501169811,1.3739686289412993],[103.78179366813634,1.3729757315816902],[103.7817369198925,1.3718799713974856],[103.78158049925115,1.371217180493861],[103.7818245062449,1.3712932527422905],[103.78198004958068,1.372647613403123],[103.78187899202084,1.3731410773777906],[103.78141052853758,1.3736667196505956],[103.78170279214189,1.3739339926826524],[103.78228891900653,1.3736217465899836],[103.7829931084351,1.3754825527476737],[103.78284856804794,1.3757233645963132],[103.78301742813092,1.3760906122741177],[103.78337407343467,1.3764725598199583],[103.78370105070707,1.3766358676788535],[103.78414320134999,1.3776038718390677],[103.78399848284994,1.3786390851263046],[103.78382386890266,1.3787930232032022],[103.78298731205724,1.3789363020041707],[103.78247328533408,1.3784092811076656],[103.78219313205827,1.3782274084023152],[103.78171088516162,1.3782583181336552],[103.78098886336572,1.3786015580938322],[103.77971000116175,1.378850061297247],[103.77934533022417,1.378580832939155],[103.77846713581002,1.378617086771812],[103.77836884120605,1.380169524426577],[103.77822259611163,1.380655651826323],[103.77800565406474,1.381015231742909],[103.77750170435021,1.3811561649786563],[103.77699843571513,1.3809148226540127],[103.7767375842856,1.3807193571838159],[103.77601119329314,1.3811675604322255],[103.7760474012121,1.3817356202137752],[103.77617426753376,1.382929699047901],[103.7766466438673,1.3842528398131377],[103.77670916966588,1.385341161671617],[103.77661966565057,1.3858525772021852],[103.77661479095609,1.3862269031756658],[103.77748592169704,1.386653891309965],[103.77737450955311,1.3873583066096107],[103.77719880647662,1.3879266850683547],[103.77737287245418,1.3894173691049243],[103.77590911679472,1.3900972271386556]]]]},"properties":{"OBJECTID_1":166941,"L_CODE":"NRNP10","NAME":"CHESTNUT NATURE PARK","N_RESERVE":0,"INC_CRC":"3FAB3F473360FCAD","FMEL_UPD_D":"20260115000106","SHAPE_1.AREA":809848.694262285,"SHAPE_1.LEN":10320.5140271327}},
{"type":"Feature","geometry":{"type":"Polygon","coordinates":[[[103.69681582800085,1.3533173400145542],[103.69784007596392,1.354370472936647],[103.69827833626726,1.3544496653899971],[103.69873812355327,1.354087403754292],[103.70022363923044,1.3530274112963265],[103.70032837859422,1.3531206034378498],[103.69834371414781,1.3544768089552752],[103.69801507938509,1.3545421315618407],[103.69780799640284,1.354402738762929],[103.69681582800085,1.3533173400145542]]]},"properties":{"OBJECTID_1":166936,"L_CODE":"WJ516","NAME":"WESTVILLE PLAYGROUND","N_RESERVE":0,"INC_CRC":"2A6452A11284FD93","FMEL_UPD_D":"20260115000106","SHAPE_1.AREA":5714.22296119,"SHAPE_1.LEN":1207.33927845816}},
{"type":"Feature","geometry":{"type":"Polygon","coordinates":[[[103.9609011566609,1.3461321210648602],[103.96091718968545,1.3461845551417344],[103.96081249123158,1.346217027255483],[103.9609011566609,1.3461321210648602]]]},"properties":{"OBJECTID_1":166937,"L_CODE":"EC535","NAME":"JLN PELATOK OS","N_RESERVE":0,"INC_CRC":"E2EE613B9E63643E","FMEL_UPD_D":"20260115000106","SHAPE_1.AREA":73.962856,"SHAPE_1.LEN":36.5175238118944}},
{"type":"Feature","geometry":{"type":"Polygon","coordinates":[[[103.88098137424141,1.3637060991600598],[103.88129330134618,1.3640281649869481],[103.88117422323356,1.3640334398142189],[103.8809103537046,1.3637754372587074],[103.88098137424141,1.3637060991600598]]]},"properties":{"OBJECTID_1":166942,"L_CODE":"NP538","NAME":"PARRY AVE INTERIM PK","N_RESERVE":0,"INC_CRC":"91F56E39F4799F07","FMEL_UPD_D":"20260115000106","SHAPE_1.AREA":1210.731432175,"SHAPE_1.LEN":296.318836162758}},
{"type":"Feature","geometry":{"type":"MultiPolygon","coordinates":[[[[103.7777239051393,1.3711258015573375],[103.77784433830061,1.3712617646218206],[103.77777162766957,1.371772863248378],[103.77733604737892,1.372466762358616],[103.77727536054148,1.3727777626058384],[103.77763072872442,1.373070531623011],[103.77692361747758,1.3750819557162224],[103.77658793364064,1.37515153850488],[103.77766574298558,1.3711036197694104],[103.7777239051393,1.3711258015573375]]],[[[103.77284077172601,1.3868596032868288],[103.77233883668602,1.3860613637011432],[103.77261448260842,1.3858274544565952],[103.77299151410907,1.385193893195826],[103.77310702256985,1.3845467995287686],[103.77437054990561,1.3845447550692322],[103.77413471926054,1.386625439478675],[103.77321819763162,1.386625307713593],[103.77284077172601,1.3868596032868288]]],[[[103.77549116476158,1.380883018643122],[103.7751784587968,1.382710118709661],[103.77480999245256,1.385548449656828],[103.77412174300188,1.3891513359090752],[103.7750462852749,1.3810295851732315],[103.7750950304196,1.3807630785226455],[103.77640834960971,1.375831696264735],[103.77656536047743,1.375917868715938],[103.7765360755044,1.3766988847239252],[103.77613463976775,1.377916592754297],[103.77609909337062,1.3784707588825174],[103.77549116476158,1.380883018643122]]],[[[103.77894772349748,1.3667176681657025],[103.7789171895245,1.3671437223462317],[103.77865812938799,1.3688115171739192],[103.7782623341732,1.3705251509801986],[103.77796143830405,1.3711402479795436],[103.77772085042012,1.3709518253947135],[103.77768500831071,1.3702483018286222],[103.77768674691559,1.3677204520298363],[103.77773319298593,1.367372074060596],[103.77839928554458,1.3653365463311236],[103.7788190774432,1.3654310420788416],[103.77901797327301,1.3657322124524236],[103.77894772349748,1.3667176681657025]]]]},"properties":{"OBJECTID_1":166943,"L_CODE":"NRNP15","NAME":"ZHENGHUA NATURE PARK","N_RESERVE":0,"INC_CRC":"E1F14E351369A4E2","FMEL_UPD_D":"20260115000106","SHAPE_1.AREA":159926.26319664,"SHAPE_1.LEN":6225.62660710876}},
{"type":"Feature","geometry":{"type":"Polygon","coordinates":[[[103.83279617660521,1.3714057796808643],[103.83297334778067,1.3717987712094502],[103.83255925032616,1.3716445950894773],[103.83279617660521,1.3714057796808643]]]},"properties":{"OBJECTID_1":166944,"L_CODE":"NA508","NAME":"ST. NICHOLAS VIEW PLAYGROUND","N_RESERVE":0,"INC_CRC":"15CDD9A2A0A289F6","FMEL_UPD_D":"20260115000106","SHAPE_1.AREA":1410.0086452,"SHAPE_1.LEN":179.418350587388}},
{"type":"Feature","geometry":{"type":"Polygon","coordinates":[[[103.90859977669882,1.3238816527705923],[103.90808845240588,1.323786646826564],[103.908083251171,1.3237128870682155],[103.90861212070335,1.3238116817628214],[103.90859977669882,1.3238816527705923]]]},"properties":{"OBJECTID_1":166945,"L_CODE":"PKER016","NAME":"LORONG MARZUKI PARK","N_RESERVE":0,"INC_CRC":"7C3C7E4D4CA720DA","FMEL_UPD_D":"20260115000106","SHAPE_1.AREA":474.192133155,"SHAPE_1.LEN":137.014244767158}},
{"type":"Feature","geometry":{"type":"Polygon","coordinates":[[[103.94892833530591,1.318675779555823],[103.94899492971666,1.3188161082295395],[103.94821787658654,1.3200747100249108],[103.94823476401854,1.3195673345610104],[103.94838871156895,1.319153311001932],[103.94892833530591,1.318675779555823]]]},"properties":{"OBJECTID_1":166946,"L_CODE":"EC529","NAME":"KEW CRESCENT PG","N_RESERVE":0,"INC_CRC":"FA74522965133C47","FMEL_UPD_D":"20260115000106","SHAPE_1.AREA":4736.57260097,"SHAPE_1.LEN":372.406681902787}},
{"type":"Feature","geometry":{"type":"Polygon","coordinates":[[[103.87491317389892,1.3539677399290968],[103.87474238040485,1.354191771058083],[103.87464724244846,1.3540996993756143],[103.87482521397388,1.3538931748111125],[103.87491317389892,1.3539677399290968]]]},"properties":{"OBJECTID_1":166947,"L_CODE":"WT518","NAME":"BOUNDARY ROAD PARK","N_RESERVE":0,"INC_CRC":"2D0D2CB969E3A259","FMEL_UPD_D":"20260115000106","SHAPE_1.AREA":408.771531185,"SHAPE_1.LEN":89.2274966690438}},
{"type":"Feature","geometry":{"type":"Polygon","coordinates":[[[103.86585740696803,1.3602242266735913],[103.86586887238305,1.3603363432626125],[103.86578520986046,1.3606297807390297],[103.86577356753402,1.3606599966092385],[103.86577060060554,1.360670413116362],[103.86577035803539,1.3606736236125916],[103.86556427731807,1.3603494832661935],[103.86585740696803,1.3602242266735913]]]},"properties":{"OBJECTID_1":166948,"L_CODE":"NA527","NAME":"GARDEN VIEW PG","N_RESERVE":0,"INC_CRC":"D852E9667CF6D4AF","FMEL_UPD_D":"20260703042444","SHAPE_1.AREA":2343.577685765,"SHAPE_1.LEN":266.144013561678}},
{"type":"Feature","geometry":{"type":"Polygon","coordinates":[[[103.82217755141939,1.440928961400225],[103.8224125962517,1.4410175992341931],[103.82214475173305,1.4416610065862465],[103.82172769721359,1.441483945445273],[103.82217755141939,1.440928961400225]]]},"properties":{"OBJECTID_1":166949,"L_CODE":"PKNR017","NAME":"LEGUNDI PK","N_RESERVE":0,"INC_CRC":"34D7A541177A2DDE","FMEL_UPD_D":"20260115000106","SHAPE_1.AREA":4676.17308676,"SHAPE_1.LEN":332.234022107733}},
{"type":"Feature","geometry":{"type":"MultiPolygon","coordinates":[[[[103.82861506017466,1.3820260678947758],[103.82859158770142,1.3824282159938308],[103.82815850379838,1.3821842773137736],[103.82861506017466,1.3820260678947758]]],[[[103.83225282052369,1.387590840358254],[103.83185977201649,1.3878092142431189],[103.83140442883783,1.3867173596964704],[103.8317508895838,1.386528669799477],[103.83225282052369,1.387590840358254]]],[[[103.8288964434165,1.383050080010312],[103.82922097133671,1.3834216033527813],[103.8303968125479,1.3852688304354999],[103.83121873167627,1.38671535094408],[103.83175732790312,1.3878598522384928],[103.83157448626265,1.3879493416544186],[103.83070728589331,1.386074345251383],[103.83049805821837,1.3856878116257325],[103.82910179492275,1.3835059405279853],[103.8288964434165,1.383050080010312]]],[[[103.83000762920885,1.3840700183361856],[103.83014414560836,1.3838549308792663],[103.83085822253338,1.3851524619062017],[103.83064403310551,1.3854500137613022],[103.82930282179063,1.3833535157235912],[103.8288810826129,1.3828669290510738],[103.8286335439517,1.3824369015914322],[103.828712885103,1.3821439365864046],[103.8291031030306,1.3826141054076884],[103.82900252350997,1.382728639332026],[103.83000762920885,1.3840700183361856]]],[[[103.83199432891415,1.3855555243707238],[103.83157440873683,1.3858512439417776],[103.83146653981609,1.3861316473938101],[103.83173112361781,1.3864930785345926],[103.8313509356879,1.3866944186464019],[103.83066301638893,1.3854836570342886],[103.8315258382131,1.3855550357010165],[103.83217684527013,1.3850542923834297],[103.83255636814097,1.3841821011201976],[103.83332399803086,1.3839555978134872],[103.83344452396913,1.383657573638737],[103.8342689037909,1.382801308784165],[103.83439616007732,1.3829455674793172],[103.83372121334129,1.3836086746381242],[103.83351025119862,1.3839691487997337],[103.83382195280949,1.3844223943769032],[103.83406641754118,1.3843874948999695],[103.83505504154779,1.3845443889083346],[103.83469758824317,1.3848550689844825],[103.83456079791952,1.384659337521701],[103.83409228939384,1.3845692992219985],[103.83340323445798,1.3848484494327635],[103.83301109583066,1.3853389313198732],[103.83239387377701,1.38525043912055],[103.83199432891415,1.3855555243707238]]]]},"properties":{"OBJECTID_1":166823,"L_CODE":"PDTEP01550","NAME":"TEACHER'S ESTATE PARK","N_RESERVE":0,"INC_CRC":"BA825A81E112F7CF","FMEL_UPD_D":"20260422000213","SHAPE_1.AREA":69661.58069099,"SHAPE_1.LEN":5246.47083845887}},
{"type":"Feature","geometry":{"type":"Polygon","coordinates":[[[103.75705621848161,1.3576757387848386],[103.757503955662,1.3583042051570815],[103.75683116293314,1.3603902258759104],[103.75732131366127,1.3609351476370455],[103.75466020834132,1.3617549025477436],[103.75523777344978,1.363658362428153],[103.7535463451474,1.3628524617972924],[103.75360398311456,1.3589304410032215],[103.75433389437906,1.3582032121772272],[103.75435891989198,1.3578841354658604],[103.75404118153556,1.3575089488938041],[103.7534157095196,1.3572031185613727],[103.75344262211631,1.3566376300028427],[103.7532004569269,1.3558524987719476],[103.75331807679109,1.3553721409659278],[103.75356024009817,1.3551440332559102],[103.75456011792728,1.3548171288164725],[103.75479474825705,1.3546215687687355],[103.75497443769777,1.3542570428573208],[103.75501596511661,1.3532396713788362],[103.75531341363767,1.3527683538622335],[103.75630321839772,1.353577520692992],[103.75658639341707,1.353237325326038],[103.75713051671634,1.3538699449303808],[103.75777504938125,1.3540975845072118],[103.75822184967691,1.353943443369123],[103.75872730342797,1.3535323869131],[103.75894720657173,1.3539032786663154],[103.7588667484843,1.3547209032049963],[103.75836659098194,1.355296021347205],[103.75859907903714,1.3555649591875087],[103.75869393597787,1.3565330282199701],[103.75804989806703,1.3568165496459672],[103.75803561162141,1.3571124596812212],[103.75774935523435,1.357420513110414],[103.75735918172498,1.3573765496411982],[103.75705621848161,1.3576757387848386]]]},"properties":{"OBJECTID_1":166824,"L_CODE":"NRNP16","NAME":"BUKIT BATOK TOWN PARK","N_RESERVE":0,"INC_CRC":"3E4C5D11AEB0FE00","FMEL_UPD_D":"20260115000106","SHAPE_1.AREA":415385.63380295,"SHAPE_1.LEN":3651.1147585029}},
{"type":"Feature","geometry":{"type":"Polygon","coordinates":[[[103.90598567441135,1.3237825008120856],[103.90600546839984,1.3239597510305965],[103.90575129455841,1.3239838136899593],[103.90572927575266,1.323805935000904],[103.90598567441135,1.3237825008120856]]]},"properties":{"OBJECTID_1":166825,"L_CODE":"PKER011","NAME":"JLN AWANG INTERIM PK","N_RESERVE":0,"INC_CRC":"BFEDD3E43FDB6966","FMEL_UPD_D":"20260115000106","SHAPE_1.AREA":565.333243935,"SHAPE_1.LEN":96.701010097941}},
{"type":"Feature","geometry":{"type":"MultiPolygon","coordinates":[[[[103.86108925866624,1.3560929408075955],[103.86002308212034,1.355908878565345],[103.8605918992623,1.3557725211837501],[103.86108925866624,1.3560929408075955]]],[[[103.86089799917757,1.3561023845699998],[103.86095504221406,1.3562893431441585],[103.86015334864379,1.3568649619992925],[103.86002252507359,1.356734906827096],[103.85982831859629,1.3560340727717897],[103.86045403524813,1.356026061270487],[103.86089799917757,1.3561023845699998]]]]},"properties":{"OBJECTID_1":166820,"L_CODE":"NA531","NAME":"TAI HWAN TERRACE PG","N_RESERVE":0,"INC_CRC":"16062EBCBA88C427","FMEL_UPD_D":"20260115000106","SHAPE_1.AREA":10528.944792105,"SHAPE_1.LEN":874.243210316182}},
{"type":"Feature","geometry":{"type":"Polygon","coordinates":[[[103.77229773344399,1.3732143029582256],[103.7720410055997,1.3734176325871195],[103.77145784806103,1.3731776816298324],[103.77194203755536,1.3730072578014036],[103.77229773344399,1.3732143029582256]]]},"properties":{"OBJECTID_1":166821,"L_CODE":"NW509","NAME":"ALMOND CRESCENT PG","N_RESERVE":0,"INC_CRC":"129E152C2B9285B4","FMEL_UPD_D":"20260115000106","SHAPE_1.AREA":2670.289961475,"SHAPE_1.LEN":269.83369902721}},
{"type":"Feature","geometry":{"type":"MultiPolygon","coordinates":[[[[103.80243545403039,1.2801701249074187],[103.80238830918428,1.2802749510693],[103.8022814575514,1.2802910872549471],[103.80243545403039,1.2801701249074187]]],[[[103.80443386856808,1.2803591434228836],[103.80281088401081,1.280383857968876],[103.80300203702303,1.2797861926749712],[103.80461108501578,1.2797496397056016],[103.80443386856808,1.2803591434228836]]],[[[103.81527024940607,1.2761975585500436],[103.81588644943419,1.277163447181396],[103.81657783726212,1.278616494930157],[103.81557449644788,1.2796220876588842],[103.81502158058142,1.279709228348863],[103.81406835770517,1.279711202786147],[103.81357321626018,1.2799941467353122],[103.81253548477116,1.280122938124442],[103.81254652703495,1.2802183025872418],[103.81053199375302,1.2804539194316458],[103.81024848601159,1.2805663013961048],[103.80984703877206,1.2803880926295135],[103.80995782365851,1.2799321128816508],[103.80893968333761,1.2787738199481662],[103.80809921932082,1.2786722344148815],[103.80777993707659,1.279171023728623],[103.80751466011515,1.2793411320863968],[103.80675280771501,1.2793680471995577],[103.80646324860238,1.27988175143344],[103.80728067161986,1.2811511264208264],[103.8069173106065,1.2812593652002062],[103.8064936821182,1.281605534445504],[103.80668276672063,1.2819760899753085],[103.80611979762473,1.2818557944505533],[103.80688858665155,1.281033499783093],[103.80624132577151,1.280067668408668],[103.80623007842541,1.2798439546532325],[103.80585189526026,1.2796159421393432],[103.80504904918186,1.2798525965917842],[103.80466693137647,1.2803573725965436],[103.8046987822293,1.279756450559514],[103.80567213420198,1.279578048212534],[103.80565981668266,1.2786054579490607],[103.80627085965253,1.2784536297843583],[103.80618987084421,1.2779441640259837],[103.80661673529599,1.2778585188467053],[103.80672857736602,1.278183341646464],[103.80707457295057,1.2783276963318972],[103.80902911283137,1.277833624085426],[103.8094848712187,1.277674423990085],[103.81339865177233,1.2760487178254794],[103.81375826537592,1.2758771092215495],[103.81451649014286,1.2753657417663926],[103.81480241226244,1.2755235998481618],[103.8152370748691,1.276149768959537],[103.81527024940607,1.2761975585500436]],[[103.81252770412104,1.2783640894291053],[103.81209345640474,1.2786776779956364],[103.81281789402858,1.2791468051263994],[103.81365885883119,1.2790211701467176],[103.81339813858752,1.2785130552253035],[103.81252770412104,1.2783640894291053]]]]},"properties":{"OBJECTID_1":166822,"L_CODE":"WT505","NAME":"TELOK BLANGAH HILL PARK","N_RESERVE":0,"INC_CRC":"A6E9288B6CC71F77","FMEL_UPD_D":"20260115000106","SHAPE_1.AREA":355293.61299993,"SHAPE_1.LEN":5620.30971444892}},
{"type":"Feature","geometry":{"type":"Polygon","coordinates":[[[103.7607414265763,1.3602220688825803],[103.76123576367371,1.360344631398641],[103.7609299930349,1.3605646411963723],[103.7607414265763,1.3602220688825803]]]},"properties":{"OBJECTID_1":166826,"L_CODE":"PKWR009","NAME":"LORONG KEMUNCHUP PLAYGROUND","N_RESERVE":0,"INC_CRC":"59ED44AE243E4CEA","FMEL_UPD_D":"20260115000106","SHAPE_1.AREA":1396.829038895,"SHAPE_1.LEN":156.412008802601}},
{"type":"Feature","geometry":{"type":"Polygon","coordinates":[[[103.72166539985932,1.4383530256492685],[103.72077840441096,1.438713913582011],[103.72029339607496,1.4390935315706215],[103.71928404577913,1.4380764717365722],[103.71855936030623,1.4376339761098154],[103.7190499660001,1.437126128381181],[103.7185626208516,1.4369410903313162],[103.71856171045508,1.4358989216657714],[103.71895059309239,1.4357721226000146],[103.71916053704247,1.4354801246268183],[103.719325892283,1.4348341471656312],[103.71921626601063,1.4340840104802053],[103.72046691866392,1.4339050444664334],[103.72094164804615,1.4332604558867443],[103.7207434503951,1.4324410307747124],[103.72016328139267,1.4319273958294818],[103.71889163071003,1.4313613925165143],[103.71741564347224,1.431281852543392],[103.71732305449609,1.431064511569179],[103.71896272995482,1.4311265965795337],[103.72035412422531,1.4317477637306306],[103.72157028005878,1.432466375552652],[103.7219020396331,1.4332264177013572],[103.72193768201222,1.436483551769654],[103.72271950563692,1.4373795867078751],[103.72300791467765,1.438021147062544],[103.72280025241534,1.4385195661572845],[103.72253965574872,1.4386054669312327],[103.72210385494375,1.438239179874265],[103.72166539985932,1.4383530256492685]]]},"properties":{"OBJECTID_1":166827,"L_CODE":"NRNP30","NAME":"SUNGEI BULOH SOUTHERN EXTENSION","N_RESERVE":0,"INC_CRC":"B1446B0110D9D724","FMEL_UPD_D":"20260115000106","SHAPE_1.AREA":220011.138767485,"SHAPE_1.LEN":3362.73203316368}},
{"type":"Feature","geometry":{"type":"Polygon","coordinates":[[[103.88777019728846,1.321460422127004],[103.8878128745963,1.3221049887057823],[103.88745151220817,1.3220810038753006],[103.88748797064729,1.3214436695610063],[103.88777019728846,1.321460422127004]]]},"properties":{"OBJECTID_1":166828,"L_CODE":"EK518","NAME":"GEYLANG EAST PK","N_RESERVE":0,"INC_CRC":"703D635BB5386471","FMEL_UPD_D":"20260115000106","SHAPE_1.AREA":2901.88001873,"SHAPE_1.LEN":220.080586101397}},
{"type":"Feature","geometry":{"type":"Polygon","coordinates":[[[103.98776613076616,1.405185978340288],[103.98721939896781,1.4046439769940144],[103.98699554869718,1.4040178666927472],[103.9875869714286,1.4039469256220158],[103.98733755695531,1.4034505385549432],[103.98765084362736,1.4032788610661213],[103.98796407901968,1.4027374627930433],[103.98825421791715,1.4028219650350058],[103.98817828383265,1.4032786812955254],[103.98832747069658,1.4037726783866258],[103.98895504400078,1.4042580972523677],[103.98909758365632,1.4044979603210903],[103.98900427537565,1.4047737242303935],[103.98869318928541,1.4048233763775604],[103.98838631259719,1.4050437081960427],[103.98776613076616,1.405185978340288]]]},"properties":{"OBJECTID_1":166829,"L_CODE":"NRNP22","NAME":"PULAU SEKUDU","N_RESERVE":0,"INC_CRC":"81CF7519927EDA89","FMEL_UPD_D":"20260115000106","SHAPE_1.AREA":32987.6667849,"SHAPE_1.LEN":891.865117622986}},
{"type":"Feature","geometry":{"type":"MultiPolygon","coordinates":[[[[103.8520793174387,1.2883928190880365],[103.8515906803286,1.287790189198494],[103.85220199662318,1.2873611070102442],[103.85225654505867,1.2877046883725467],[103.8520793174387,1.2883928190880365]]],[[[103.85210294963386,1.28736529043329],[103.85194986099832,1.2870219440225688],[103.85169139682199,1.286780613434618],[103.8517544359145,1.2865578823843107],[103.85226738568434,1.2868157374416702],[103.85257555986747,1.2871767928372329],[103.85210294963386,1.28736529043329]]]]},"properties":{"OBJECTID_1":166831,"L_CODE":"SO503","NAME":"EMPRESS PLACE","N_RESERVE":0,"INC_CRC":"DC835E294A48267C","FMEL_UPD_D":"20260115000106","SHAPE_1.AREA":9934.37014617,"SHAPE_1.LEN":788.921284757519}},
{"type":"Feature","geometry":{"type":"Polygon","coordinates":[[[103.86290275487349,1.3788822255909037],[103.86304777431847,1.3783382614298947],[103.86386404463559,1.37854482859978],[103.86375785366307,1.3788080388058517],[103.86290275487349,1.3788822255909037]]]},"properties":{"OBJECTID_1":166832,"L_CODE":"NP549","NAME":"NIM MEADOW PARK","N_RESERVE":0,"INC_CRC":"7460038FBC3BE647","FMEL_UPD_D":"20260115000106","SHAPE_1.AREA":4246.273504945,"SHAPE_1.LEN":284.307815357306}},
{"type":"Feature","geometry":{"type":"Polygon","coordinates":[[[103.69319071257371,1.3373133112987678],[103.69330015613718,1.3374810224389782],[103.69302499878624,1.3379839131787563],[103.6926666840841,1.337783260773546],[103.69276429567245,1.337599580574987],[103.6925029255605,1.3372528793104548],[103.69284277414731,1.3369918358826292],[103.69319071257371,1.3373133112987678]]]},"properties":{"OBJECTID_1":166833,"L_CODE":"WJ513","NAME":"YUNNAN PARK","N_RESERVE":0,"INC_CRC":"E583DDE7236F8EE3","FMEL_UPD_D":"20260115000106","SHAPE_1.AREA":5636.84244656,"SHAPE_1.LEN":372.376691053014}},
{"type":"Feature","geometry":{"type":"Polygon","coordinates":[[[103.92923483368294,1.3054560542400604],[103.92917543226746,1.3054466104425333],[103.92892581893905,1.306920033423889],[103.92742322874994,1.3061027864500547],[103.9266200327213,1.3057083657549498],[103.92582435485197,1.305455773131013],[103.92001091210992,1.3038189158989735],[103.91935897830709,1.3036182284314528],[103.91956351592896,1.3026659643455891],[103.91946757938926,1.302645522695997],[103.91966743777378,1.3016280658928352],[103.91970126829229,1.301927832372835],[103.92021104556967,1.302284884684448],[103.92108058322628,1.3026920513731015],[103.92170405372921,1.3026103563615392],[103.92187742905035,1.3029761951965162],[103.9225330807131,1.3031681773737982],[103.92339160866058,1.3032587032783234],[103.92371085871216,1.3031996485814865],[103.92384259421902,1.3029932526633068],[103.92460189832832,1.3034035556736956],[103.92528802656291,1.3036298782981919],[103.92598285563162,1.3036625761592877],[103.92672811036866,1.3037985204198312],[103.92733575513559,1.3039927178746504],[103.9281634164078,1.3040542520873182],[103.92934212140304,1.3044493506659858],[103.92936054795528,1.3047122565649703],[103.92935668087028,1.3047426668402606],[103.92924552931383,1.3053912905513345],[103.92923483368294,1.3054560542400604]]]},"properties":{"OBJECTID_1":166830,"L_CODE":"EE503","NAME":"EAST COAST PARK AREA D","N_RESERVE":0,"INC_CRC":"7E04E4E10BB707A3","FMEL_UPD_D":"20260115000106","SHAPE_1.AREA":213536.031276385,"SHAPE_1.LEN":2884.45206517163}},
{"type":"Feature","geometry":{"type":"Polygon","coordinates":[[[103.87306714998316,1.3415469342459012],[103.87332684079044,1.341483010425632],[103.87338327270206,1.3415178112429673],[103.87349115298083,1.341523903070212],[103.8736878804359,1.3416024085802438],[103.87333538797414,1.3418754293188795],[103.87293832703386,1.3426059975616298],[103.87264771533854,1.3427569732363716],[103.87234317705473,1.34263922177711],[103.87260316882615,1.3420565130741535],[103.87306714998316,1.3415469342459012]]]},"properties":{"OBJECTID_1":166834,"L_CODE":"PDBPH01588","NAME":"BIDADARI PARK HILLOCK","N_RESERVE":0,"INC_CRC":"145BA98B2437B18E","FMEL_UPD_D":"20260501000422","SHAPE_1.AREA":9667.40940688,"SHAPE_1.LEN":554.684108515513}},
{"type":"Feature","geometry":{"type":"Polygon","coordinates":[[[103.86357033870671,1.3429692905699775],[103.86264898020785,1.342676541934993],[103.86310103356742,1.3424032465694997],[103.86357033870671,1.3429692905699775]]]},"properties":{"OBJECTID_1":166835,"L_CODE":"NA547","NAME":"CARMICHAEL RD PG","N_RESERVE":0,"INC_CRC":"3C8524F8F2A6A36C","FMEL_UPD_D":"20260115000106","SHAPE_1.AREA":2734.41346585,"SHAPE_1.LEN":254.056814180288}},
{"type":"Feature","geometry":{"type":"Polygon","coordinates":[[[103.7663135522315,1.3401961561686668],[103.76635600142905,1.3406451731022955],[103.76586540562809,1.3406330410724383],[103.76560410316202,1.340361209164095],[103.7662061180962,1.3404178571099852],[103.7663135522315,1.3401961561686668]]]},"properties":{"OBJECTID_1":166836,"L_CODE":"WB537","NAME":"HIGHGATE WALK PLAYGROUND","N_RESERVE":0,"INC_CRC":"280D0C9D042405E8","FMEL_UPD_D":"20260115000106","SHAPE_1.AREA":2180.546014015,"SHAPE_1.LEN":250.058307249866}},
{"type":"Feature","geometry":{"type":"Polygon","coordinates":[[[103.83640200340797,1.464189982913446],[103.83611818741109,1.463421623353254],[103.83624739741845,1.4629493545918102],[103.8359678124204,1.4623120779745786],[103.8350632389753,1.4613651378563093],[103.83446630256047,1.459764116267949],[103.83518327316067,1.4594685697701117],[103.83630076844547,1.4589217089485147],[103.83644448211791,1.4588009138128903],[103.8372258995722,1.4592636293143484],[103.83733972737467,1.4596243806512434],[103.83732725772576,1.4613165254119633],[103.83745438394979,1.4615868493992559],[103.83812669563636,1.4624686649308059],[103.83844254792314,1.4630218001113915],[103.83924554958054,1.4626474124159103],[103.83928314944416,1.4627943153230345],[103.83640200340797,1.464189982913446]]]},"properties":{"OBJECTID_1":166837,"L_CODE":"NS500","NAME":"SEMBAWANG PK","N_RESERVE":0,"INC_CRC":"615C313EB81A272E","FMEL_UPD_D":"20260115000106","SHAPE_1.AREA":134823.319908025,"SHAPE_1.LEN":1950.05153189223}},
{"type":"Feature","geometry":{"type":"Polygon","coordinates":[[[104.04622738517111,1.4385134759312441],[104.04575928559396,1.4386150348616724],[104.04540554341102,1.4383676167618344],[104.04562101993427,1.43793918616966],[104.04610001918857,1.4378850977980535],[104.04646364583824,1.4376383757501872],[104.04647554507842,1.4373779323421436],[104.04682094115533,1.436793947227372],[104.04648423434237,1.4365431779251845],[104.04647830660996,1.4361968837244639],[104.04627172038333,1.4360651038484138],[104.04728457599978,1.4355703703795903],[104.04765888888619,1.4352636078189012],[104.04826079417204,1.4356275412619],[104.04835455404248,1.436600655287009],[104.04802809516815,1.4376739919856483],[104.04760569789661,1.438032728092602],[104.04622738517111,1.4385134759312441]]]},"properties":{"OBJECTID_1":166838,"L_CODE":"NRNP24","NAME":"BETING BRONOK","N_RESERVE":0,"INC_CRC":"D7B16CA705F57523","FMEL_UPD_D":"20260115000106","SHAPE_1.AREA":61282.40357236,"SHAPE_1.LEN":1273.2122099552}},
{"type":"Feature","geometry":{"type":"MultiPolygon","coordinates":[[[[103.7706420503633,1.2900708214331933],[103.76962518422654,1.2902836897059995],[103.76850725490715,1.2906591479133458],[103.76731793802377,1.2911721041910849],[103.76706929415623,1.290945276794981],[103.7671248208029,1.290721619020733],[103.7684303585541,1.2898830982823615],[103.77320345869383,1.2869878032647464],[103.7737807350554,1.2865835660048601],[103.77434174669938,1.2858302435590392],[103.77599759458681,1.2877884394483483],[103.77620460959835,1.2879758591856392],[103.77303466832886,1.2892659492088172],[103.77245955638861,1.287526544308382],[103.77237607671336,1.287560474956985],[103.77295002327827,1.2892963564421676],[103.7706420503633,1.2900708214331933]]],[[[103.76220146406811,1.301199228301872],[103.76102249484549,1.3008964152896876],[103.75875643462936,1.2991492080430007],[103.7593627726214,1.2985128268036972],[103.75968494513886,1.2979034938505192],[103.76100456642267,1.2965894187910063],[103.76163436473433,1.2959018126056148],[103.76209247207174,1.2958183980219118],[103.76229821968938,1.295199056388289],[103.7624788134346,1.2953228707352094],[103.76285592034128,1.295086978833462],[103.76305237410182,1.294238535193135],[103.76343475016475,1.2938596895892578],[103.76351128755991,1.2935794997934802],[103.76385594637465,1.2933615693023475],[103.76370098409552,1.292691928570819],[103.76631680597369,1.2911302790213355],[103.76670602044643,1.2910751230964008],[103.76691035338935,1.2914494547894344],[103.7668469070737,1.2916341857969715],[103.76626399594804,1.2922292728002305],[103.76566088417925,1.2933089120319834],[103.76520119406942,1.294674955349983],[103.76480515403284,1.295587313323827],[103.76220146406811,1.301199228301872]]]]},"properties":{"OBJECTID_1":166845,"L_CODE":"WJ500","NAME":"WEST COAST PARK","N_RESERVE":0,"INC_CRC":"9C4761A6D37C785A","FMEL_UPD_D":"20260115000106","SHAPE_1.AREA":499656.07255784,"SHAPE_1.LEN":6050.01897057028}},
{"type":"Feature","geometry":{"type":"Polygon","coordinates":[[[103.75583921980326,1.3163291030431616],[103.75589328581351,1.3153300747802315],[103.75637771221896,1.3150262326421132],[103.75689603863681,1.315383635187806],[103.75618925559964,1.316320877922965],[103.75583921980326,1.3163291030431616]]]},"properties":{"OBJECTID_1":166846,"L_CODE":"WJ522","NAME":"WEST COAST GREEN PLAYGROUND","N_RESERVE":0,"INC_CRC":"BA0EC4FE59C73616","FMEL_UPD_D":"20260115000106","SHAPE_1.AREA":10220.127826445,"SHAPE_1.LEN":433.115499222972}},
{"type":"Feature","geometry":{"type":"MultiPolygon","coordinates":[[[[103.78824252840757,1.3271900308776603],[103.78779269638589,1.3272114551139476],[103.78723918858353,1.3266808008958497],[103.78771590641227,1.3266942323618212],[103.78848076673468,1.3270351908810514],[103.78824252840757,1.3271900308776603]]],[[[103.78296680116006,1.3277574305616255],[103.78258402701749,1.3277023812678925],[103.78229435029368,1.327298620946998],[103.78331122902998,1.327388969756764],[103.78331256910496,1.3275961035646073],[103.78296680116006,1.3277574305616255]]],[[[103.77415090139198,1.3202503731377098],[103.77479554011403,1.3207230734250002],[103.77605263079205,1.3212573379608494],[103.7772426949467,1.321892610602568],[103.77789897428535,1.3223771476053372],[103.77769911397979,1.3226887770648632],[103.77699304927948,1.322209736501855],[103.77579988949627,1.3215760797642255],[103.77462696285266,1.3210266093108407],[103.77410837314396,1.320431511739983],[103.77415090139198,1.3202503731377098]]]]},"properties":{"OBJECTID_1":166847,"L_CODE":"WB550","NAME":"HOLLAND GREEN LINEAR PARK","N_RESERVE":0,"INC_CRC":"D1702DD948803E32","FMEL_UPD_D":"20260422000213","SHAPE_1.AREA":32632.42382934,"SHAPE_1.LEN":3102.25961858742}},
{"type":"Feature","geometry":{"type":"Polygon","coordinates":[[[103.87601492847334,1.3379858433002003],[103.87661618465057,1.3377928232782001],[103.8763920451083,1.3381786534614808],[103.87577398763051,1.3386364453562025],[103.87580144216777,1.3381649735559207],[103.87601492847334,1.3379858433002003]]]},"properties":{"OBJECTID_1":166848,"L_CODE":"PDBPMG01591","NAME":"BIDADARI PARK MEMORIAL GARDEN","N_RESERVE":0,"INC_CRC":"46B635E0DA5B0D27","FMEL_UPD_D":"20260504001824","SHAPE_1.AREA":4186.352013075,"SHAPE_1.LEN":454.072466393526}},
{"type":"Feature","geometry":{"type":"Polygon","coordinates":[[[103.87356189993879,1.3798583582176676],[103.86991866632168,1.3796917159847089],[103.86995710238715,1.3788405831310815],[103.87083277142894,1.3788495488437913],[103.8735635383936,1.378969911005809],[103.87356189993879,1.3798583582176676]]]},"properties":{"OBJECTID_1":166839,"L_CODE":"PKNE027","NAME":"ANG MO KIO LINEAR PK (PLOT 2)","N_RESERVE":0,"INC_CRC":"A9D955B153249AF6","FMEL_UPD_D":"20260115000106","SHAPE_1.AREA":39553.91714102,"SHAPE_1.LEN":1003.81762732033}},
{"type":"Feature","geometry":{"type":"Polygon","coordinates":[[[103.87744143555409,1.3663524999656058],[103.87711573782174,1.3663145579408613],[103.87770999100455,1.3654813382881763],[103.87789306033721,1.3656973331888513],[103.87744143555409,1.3663524999656058]]]},"properties":{"OBJECTID_1":166840,"L_CODE":"NP527","NAME":"PARRY RD PG","N_RESERVE":0,"INC_CRC":"6889714B3A83B860","FMEL_UPD_D":"20260115000106","SHAPE_1.AREA":3016.1703369,"SHAPE_1.LEN":274.939181350546}},
{"type":"Feature","geometry":{"type":"Polygon","coordinates":[[[103.75794100830068,1.3151007387377918],[103.75776947577275,1.3150213466459797],[103.75863138803783,1.3136252889763889],[103.75906083930865,1.3136687104232108],[103.75911877042006,1.3139173037151792],[103.75794100830068,1.3151007387377918]]]},"properties":{"OBJECTID_1":166841,"L_CODE":"WJ523","NAME":"WEST COAST PLACE PLAYGROUND","N_RESERVE":0,"INC_CRC":"0D1254C598D611CD","FMEL_UPD_D":"20260115000106","SHAPE_1.AREA":8362.62387941,"SHAPE_1.LEN":482.769353730375}},
{"type":"Feature","geometry":{"type":"Polygon","coordinates":[[[103.90724472786971,1.324039912249912],[103.90714302664432,1.3248188104393919],[103.90708335244831,1.3248058020488884],[103.90714338223567,1.3241122924334],[103.90724472786971,1.324039912249912]]]},"properties":{"OBJECTID_1":166842,"L_CODE":"PKER014","NAME":"JALAN ISHAK PARK","N_RESERVE":0,"INC_CRC":"D4534517BA1F15B0","FMEL_UPD_D":"20260115000106","SHAPE_1.AREA":1062.976625105,"SHAPE_1.LEN":342.022073254449}},
{"type":"Feature","geometry":{"type":"Polygon","coordinates":[[[103.82793057195526,1.3706998548887692],[103.82785117685079,1.370741495255942],[103.8275694721874,1.3707640376786265],[103.82744550165404,1.370815008250049],[103.82683117360891,1.371296673775179],[103.82594109828412,1.3711374677942065],[103.82551862214785,1.3710068445907557],[103.82512971593786,1.3713525356186058],[103.82497207501743,1.3711313194307704],[103.82529330035757,1.3709386909486794],[103.82564844475368,1.3705079316625588],[103.82615003603422,1.3701452867718282],[103.82530613275871,1.3677236940564528],[103.82494980452006,1.3676019138478366],[103.82507722568853,1.3672172275647365],[103.82527728529845,1.367119482746523],[103.82599799446342,1.3671392834142304],[103.82655608048198,1.3671862595551825],[103.82806270082844,1.3672501820192011],[103.82804427088483,1.367790993639052],[103.82733279939988,1.3689766587617005],[103.82733731757439,1.369633787950739],[103.82779734823188,1.3702374522228111],[103.8278942405322,1.370484732770991],[103.82793057195526,1.3706998548887692]]]},"properties":{"OBJECTID_1":166843,"L_CODE":"NRNP07","NAME":"LOWER PEIRCE RESERVOIR PARK","N_RESERVE":1,"INC_CRC":"C0A9132F4E832BE1","FMEL_UPD_D":"20260115000106","SHAPE_1.AREA":101564.66435448,"SHAPE_1.LEN":1703.13523365121}},
{"type":"Feature","geometry":{"type":"Polygon","coordinates":[[[103.95423695622851,1.324470339617876],[103.95407907980999,1.3246378353174972],[103.95372715960832,1.3244021756499362],[103.95400021286183,1.3242444233613604],[103.95423695622851,1.324470339617876]]]},"properties":{"OBJECTID_1":166844,"L_CODE":"EC518","NAME":"PESARI WALK PG","N_RESERVE":0,"INC_CRC":"5E27AB7695A1A373","FMEL_UPD_D":"20260115000106","SHAPE_1.AREA":1348.72603926,"SHAPE_1.LEN":160.772258452889}},
{"type":"Feature","geometry":{"type":"Polygon","coordinates":[[[103.79125885128369,1.3226367652774607],[103.79108484895794,1.3223866675650984],[103.79130361317553,1.3222341755689775],[103.7914762748575,1.3224851857475057],[103.79125885128369,1.3226367652774607]]]},"properties":{"OBJECTID_1":166849,"L_CODE":"WB511","NAME":"SIXTH AVE PG","N_RESERVE":0,"INC_CRC":"0A5921A595B90315","FMEL_UPD_D":"20260115000106","SHAPE_1.AREA":999.76923409,"SHAPE_1.LEN":126.748631512631}},
{"type":"Feature","geometry":{"type":"Polygon","coordinates":[[[103.78101150362593,1.3409675972484953],[103.78172887404575,1.3418602516228266],[103.78131051378897,1.3418959307229186],[103.78070147197953,1.3418048933648068],[103.77988289402823,1.341349482960883],[103.78093128793044,1.3409443434158677],[103.78101150362593,1.3409675972484953]]]},"properties":{"OBJECTID_1":166850,"L_CODE":"WB525","NAME":"MAYFAIR PK","N_RESERVE":0,"INC_CRC":"D8F78B24FF764ECD","FMEL_UPD_D":"20260722000139","SHAPE_1.AREA":12422.733044515,"SHAPE_1.LEN":572.189298558757}},
{"type":"Feature","geometry":{"type":"Polygon","coordinates":[[[103.9161682803058,1.3287682068226896],[103.91556877042825,1.3292632259032513],[103.91521873257868,1.3288650643749336],[103.9161682803058,1.3287682068226896]]]},"properties":{"OBJECTID_1":166851,"L_CODE":"EK522","NAME":"JLN SENANG PG","N_RESERVE":0,"INC_CRC":"ED77D755DBBA2A98","FMEL_UPD_D":"20260115000106","SHAPE_1.AREA":2983.57732281,"SHAPE_1.LEN":270.086887515706}},
{"type":"Feature","geometry":{"type":"Polygon","coordinates":[[[103.89878693080964,1.311280859382261],[103.89921429301788,1.3115900520019492],[103.89911951584084,1.311724818329966],[103.8986887867342,1.3114146861490334],[103.89878693080964,1.311280859382261]]]},"properties":{"OBJECTID_1":166852,"L_CODE":"EK524","NAME":"CARPMAEL PARK","N_RESERVE":0,"INC_CRC":"195FFC3CF9EE8316","FMEL_UPD_D":"20260115000106","SHAPE_1.AREA":1073.25727822,"SHAPE_1.LEN":154.390059642673}},
{"type":"Feature","geometry":{"type":"Polygon","coordinates":[[[103.7888201709325,1.279098151812245],[103.7888668607008,1.2793088415612686],[103.78914008993408,1.2797197181766502],[103.7889884264321,1.2797333352746156],[103.78879472389656,1.2794372881213893],[103.7888201709325,1.279098151812245]]]},"properties":{"OBJECTID_1":166853,"L_CODE":"WP505","NAME":"CHWEE CHIAN PLAYGROUND","N_RESERVE":0,"INC_CRC":"CF92C8670430CE35","FMEL_UPD_D":"20260115000106","SHAPE_1.AREA":1190.3824219,"SHAPE_1.LEN":201.665463258375}},
{"type":"Feature","geometry":{"type":"Polygon","coordinates":[[[103.8635339173432,1.3025351618732224],[103.86313799144276,1.3032513438423172],[103.86296317072166,1.3032853138544898],[103.86249701060154,1.3029887419822388],[103.8624504449161,1.302724460038278],[103.86284516862193,1.3020805296884777],[103.8635339173432,1.3025351618732224]],[[103.86302439532919,1.3030871306578502],[103.86319428143265,1.3028421724258266],[103.86285980333258,1.3026294336494997],[103.86264061512736,1.3028945507255998],[103.86302439532919,1.3030871306578502]]]},"properties":{"OBJECTID_1":166854,"L_CODE":"ST510","NAME":"KAMPONG GLAM PK","N_RESERVE":0,"INC_CRC":"F5E8AD3744EBD5EB","FMEL_UPD_D":"20260115000106","SHAPE_1.AREA":7592.87792309,"SHAPE_1.LEN":591.590819686834}},
{"type":"Feature","geometry":{"type":"Polygon","coordinates":[[[103.85501485695771,1.2921310725925195],[103.85559375429291,1.293043540876233],[103.85472938843499,1.2936485141360623],[103.85465391968707,1.293631069578605],[103.85404319022035,1.292648952591152],[103.85469944504155,1.2921011371895352],[103.85501485695771,1.2921310725925195]]]},"properties":{"OBJECTID_1":166855,"L_CODE":"ST529","NAME":"WAR MEMORIAL PK","N_RESERVE":0,"INC_CRC":"E9C3435A2C31BE25","FMEL_UPD_D":"20260115000106","SHAPE_1.AREA":17417.951070385,"SHAPE_1.LEN":514.443825452926}},
{"type":"Feature","geometry":{"type":"MultiPolygon","coordinates":[[[[103.7363618902382,1.4378169462332506],[103.73656871658626,1.4380866287147354],[103.73656393392172,1.4384787229939853],[103.73575124595439,1.4384833384020759],[103.73574858613108,1.437805883098454],[103.7363618902382,1.4378169462332506]]],[[[103.73730248182781,1.437670815939894],[103.7377322993785,1.4378701682443455],[103.73823851089332,1.4385298197720982],[103.73706006384081,1.4384744049787759],[103.73715636824963,1.4376979216342514],[103.73730248182781,1.437670815939894]]],[[[103.73819121855725,1.4388807773607715],[103.73864620508813,1.4388862144443402],[103.7384721112266,1.4391899825316463],[103.73815325959244,1.4403228685774792],[103.73782895912402,1.4405782785416752],[103.73746356694983,1.4404617079632016],[103.73706955960391,1.4398173176245808],[103.73710489111869,1.4393975873236136],[103.73703293632849,1.4388344169602236],[103.73723327765543,1.4387181624299692],[103.73821493036124,1.4387152718792098],[103.73819121855725,1.4388807773607715]]]]},"properties":{"OBJECTID_1":166856,"L_CODE":"NRNP28","NAME":"KRANJI RESERVOIR PARK B","N_RESERVE":0,"INC_CRC":"28E452A06346CE13","FMEL_UPD_D":"20260115000106","SHAPE_1.AREA":40875.082666,"SHAPE_1.LEN":1374.07939461192}},
{"type":"Feature","geometry":{"type":"Polygon","coordinates":[[[103.84497448686422,1.293854429563471],[103.84482819305813,1.2943974117810049],[103.84460230019207,1.2943861923468687],[103.84439798943707,1.2943760453744846],[103.84430844691107,1.29437159809982],[103.84432101237157,1.2940086185603425],[103.84410057410506,1.2932415363562966],[103.84460021983898,1.2933165892201695],[103.8442695009619,1.292809170558062],[103.84485623838493,1.2924056846701546],[103.84552517167971,1.2927800695776799],[103.84552441691388,1.2927821324375128],[103.84551361926863,1.2928113724134689],[103.84550964506658,1.292822131661078],[103.84555322541559,1.2928516264050665],[103.84559980511013,1.2928831487196604],[103.84559157633137,1.2928984343340606],[103.84554605477584,1.2929829935710495],[103.8455270327993,1.293018323579604],[103.8455147865601,1.2930176905833837],[103.84548236623904,1.2930160104298634],[103.84546581512394,1.293024085583105],[103.84545934478348,1.2930376384255926],[103.84545158235157,1.2930538944207535],[103.84544985717454,1.2930590972399203],[103.84543726877337,1.2930970770058419],[103.8454675335569,1.2931124555844087],[103.845506608572,1.2931323107260217],[103.8454623566964,1.2932265909728513],[103.84543920659418,1.2932159231965183],[103.84541672860347,1.2932055647095226],[103.84529396159475,1.2933906526009677],[103.84517036788273,1.2935700719314625],[103.84497448686422,1.293854429563471]]]},"properties":{"OBJECTID_1":166857,"L_CODE":"ST526","NAME":"JUBILEE PARK (FCP)","N_RESERVE":0,"INC_CRC":"7DBD61927CADC4CA","FMEL_UPD_D":"20260115000106","SHAPE_1.AREA":20274.69910921,"SHAPE_1.LEN":910.998046422565}},
{"type":"Feature","geometry":{"type":"Polygon","coordinates":[[[103.84280123117662,1.3122619695917717],[103.84280432081991,1.3116596210863805],[103.84313423207058,1.3118772153821732],[103.8434266762209,1.3124565140650017],[103.84356946655133,1.3129093650592176],[103.84280488075545,1.3126523024261942],[103.84280123117662,1.3122619695917717]]]},"properties":{"OBJECTID_1":166858,"L_CODE":"ST511","NAME":"HOOPER RD PG","N_RESERVE":0,"INC_CRC":"899D6DCCA6757AD3","FMEL_UPD_D":"20260115000106","SHAPE_1.AREA":6390.97510567,"SHAPE_1.LEN":419.889501645624}},
{"type":"Feature","geometry":{"type":"Polygon","coordinates":[[[103.75524464680453,1.3240692113852002],[103.75495884934367,1.3239031430328818],[103.75543799382213,1.3236076302280215],[103.75548689731507,1.3240472430117767],[103.75524464680453,1.3240692113852002]]]},"properties":{"OBJECTID_1":166859,"L_CODE":"PKWR022","NAME":"FABER HEIGHTS PARK","N_RESERVE":0,"INC_CRC":"FAEE44D39FD5AA4A","FMEL_UPD_D":"20260115000106","SHAPE_1.AREA":1670.686934,"SHAPE_1.LEN":175.249411376542}},
{"type":"Feature","geometry":{"type":"Polygon","coordinates":[[[103.90325433830904,1.31092933722817],[103.90285439234398,1.3115028147236905],[103.90236882344075,1.3112216026785646],[103.90285410380542,1.3105543177122927],[103.90325433830904,1.31092933722817]]]},"properties":{"OBJECTID_1":166860,"L_CODE":"PKCR035","NAME":"KOON SENG PARK","N_RESERVE":0,"INC_CRC":"88FF50F85198BBB5","FMEL_UPD_D":"20260115000106","SHAPE_1.AREA":5576.32338462,"SHAPE_1.LEN":305.357972426044}},
{"type":"Feature","geometry":{"type":"Polygon","coordinates":[[[103.7534669067154,1.3894536533968724],[103.75353140810003,1.3886578032616255],[103.75481641875754,1.3884566664275313],[103.75482007682554,1.3888390476272838],[103.75463532455649,1.3893134279173023],[103.75376344621674,1.3893415947705152],[103.75375001748681,1.3895414504566628],[103.7534669067154,1.3894536533968724]]]},"properties":{"OBJECTID_1":166861,"L_CODE":"PKWVVPe01554","NAME":"VILLA VERDE PK EXTENSION","N_RESERVE":0,"INC_CRC":"A43E35FB477ED87F","FMEL_UPD_D":"20260422000213","SHAPE_1.AREA":12752.66579115,"SHAPE_1.LEN":501.122003005727}},
{"type":"Feature","geometry":{"type":"Polygon","coordinates":[[[103.7790073756763,1.4554992960690878],[103.7775517292669,1.4540943275723412],[103.77784757182205,1.4537542572649136],[103.77847897209907,1.4528164282340523],[103.77851467081321,1.4526689346989354],[103.77733815632435,1.451845454029162],[103.7773157116468,1.4515294581103895],[103.77712847971762,1.4512126794199112],[103.77811072872352,1.4514815890395614],[103.77956094005205,1.4517071751113613],[103.78047593101834,1.4517462309468878],[103.7804746938125,1.4523966127988042],[103.78115467261487,1.4528783920524204],[103.78166245073221,1.4530467600610324],[103.78220876687843,1.4533525558783416],[103.78263505056157,1.4526923713076405],[103.78311989938517,1.453174969444188],[103.78305757234655,1.4535814693977955],[103.78277112175954,1.4545318583287348],[103.78232577326487,1.4549799783289208],[103.77949418599003,1.4533254899311614],[103.77891216509195,1.4529487706285622],[103.77851766513339,1.4528479263412908],[103.77768573632173,1.4540823905929259],[103.77907750977366,1.4554265797308892],[103.7790073756763,1.4554992960690878]]]},"properties":{"OBJECTID_1":166863,"L_CODE":"PKNR001","NAME":"WOODLANDS WATERFRONT PK","N_RESERVE":0,"INC_CRC":"80CA197ECDAD0E63","FMEL_UPD_D":"20260115000106","SHAPE_1.AREA":110312.018570395,"SHAPE_1.LEN":4210.08302227242}},
{"type":"Feature","geometry":{"type":"Polygon","coordinates":[[[103.95218351358069,1.3385364824149353],[103.95228304263193,1.3385820167357665],[103.95219363583692,1.3387793331135922],[103.95209579361358,1.3387388577117298],[103.95218351358069,1.3385364824149353]]]},"properties":{"OBJECTID_1":166864,"L_CODE":"PKESBAP01105","NAME":"SEA BREEZE AVENUE PARK","N_RESERVE":0,"INC_CRC":"43838E4A68A8F414","FMEL_UPD_D":"20260115000106","SHAPE_1.AREA":289.563798425,"SHAPE_1.LEN":72.3343339155015}},
{"type":"Feature","geometry":{"type":"Polygon","coordinates":[[[103.86854127842884,1.3876793420988252],[103.86845752626948,1.387963503557599],[103.86828544693712,1.3878382969298961],[103.86854127842884,1.3876793420988252]]]},"properties":{"OBJECTID_1":166865,"L_CODE":"NP529","NAME":"DEDAP PLACE PG","N_RESERVE":0,"INC_CRC":"B9180B2E9FC4B25C","FMEL_UPD_D":"20260115000106","SHAPE_1.AREA":991.57772779,"SHAPE_1.LEN":152.298494390688}},
{"type":"Feature","geometry":{"type":"MultiPolygon","coordinates":[[[[103.83618020108192,1.2328323237889198],[103.83601945943572,1.2331560279403229],[103.83623171956685,1.2336036288359846],[103.83583333365691,1.2344999999177966],[103.8351666670582,1.2335000003816228],[103.83633333374448,1.2306666663117645],[103.83900000034285,1.2283333325768566],[103.83920308613519,1.2285260451458957],[103.8379322542337,1.229789515604985],[103.83783165623876,1.2300288632865197],[103.83728931700183,1.2305825771730021],[103.83671413595766,1.2313497854056554],[103.83642130116021,1.2325733666619303],[103.83618020108192,1.2328323237889198]]],[[[103.85049491004702,1.2140857682603177],[103.85051321434784,1.2144717024423644],[103.85009812099007,1.2146573929782234],[103.84927369716378,1.214872099761276],[103.84878365874901,1.2155858404286484],[103.84863376567722,1.2160790731090052],[103.84762486081624,1.2173556817126423],[103.84730777558734,1.217611003810817],[103.84680620543955,1.2183131375498963],[103.84562102759243,1.2195573229728047],[103.84493251829437,1.2200597724402207],[103.84448283257092,1.2204659664289847],[103.84388901843357,1.2211739024104356],[103.84331375881337,1.221753856929272],[103.84312224675858,1.222224200865388],[103.843324030809,1.2225201401065335],[103.84376218877942,1.2227406425927594],[103.84417913715393,1.2231510780888482],[103.84350000043028,1.224000000352761],[103.84233333317609,1.2229999998765722],[103.84299999985276,1.2215000000207392],[103.84400000006188,1.2203333332742368],[103.84533333331919,1.219000000091421],[103.84750000018109,1.2170000000047896],[103.8500000003488,1.213333333062556],[103.85149280364604,1.2133333333411929],[103.85074958786163,1.2143440407063384],[103.85049491004702,1.2140857682603177]]],[[[103.83616666710127,1.211833333129867],[103.8369999996868,1.2128333332714136],[103.8359999996086,1.2153333332185587],[103.83466666679833,1.2159999998199367],[103.83350000009824,1.2173330003544356],[103.83199999986658,1.21783333293742],[103.83133333292984,1.217499999723752],[103.83033333340603,1.2156666665749714],[103.83266666664117,1.2121666664472264],[103.83383333255628,1.2114999999520701],[103.83616666710127,1.211833333129867]]]]},"properties":{"OBJECTID_1":166866,"L_CODE":"PKCR030","NAME":"SISTERS' ISLAND MARINE PARK","N_RESERVE":0,"INC_CRC":"A901007B8588FBAE","FMEL_UPD_D":"20260422000213","SHAPE_1.AREA":459672.614521395,"SHAPE_1.LEN":7436.5376095563}},
{"type":"Feature","geometry":{"type":"Polygon","coordinates":[[[103.84787450710095,1.2813679935519537],[103.8475697963469,1.2816584501513486],[103.84741296389801,1.2813781159898372],[103.84787450710095,1.2813679935519537]]]},"properties":{"OBJECTID_1":166867,"L_CODE":"SO518","NAME":"TELOK AYER GREEN","N_RESERVE":0,"INC_CRC":"2E679FFD69E221F7","FMEL_UPD_D":"20260115000106","SHAPE_1.AREA":1140.80049955,"SHAPE_1.LEN":161.838454323955}},
{"type":"Feature","geometry":{"type":"Polygon","coordinates":[[[103.82041549468615,1.4062986255935417],[103.82011986058389,1.4062864792244407],[103.8199522144,1.4059786336677202],[103.82059946434757,1.4058303478428185],[103.8204771257388,1.4051733357727156],[103.82088255457445,1.405595323265243],[103.82126265628318,1.4056252597214325],[103.82041549468615,1.4062986255935417]]]},"properties":{"OBJECTID_1":166868,"L_CODE":"NS526","NAME":"SPRINGSIDE PK","N_RESERVE":0,"INC_CRC":"319DA15556DF186D","FMEL_UPD_D":"20260115000106","SHAPE_1.AREA":7121.366961015,"SHAPE_1.LEN":622.340706911201}},
{"type":"Feature","geometry":{"type":"Polygon","coordinates":[[[103.83521785642954,1.3501331307187572],[103.83453972964686,1.349934696412355],[103.83467942097076,1.3496084134061428],[103.83521785642954,1.3501331307187572]]]},"properties":{"OBJECTID_1":166869,"L_CODE":"NA550","NAME":"TAMAN PERMATA PK","N_RESERVE":0,"INC_CRC":"FDC4A7FE06291D6B","FMEL_UPD_D":"20260115000106","SHAPE_1.AREA":2753.792420025,"SHAPE_1.LEN":387.294978821352}},
{"type":"Feature","geometry":{"type":"Polygon","coordinates":[[[103.82841140986145,1.3617935993263053],[103.8285223046946,1.3618249755681684],[103.82844969992351,1.3620864361965703],[103.82828997929738,1.3622096102888925],[103.8283457811187,1.361831269582957],[103.82841140986145,1.3617935993263053]]]},"properties":{"OBJECTID_1":166870,"L_CODE":"NA539","NAME":"ISLAND GDNS WALK PG","N_RESERVE":0,"INC_CRC":"4A5A205D589130C0","FMEL_UPD_D":"20260115000106","SHAPE_1.AREA":901.3435439,"SHAPE_1.LEN":147.909956371617}},
{"type":"Feature","geometry":{"type":"Polygon","coordinates":[[[103.9439605127139,1.3334133827411059],[103.94354287344599,1.333115899666085],[103.94393417177847,1.332612604073981],[103.94421808619744,1.332969606555957],[103.9439605127139,1.3334133827411059]]]},"properties":{"OBJECTID_1":166871,"L_CODE":"EC514","NAME":"JLN PARI DEDAP PG","N_RESERVE":0,"INC_CRC":"1E1ADBE3C00ADB7D","FMEL_UPD_D":"20260115000106","SHAPE_1.AREA":3613.52444553,"SHAPE_1.LEN":277.320896062914}},
{"type":"Feature","geometry":{"type":"Polygon","coordinates":[[[103.82249989909334,1.4054788583392392],[103.82335804681475,1.405433553549619],[103.82332479843569,1.4058275848006831],[103.82251715133931,1.4056012188684917],[103.82249989909334,1.4054788583392392]]]},"properties":{"OBJECTID_1":166872,"L_CODE":"PKNR018","NAME":"BROOK'S PARK","N_RESERVE":0,"INC_CRC":"88CAE48346A4E4E4","FMEL_UPD_D":"20260115000106","SHAPE_1.AREA":2959.779500555,"SHAPE_1.LEN":266.753036390309}},
{"type":"Feature","geometry":{"type":"Polygon","coordinates":[[[103.8022814575514,1.2802910872549471],[103.80238830918428,1.2802749510693],[103.80219078259545,1.28035690401027],[103.80223527658983,1.279669805249017],[103.80211231866791,1.2793163101492868],[103.80174509285078,1.2790043847759822],[103.800604252316,1.2794146381964422],[103.80011274607361,1.2792641165975487],[103.79955841420023,1.279315640925434],[103.79904417943892,1.2797138213552843],[103.79885819006532,1.2801287187991015],[103.79815919203763,1.280213374971721],[103.79804576330562,1.2801478675498206],[103.79681835259478,1.2801401577295577],[103.79648480242494,1.279974864894323],[103.79627418507873,1.2794799862102049],[103.79675592473919,1.2791985837922815],[103.7967220352518,1.2789623098714584],[103.79782019167011,1.2784480610799114],[103.79905103507052,1.2782399926192207],[103.79965397569066,1.2779198618386287],[103.80016871803876,1.2786137343361488],[103.8009625264357,1.2781790968555933],[103.80193013135006,1.2777492824324888],[103.80226664322082,1.278733746444673],[103.80288209556394,1.2785786109842177],[103.80282637930877,1.2792423055758115],[103.80243545403039,1.2801701249074187],[103.8022814575514,1.2802910872549471]],[[103.79729625927177,1.27978651178723],[103.79730991758494,1.2792969359213613],[103.79650293572475,1.279540335976913],[103.79665079126582,1.2800271603724647],[103.79729625927177,1.27978651178723]]]},"properties":{"OBJECTID_1":166873,"L_CODE":"HH020","NAME":"HORTPARK","N_RESERVE":0,"INC_CRC":"1D48288A54481E0A","FMEL_UPD_D":"20260115000106","SHAPE_1.AREA":97386.7314477201,"SHAPE_1.LEN":3061.01515112264}},
{"type":"Feature","geometry":{"type":"Polygon","coordinates":[[[103.75806835240834,1.3191188078738296],[103.75861204159482,1.319653931048935],[103.75810529457162,1.3202541419819807],[103.75777563211595,1.3203468653932366],[103.75734090732765,1.3199389306027698],[103.75806835240834,1.3191188078738296]]]},"properties":{"OBJECTID_1":166874,"L_CODE":"WJ524","NAME":"FABER HILLS PLAYGROUND","N_RESERVE":0,"INC_CRC":"3ED10C12E5C712AD","FMEL_UPD_D":"20260601000448","SHAPE_1.AREA":10593.849209085,"SHAPE_1.LEN":404.199068047759}},
{"type":"Feature","geometry":{"type":"Polygon","coordinates":[[[103.94399121368137,1.3863323589781504],[103.94291819471995,1.3868371881656611],[103.94248734370282,1.3871806941222355],[103.9424388740029,1.3873648055860344],[103.94202141958701,1.3875093700851913],[103.94131659707057,1.3879307450685132],[103.9405768748933,1.3885998715729104],[103.93947490026976,1.3890663294392251],[103.93880549184544,1.3877320168894165],[103.94134556223624,1.3866335803744454],[103.94290779266963,1.385934960447701],[103.94378661437227,1.3853020826842983],[103.94342248099404,1.384630330232411],[103.9435350153305,1.3841739384385137],[103.94432498388956,1.3835115815606804],[103.94806832243827,1.3813753988490367],[103.94868036591204,1.3809910512053942],[103.94888816866376,1.381338867852952],[103.94916575709847,1.3820710314291589],[103.94960719812096,1.3819400354507532],[103.94943171314236,1.3814782396036993],[103.9489891871874,1.3806152654088937],[103.94839927157754,1.3798295290140603],[103.94771018479014,1.3790861313399423],[103.94742200960373,1.3788692538275915],[103.94671260789856,1.3785503798918184],[103.94549869828036,1.3780868172222451],[103.94493559812771,1.3774818343676498],[103.94511206983381,1.377373637158893],[103.94542322371584,1.3777999262687142],[103.94583787167075,1.3780742639493595],[103.94695302602497,1.3784711127497336],[103.94759766816557,1.3788007145752732],[103.94835311387298,1.377604718394887],[103.9488154197377,1.3770414861325457],[103.94925180619393,1.3769451502263947],[103.95032047660321,1.3771240529148236],[103.9497644355931,1.375183428110868],[103.94994851643838,1.375140099206876],[103.95051358113308,1.3771563833669673],[103.95169942634112,1.3773549042781599],[103.95152697600649,1.3750521894179217],[103.95251416930164,1.375171389239218],[103.95258509965561,1.3766713473720993],[103.9530164205575,1.3766284036890573],[103.9529402218439,1.3759811156774524],[103.9531899002604,1.376012484437797],[103.95332788678806,1.3771312368557869],[103.95355489673386,1.3779267475780699],[103.95404706505295,1.3792312197923584],[103.95430703957727,1.3801149854114152],[103.95470441578686,1.3806590926246487],[103.95494699976503,1.3807649266975357],[103.95559775557457,1.3806200866446936],[103.9561575551948,1.3798638752255643],[103.95624137477331,1.3791786004199367],[103.95597604625715,1.3790374333156268],[103.95586021268366,1.3787115524215645],[103.95589906209743,1.3779141923960294],[103.95613731890941,1.3779264703304595],[103.95609932713768,1.378624920221775],[103.95672582423873,1.378703014572536],[103.95675605906548,1.3795342845567886],[103.9569984532643,1.3796201148469591],[103.9581638262703,1.3802547168105175],[103.95892269737345,1.3802548122608602],[103.95932207110823,1.3803188921839256],[103.95927622878008,1.379860039429597],[103.95939126912579,1.3794460534481456],[103.96027955594874,1.3796856790379581],[103.96014653688948,1.380129158161846],[103.96023930299032,1.3807604611473687],[103.96065632858432,1.3807439612347558],[103.96158036427185,1.3810243448454411],[103.96249902036932,1.381038004915616],[103.96309932960715,1.3813707229182153],[103.96376654509397,1.3815090896963278],[103.96488240826878,1.3816367146363626],[103.96511606684037,1.3815243084269548],[103.96511587144163,1.3811254333379315],[103.96554114943915,1.381124608306809],[103.96554122610205,1.3815199518628491],[103.96504300973837,1.3819561986171138],[103.96450022723333,1.3821241236108641],[103.9641875834023,1.3818801893633692],[103.96252161177432,1.3817275515842693],[103.96215091542024,1.3814078988998844],[103.96067356367004,1.3814112347312368],[103.96014126672581,1.381061202942838],[103.95951832176445,1.3812185591169714],[103.95863313885177,1.3812339170941528],[103.95854648137235,1.381078461857243],[103.95792275987584,1.381338933022715],[103.95718399944127,1.3813405554202904],[103.95671723869424,1.381411716070992],[103.95632796929523,1.381261069651545],[103.95587391544868,1.3813188006015569],[103.9547992943378,1.3816873565654557],[103.95432620485782,1.3813340917754886],[103.95414100173997,1.3806023239371261],[103.95370087497237,1.3807329335876077],[103.95380226899385,1.3812327576466195],[103.95366057441653,1.3817952510231568],[103.95322334811706,1.3818207762820451],[103.95223438080917,1.3822225982668872],[103.95168518065043,1.3823780676560957],[103.95162860733294,1.382213603173255],[103.95116965474458,1.382266287148077],[103.9499560887348,1.3828581530807604],[103.94964169606004,1.3820308172584492],[103.94919979670664,1.382160890817391],[103.9494267433769,1.382760010661256],[103.9481993029518,1.3835451386643385],[103.9480801968344,1.3835414817963496],[103.94691131191836,1.3842493014454569],[103.94619155694433,1.3844985240438692],[103.945106468235,1.3851260947805197],[103.94472945167726,1.3854743826232991],[103.9443629613568,1.3861023440069378],[103.94399121368137,1.3863323589781504]],[[103.95267813217096,1.3776623048680945],[103.9534090339906,1.3795877880309333],[103.95368745080238,1.3806535837234934],[103.95411979929113,1.380518549430093],[103.95384001071523,1.3794809971043454],[103.95318139294388,1.3776749016329113],[103.95326795824624,1.3776137442754424],[103.95302019126667,1.3766525517794421],[103.95252098636178,1.3767023874065032],[103.95255289511171,1.3776527041367304],[103.95267813217096,1.3776623048680945]]]},"properties":{"OBJECTID_1":166862,"L_CODE":"ET500","NAME":"PASIR RIS PK","N_RESERVE":0,"INC_CRC":"32C1C8B213100BA1","FMEL_UPD_D":"20260115000106","SHAPE_1.AREA":701248.385081585,"SHAPE_1.LEN":12129.9079141251}},
{"type":"Feature","geometry":{"type":"Polygon","coordinates":[[[103.83754392155933,1.3810135417969773],[103.83742087732593,1.3811742213047493],[103.83702823299073,1.3808629994819617],[103.83755645880548,1.3801844052992165],[103.83794588801467,1.3805040195422171],[103.83754392155933,1.3810135417969773]]]},"properties":{"OBJECTID_1":166875,"L_CODE":"NA522","NAME":"YIO CHU KANG GARDENS PG","N_RESERVE":0,"INC_CRC":"148FD53D52576E98","FMEL_UPD_D":"20260115000106","SHAPE_1.AREA":5286.00567924,"SHAPE_1.LEN":301.962325235657}},
{"type":"Feature","geometry":{"type":"Polygon","coordinates":[[[103.86341361115646,1.3594980441406732],[103.86407635230242,1.3590640403876748],[103.86431787012204,1.3594391277743503],[103.86383983391775,1.3600999962548646],[103.86341361115646,1.3594980441406732]]]},"properties":{"OBJECTID_1":166876,"L_CODE":"NA526","NAME":"CHARTWELL DR PK","N_RESERVE":0,"INC_CRC":"965A3975D8AB8405","FMEL_UPD_D":"20260630000145","SHAPE_1.AREA":5548.59019443,"SHAPE_1.LEN":317.701524291934}},
{"type":"Feature","geometry":{"type":"Polygon","coordinates":[[[103.82424856312697,1.4491662985996272],[103.82409299540438,1.4483189915137489],[103.82394279095539,1.447176735266093],[103.8241949193176,1.4458092443663693],[103.82540727709593,1.4469139626505587],[103.82578815070674,1.4473805179434467],[103.82599736365918,1.4479436025880768],[103.82517660752481,1.4486407538207158],[103.82424856312697,1.4491662985996272]]]},"properties":{"OBJECTID_1":166877,"L_CODE":"PKWBC01284","NAME":"BUKIT CANBERRA","N_RESERVE":0,"INC_CRC":"61BA355A195BB828","FMEL_UPD_D":"20260115000106","SHAPE_1.AREA":48107.018063,"SHAPE_1.LEN":929.755238467291}},
{"type":"Feature","geometry":{"type":"Polygon","coordinates":[[[103.86185245914878,1.3487514742765332],[103.86189855511032,1.3484180771077496],[103.86216032372135,1.3484461346191774],[103.8620780513258,1.3486735967932981],[103.86185245914878,1.3487514742765332]]]},"properties":{"OBJECTID_1":166878,"L_CODE":"PKNE020","NAME":"CHILTERN DRIVE INTERIM PARK","N_RESERVE":0,"INC_CRC":"5F17181C82AD5BBD","FMEL_UPD_D":"20260115000106","SHAPE_1.AREA":924.579734765,"SHAPE_1.LEN":129.499042066877}},
{"type":"Feature","geometry":{"type":"Polygon","coordinates":[[[103.86685133203889,1.3565604599033625],[103.86668508962846,1.3566447218304134],[103.86663373985883,1.35622430169672],[103.86685133203889,1.3565604599033625]]]},"properties":{"OBJECTID_1":166879,"L_CODE":"PKNE026","NAME":"COLCHESTER GROVE INTERIM OS","N_RESERVE":0,"INC_CRC":"D915E7AE868A1DE7","FMEL_UPD_D":"20260115000106","SHAPE_1.AREA":413.26728205,"SHAPE_1.LEN":113.596008896583}},
{"type":"Feature","geometry":{"type":"Polygon","coordinates":[[[103.87290739787116,1.397649773367233],[103.87307144007691,1.3976512302233373],[103.87291393422504,1.398298379395641],[103.87269113438862,1.3982260711355416],[103.87290739787116,1.397649773367233]]]},"properties":{"OBJECTID_1":166880,"L_CODE":"PKNE001","NAME":"JLN KAYU PK","N_RESERVE":0,"INC_CRC":"CE5FE9C24AFEA359","FMEL_UPD_D":"20260115000106","SHAPE_1.AREA":1613.942034,"SHAPE_1.LEN":194.48106608494}},
{"type":"Feature","geometry":{"type":"Polygon","coordinates":[[[103.95070632212105,1.323908304280105],[103.95066003393804,1.3240188738710894],[103.95025335607907,1.3237769490416322],[103.95072525960762,1.3238236369400034],[103.95070632212105,1.323908304280105]]]},"properties":{"OBJECTID_1":166881,"L_CODE":"EC530","NAME":"LIMAU VILLAS PG","N_RESERVE":0,"INC_CRC":"83BF6A74B7790D75","FMEL_UPD_D":"20260115000106","SHAPE_1.AREA":926.10768305,"SHAPE_1.LEN":181.17554700018}},
{"type":"Feature","geometry":{"type":"Polygon","coordinates":[[[103.84980958147852,1.3170095191957292],[103.84886546410144,1.3158599358402514],[103.84904056097189,1.3157011129294687],[103.84992831267732,1.3167771238209063],[103.84980958147852,1.3170095191957292]]]},"properties":{"OBJECTID_1":166882,"L_CODE":"MEKS005","NAME":"PEK KIO PARK","N_RESERVE":0,"INC_CRC":"3A0714FE9BA1AC12","FMEL_UPD_D":"20260422000213","SHAPE_1.AREA":4334.863176935,"SHAPE_1.LEN":396.861161944068}},
{"type":"Feature","geometry":{"type":"Polygon","coordinates":[[[103.91732348872357,1.4161127686461783],[103.91695703774047,1.4166128829382016],[103.91640425078084,1.4172317784211395],[103.91575827799693,1.4174130884377474],[103.91518060967421,1.4170380326410879],[103.91502531104786,1.4165941994054592],[103.91502529660005,1.4161816154379938],[103.91517434907756,1.4156252478353883],[103.91608115169585,1.4141561682077395],[103.91630472929846,1.4133059884204635],[103.91635928388376,1.4121314034085666],[103.91666491816828,1.4113805866211928],[103.91748476005455,1.4099240115864293],[103.91836186357008,1.4087993164278407],[103.91896299124352,1.4081861072396538],[103.91975801699594,1.4075546994280306],[103.92045988157454,1.4072108542521986],[103.92109964083863,1.4070482971082214],[103.92154684837301,1.4068482395786093],[103.92219901503557,1.4063043552392358],[103.922913275445,1.405222858957591],[103.92350682017194,1.4045995554034807],[103.92400642714226,1.4042413675537124],[103.92480145898124,1.4038600099751153],[103.92575178094657,1.4036661836941529],[103.92658409590274,1.4036849042185855],[103.92688843941245,1.4034160873224983],[103.9275903184244,1.4034473155539464],[103.92809527235303,1.4031440043008263],[103.92846896405626,1.4020620166411828],[103.92877700402762,1.4017519685684594],[103.92946086986477,1.4015039144112214],[103.9299845605586,1.401534895183865],[103.93048361341891,1.4017270958024823],[103.93089467256394,1.4020656503053466],[103.93117420098476,1.4025532365761666],[103.93125496477768,1.402947063240134],[103.93108108035645,1.4037284788228224],[103.93088232994768,1.4040035418568988],[103.92872087641697,1.4059540264437471],[103.92654078841852,1.4080045279832771],[103.92531374889596,1.409304300132113],[103.92506343807402,1.4096403025564683],[103.92395098913993,1.4107602749594477],[103.92328352520435,1.4113762544176915],[103.92244147302587,1.4119929946815755],[103.92062159128562,1.4129932660148867],[103.91957190397868,1.4137247026462072],[103.91902856677959,1.4142879972002218],[103.91816638693545,1.415379997586115],[103.91732348872357,1.4161127686461783]]]},"properties":{"OBJECTID_1":166883,"L_CODE":"NP501","NAME":"CONEY ISLAND PARK","N_RESERVE":0,"INC_CRC":"4F4125D10819706A","FMEL_UPD_D":"20260115000106","SHAPE_1.AREA":980333.61352904,"SHAPE_1.LEN":5345.95255877397}},
{"type":"Feature","geometry":{"type":"Polygon","coordinates":[[[103.78513336007711,1.337371746786263],[103.78491933721125,1.336811462694357],[103.78508497040902,1.3367078710544722],[103.78513336007711,1.337371746786263]]]},"properties":{"OBJECTID_1":166884,"L_CODE":"WB517","NAME":"HUA GUAN CRESCENT PG","N_RESERVE":0,"INC_CRC":"C8028C0F82E2E9A8","FMEL_UPD_D":"20260115000106","SHAPE_1.AREA":996.79966822,"SHAPE_1.LEN":181.872422113484}},
{"type":"Feature","geometry":{"type":"Polygon","coordinates":[[[103.85249773043373,1.288064989128512],[103.85268385770236,1.28769972832069],[103.85293969878771,1.2877663780419335],[103.8536206224329,1.2888585469534088],[103.85408359456378,1.2889401169069175],[103.85447812425213,1.290908851629302],[103.854692453943,1.2914027071670309],[103.85454083085185,1.2915674466324927],[103.85418448417664,1.291212034231559],[103.85300715972635,1.288743100582411],[103.85253986975437,1.2882456935647018],[103.8525039184127,1.2881489277040226],[103.85249492444503,1.2880856222335075],[103.85249773043373,1.288064989128512]]]},"properties":{"OBJECTID_1":166885,"L_CODE":"SO506","NAME":"ESPLANADE PK","N_RESERVE":0,"INC_CRC":"8E225CB84DC3414A","FMEL_UPD_D":"20260115000106","SHAPE_1.AREA":28990.997084575,"SHAPE_1.LEN":1077.39504978708}},
{"type":"Feature","geometry":{"type":"Polygon","coordinates":[[[103.8594440391021,1.3631415336515413],[103.85993833756272,1.363379682581478],[103.85971739628934,1.3635806953543084],[103.86001781926898,1.3643390783024552],[103.86059639542009,1.3659926113142473],[103.86050985108363,1.3660301859206947],[103.85993967059834,1.3644033713308712],[103.8594440391021,1.3631415336515413]]]},"properties":{"OBJECTID_1":166886,"L_CODE":"PKNR025","NAME":"HAUS LINEAR PARK","N_RESERVE":0,"INC_CRC":"E8072FB0A38CF494","FMEL_UPD_D":"20260115000106","SHAPE_1.AREA":4428.74882448,"SHAPE_1.LEN":741.526891187732}},
{"type":"Feature","geometry":{"type":"Polygon","coordinates":[[[103.94170410832564,1.3187679754092203],[103.94174873355799,1.3196108470377634],[103.94127961866953,1.3196177588143554],[103.9410038038168,1.3192969570930546],[103.94152008868436,1.318784649066937],[103.94170410832564,1.3187679754092203]]]},"properties":{"OBJECTID_1":166887,"L_CODE":"EC525","NAME":"LUCKY GARDENS PG","N_RESERVE":0,"INC_CRC":"B5E1F38D82F6236F","FMEL_UPD_D":"20260115000106","SHAPE_1.AREA":5616.095455315,"SHAPE_1.LEN":298.255447328421}},
{"type":"Feature","geometry":{"type":"Polygon","coordinates":[[[103.9464240593204,1.3241099658482354],[103.94622224915581,1.3240325019552157],[103.94629639780855,1.3238374094000447],[103.9465483291667,1.3239344540589792],[103.9464240593204,1.3241099658482354]]]},"properties":{"OBJECTID_1":166888,"L_CODE":"EC527","NAME":"JLN LIMAU KASTURI PG","N_RESERVE":0,"INC_CRC":"53294A67045DE2DD","FMEL_UPD_D":"20260115000106","SHAPE_1.AREA":675.798482955,"SHAPE_1.LEN":102.733154741562}},
{"type":"Feature","geometry":{"type":"Polygon","coordinates":[[[103.78087463488072,1.4366659989898904],[103.78087260541659,1.4373940214155279],[103.78035439102717,1.4379224551224898],[103.7798342117924,1.4379224700464623],[103.77921758277256,1.437307217030979],[103.77850053043348,1.4373038808075351],[103.77758453040003,1.43650228509371],[103.7775780296901,1.4359202014172712],[103.77804756468915,1.4354271738878133],[103.77902139485296,1.4356417159778112],[103.78007006814964,1.4362899911856968],[103.78050951696551,1.4363007091111004],[103.78087463488072,1.4366659989898904]]]},"properties":{"OBJECTID_1":166889,"L_CODE":"NW504","NAME":"WOODLANDS TOWN PK EAST","N_RESERVE":0,"INC_CRC":"BB8E5AB353553262","FMEL_UPD_D":"20260422000213","SHAPE_1.AREA":60659.45944651,"SHAPE_1.LEN":1027.60024608901}},
{"type":"Feature","geometry":{"type":"MultiPolygon","coordinates":[[[[103.75253168127864,1.3933400644473681],[103.75246911725993,1.3937500924230504],[103.7522038673545,1.393707233611352],[103.75219744437454,1.3933903987872556],[103.75248339909409,1.3931226086483546],[103.75271283044212,1.3916394066248914],[103.75279244303954,1.3916536892569449],[103.75253168127864,1.3933400644473681]]],[[[103.7530686973533,1.3896560417371042],[103.75296418455548,1.3906722711310853],[103.75279518431832,1.391635502606733],[103.75271558879568,1.3916211838008636],[103.75288382609047,1.3906603398254322],[103.75297525963184,1.3897653398816927],[103.7530686973533,1.3896560417371042]]]]},"properties":{"OBJECTID_1":166890,"L_CODE":"NW511","NAME":"VILLA VERDE PK","N_RESERVE":0,"INC_CRC":"F7D3C52B8ED89AFD","FMEL_UPD_D":"20260115000106","SHAPE_1.AREA":9200.71939479,"SHAPE_1.LEN":1850.48371432553}},
{"type":"Feature","geometry":{"type":"Polygon","coordinates":[[[103.82944139585723,1.372675947128821],[103.82944218626518,1.372883109851789],[103.8287028695632,1.3728460404437048],[103.82871336527458,1.3726394827622852],[103.82914097739868,1.3726608979964923],[103.82915062824253,1.372036081785954],[103.82944040785311,1.3724134725823365],[103.82944139585723,1.372675947128821]]]},"properties":{"OBJECTID_1":166891,"L_CODE":"NA511","NAME":"LEBAN PARK","N_RESERVE":0,"INC_CRC":"173DAFD6882B532B","FMEL_UPD_D":"20260115000106","SHAPE_1.AREA":3480.338961255,"SHAPE_1.LEN":326.997027459859}},
{"type":"Feature","geometry":{"type":"Polygon","coordinates":[[[103.76887787084102,1.3282970997976589],[103.76852157612971,1.3278088251919185],[103.76895894516322,1.3275506859798831],[103.76921515197434,1.3281694856796316],[103.76887787084102,1.3282970997976589]]]},"properties":{"OBJECTID_1":166892,"L_CODE":"WB515","NAME":"SUNSET HEIGHTS OS","N_RESERVE":0,"INC_CRC":"D90D5B3147F6760E","FMEL_UPD_D":"20260115000106","SHAPE_1.AREA":3349.37244307,"SHAPE_1.LEN":247.264898757679}},
{"type":"Feature","geometry":{"type":"Polygon","coordinates":[[[103.9017928298456,1.3141018236953226],[103.90183048189594,1.3146014928373904],[103.90150036173053,1.314526196437938],[103.9017928298456,1.3141018236953226]]]},"properties":{"OBJECTID_1":166893,"L_CODE":"EK595","NAME":"JOO CHIAT TERRACE PK","N_RESERVE":0,"INC_CRC":"7D3DFF97B1F84D23","FMEL_UPD_D":"20260115000106","SHAPE_1.AREA":1371.89998925,"SHAPE_1.LEN":162.159340966332}},
{"type":"Feature","geometry":{"type":"Polygon","coordinates":[[[103.906011537925,1.3231812653627286],[103.90565056291058,1.3233538277077213],[103.90564440613954,1.3230784038595347],[103.906011537925,1.3231812653627286]]]},"properties":{"OBJECTID_1":166894,"L_CODE":"EK751","NAME":"JLN ISMAIL PK","N_RESERVE":0,"INC_CRC":"C77AEF2AEA6C5450","FMEL_UPD_D":"20260115000106","SHAPE_1.AREA":1182.307752445,"SHAPE_1.LEN":152.348327406292}},
{"type":"Feature","geometry":{"type":"Polygon","coordinates":[[[103.86588467222617,1.3711148265533237],[103.86483002896135,1.3705097089967053],[103.8649730662423,1.3700407210368384],[103.86581433934144,1.369049544695351],[103.86588467222617,1.3711148265533237]]]},"properties":{"OBJECTID_1":166895,"L_CODE":"NA532","NAME":"TAVISTOCK AVE PK","N_RESERVE":0,"INC_CRC":"1F88B5CB867AC521","FMEL_UPD_D":"20260115000106","SHAPE_1.AREA":14859.51642734,"SHAPE_1.LEN":570.886879545456}},
{"type":"Feature","geometry":{"type":"Polygon","coordinates":[[[103.8617716984208,1.3270021477347325],[103.86228984597919,1.3275149308206062],[103.86219611196351,1.327792038245694],[103.8617716984208,1.3270021477347325]]]},"properties":{"OBJECTID_1":166896,"L_CODE":"PKCR032","NAME":"MAR THOMA ROAD PARK","N_RESERVE":0,"INC_CRC":"73CCA4D4B2D4C6D6","FMEL_UPD_D":"20260115000106","SHAPE_1.AREA":1110.6440007,"SHAPE_1.LEN":214.143148867278}},
{"type":"Feature","geometry":{"type":"Polygon","coordinates":[[[103.86736305079971,1.3573468824191157],[103.8675330703218,1.357612154448744],[103.86740352514546,1.3576861956832995],[103.86736305079971,1.3573468824191157]]]},"properties":{"OBJECTID_1":166897,"L_CODE":"NA534","NAME":"COLCHESTER GROVE OS","N_RESERVE":0,"INC_CRC":"64C8D189A905FF4F","FMEL_UPD_D":"20260115000106","SHAPE_1.AREA":341.402519115,"SHAPE_1.LEN":95.4520461697346}},
{"type":"Feature","geometry":{"type":"Polygon","coordinates":[[[103.76494729190289,1.3280195943166364],[103.76464522081503,1.327841241700403],[103.76465763039954,1.3275282588677557],[103.7649201370884,1.3273840653578406],[103.76494729190289,1.3280195943166364]]]},"properties":{"OBJECTID_1":166898,"L_CODE":"WB513","NAME":"SUNSET WAY PK","N_RESERVE":0,"INC_CRC":"23F9F98464E6A8EA","FMEL_UPD_D":"20260115000106","SHAPE_1.AREA":1985.954115055,"SHAPE_1.LEN":182.667165090282}},
{"type":"Feature","geometry":{"type":"Polygon","coordinates":[[[103.83491549279304,1.3724105640951338],[103.83455599233693,1.3723305371131895],[103.83414522824728,1.3717559494498004],[103.83446919001672,1.3716241563116298],[103.83483105387215,1.372131558729389],[103.83491549279304,1.3724105640951338]]]},"properties":{"OBJECTID_1":166899,"L_CODE":"NA509","NAME":"ELLINGTON SQUARE PLAYGROUND","N_RESERVE":0,"INC_CRC":"5AD601BF05708099","FMEL_UPD_D":"20260115000106","SHAPE_1.AREA":3265.494608555,"SHAPE_1.LEN":284.943308647231}},
{"type":"Feature","geometry":{"type":"MultiPolygon","coordinates":[[[[103.70578290070489,1.3547683186650628],[103.70569449133232,1.3549706035130538],[103.70651827719277,1.3558896372736433],[103.7063531487129,1.3560881405793606],[103.70481801979415,1.3543755969462874],[103.70502132698591,1.3541483858978476],[103.7058950622937,1.354229040791],[103.70578290070489,1.3547683186650628]]],[[[103.70533321882942,1.357860970882265],[103.70498059361518,1.3582201791617077],[103.70481244029716,1.3579590609386212],[103.70487997400107,1.3577991751417346],[103.7052237150234,1.3574578212188764],[103.70666552215596,1.3561289021816763],[103.70692899764857,1.3562554480669575],[103.70800175050456,1.3569957816505254],[103.70793574740067,1.357275413332687],[103.70680009439226,1.3564953848514938],[103.70533321882942,1.357860970882265]],[[103.70516404076207,1.357777463918108],[103.7053311906623,1.3577776256666596],[103.70675101135933,1.356459182459479],[103.70655169921736,1.3562527956102746],[103.7057840292279,1.356984406597645],[103.70515704231013,1.3575298573400927],[103.70516404076207,1.357777463918108]]]]},"properties":{"OBJECTID_1":166900,"L_CODE":"PKWBP(101472","NAME":"BULIM PARK (PHASE 1) ","N_RESERVE":0,"INC_CRC":"8C541AF2ED6CC93A","FMEL_UPD_D":"20260720000149","SHAPE_1.AREA":21272.029144645,"SHAPE_1.LEN":2359.20267608935}},
{"type":"Feature","geometry":{"type":"Polygon","coordinates":[[[103.7319022014616,1.448055388567014],[103.7316602613165,1.4487112302035114],[103.73157449933329,1.4488852807902137],[103.73079588756951,1.4498397455182583],[103.730248280616,1.450264992294722],[103.72834957865565,1.4510707761484394],[103.72737681193404,1.4511840479872926],[103.72477768152642,1.451222584549152],[103.7242610626778,1.4511341310246042],[103.72189234217244,1.451180020645978],[103.72147331885876,1.4513062740804625],[103.72040985561638,1.451087637542685],[103.71991232894796,1.4499653536701396],[103.71831874237091,1.4489463554214375],[103.71735322208443,1.4480819919340944],[103.71709437628517,1.447658796954879],[103.71777304130593,1.4467981516061537],[103.71767308197248,1.4457191514659555],[103.71746596589611,1.445508787181135],[103.71778803850286,1.4452067468358312],[103.71726993949017,1.444925844461229],[103.71770078727764,1.44355572941691],[103.71800546433614,1.4437568678313368],[103.71837837546386,1.444602681333072],[103.71982674673822,1.4450783042698472],[103.72081162433761,1.4445940225327574],[103.72201874088415,1.4445322963465386],[103.72318602977727,1.4440788341119533],[103.7233228466565,1.4439837471109593],[103.72472979720887,1.4434342524359611],[103.72456330682525,1.4430023482318102],[103.72389260968865,1.4428859344139067],[103.72369421590648,1.443107302684457],[103.72338394427997,1.4431936632333646],[103.72307425358711,1.4427852653844975],[103.72272594502883,1.4424863295919286],[103.72277880117062,1.4422670515149134],[103.72222176522439,1.4418336448981535],[103.72184610625189,1.4416661304358127],[103.7222578397069,1.4409921378079242],[103.72199381668378,1.4403871428216837],[103.72179316762397,1.4402361587537558],[103.72112964277363,1.4402750497223304],[103.72026374547595,1.4399439550145299],[103.72029339607496,1.4390935315706215],[103.72077840441096,1.438713913582011],[103.72159636075186,1.438169671891714],[103.72166539985932,1.4383530256492685],[103.72210385494375,1.438239179874265],[103.72253965574872,1.4386054669312327],[103.72280025241534,1.4385195661572845],[103.72300850851505,1.4382110712656588],[103.72299977474601,1.4398635031164342],[103.72343989509787,1.439938930216358],[103.72324831166353,1.4405232563741366],[103.72417260604924,1.4411331576886393],[103.72420265202669,1.4406312381798523],[103.72469737565362,1.440025729137967],[103.72519470072903,1.4398910744207785],[103.72569495070933,1.4402155833776082],[103.72536598830999,1.4407121348762135],[103.72542326826701,1.4410205793521997],[103.72594641364978,1.4408121035377934],[103.72587409562955,1.44136643792036],[103.72647031328368,1.4413852316645013],[103.72677608002343,1.4409484662886012],[103.72744094530648,1.4410954735216366],[103.72771932048157,1.4413100564034496],[103.72786935608393,1.4423710059511063],[103.72838465369202,1.4433689040698234],[103.72856122837157,1.4439496574876731],[103.72851830918118,1.4448015104140015],[103.72880997065928,1.445310914980863],[103.72944527731933,1.4453539829088884],[103.72979041026242,1.4451467008614256],[103.7301099619966,1.4451356189717997],[103.73211227958595,1.4477903565682495],[103.7319022014616,1.448055388567014]]]},"properties":{"OBJECTID_1":166901,"L_CODE":"NRNP02","NAME":"SUNGEI BULOH WETLAND RESERVE","N_RESERVE":1,"INC_CRC":"11859C2A4E9E36FE","FMEL_UPD_D":"20260115000106","SHAPE_1.AREA":1314187.47412494,"SHAPE_1.LEN":6941.54983858167}},
{"type":"Feature","geometry":{"type":"Polygon","coordinates":[[[103.83814304669409,1.3866439221052624],[103.83808560044507,1.386522032925371],[103.83842422729484,1.386124527995027],[103.83855206808906,1.3862709533159496],[103.83814304669409,1.3866439221052624]]]},"properties":{"OBJECTID_1":166902,"L_CODE":"NS513","NAME":"LENTOR GROVE PG","N_RESERVE":0,"INC_CRC":"8F695720B116F61D","FMEL_UPD_D":"20260115000106","SHAPE_1.AREA":1347.44112605,"SHAPE_1.LEN":178.025667592115}},
{"type":"Feature","geometry":{"type":"Polygon","coordinates":[[[103.87222921159656,1.3991464119960564],[103.87263048960747,1.3983065397405974],[103.87284210181679,1.3984683295727656],[103.87243627408492,1.3992385686350794],[103.87222921159656,1.3991464119960564]]]},"properties":{"OBJECTID_1":166903,"L_CODE":"PKNE030","NAME":"JLN KAYU INTERIM PK","N_RESERVE":0,"INC_CRC":"544F4BE85E6F05DE","FMEL_UPD_D":"20260115000106","SHAPE_1.AREA":2877.098859135,"SHAPE_1.LEN":256.191770742345}},
{"type":"Feature","geometry":{"type":"MultiPolygon","coordinates":[[[[103.91357669230665,1.3158428693607644],[103.91453731155858,1.3160490954218063],[103.91433252986683,1.3165382272706403],[103.91340288364403,1.3163379680377145],[103.91357669230665,1.3158428693607644]]],[[[103.91439207819678,1.314856197321799],[103.91495357355747,1.3149649214209027],[103.9145739334222,1.3159555468330848],[103.91361812060062,1.3157510018406957],[103.91403545789834,1.314787143589676],[103.91439207819678,1.314856197321799]]]]},"properties":{"OBJECTID_1":166904,"L_CODE":"EK515","NAME":"TELOK KURAU PK","N_RESERVE":0,"INC_CRC":"7C511FA5F2B51326","FMEL_UPD_D":"20260115000106","SHAPE_1.AREA":18642.85988842,"SHAPE_1.LEN":786.917359738906}},
{"type":"Feature","geometry":{"type":"Polygon","coordinates":[[[103.92674533541852,1.3469642637142465],[103.92618829397509,1.3472889325562185],[103.92497974257054,1.348308590333247],[103.92463677511171,1.34804042793093],[103.92392432836321,1.3476497552853188],[103.92035705073256,1.3461292678220738],[103.91986546924856,1.3458839650888765],[103.91931462523503,1.3454884486791194],[103.91907663142453,1.345147681202008],[103.91885338066011,1.344557420097518],[103.91880172401757,1.3440858415880794],[103.91879395042058,1.3419342191655343],[103.9196058331174,1.3423313833026982],[103.92004911619206,1.341553554361719],[103.91963713224483,1.3412948243005305],[103.9196043193485,1.3406724705582072],[103.9185888591989,1.3406993315813756],[103.91825803728361,1.3395896077306253],[103.9196584882949,1.3391134852705862],[103.92010804693291,1.3388885541014506],[103.92431457177788,1.3383471843873462],[103.92435318442648,1.3381963251866003],[103.92560461498594,1.3384731589232506],[103.92743533057262,1.339218962549105],[103.9281687526927,1.3392274450668396],[103.92845135522651,1.339152343861253],[103.93161351574254,1.3380469969890738],[103.93237573175382,1.3379670285776821],[103.93336360430388,1.3381565156295756],[103.93397369637997,1.3383430172206723],[103.93476304496458,1.3388262200681715],[103.93536487043116,1.3394224686464824],[103.93392324503338,1.3408317877006004],[103.93293380280414,1.3418503140235714],[103.9321551773919,1.342587890116474],[103.93033150995366,1.344485905396627],[103.9296279988947,1.3451305001971097],[103.92738623659562,1.346590718805402],[103.92674533541852,1.3469642637142465]],[[103.91951015824522,1.3426170344192252],[103.91918611457633,1.343214509999047],[103.91925371757661,1.3438282086535696],[103.92031555437212,1.3453447883067464],[103.92045737856756,1.3454695672794321],[103.92333676441058,1.3462706918468526],[103.92406780199941,1.3464215214280184],[103.92503719706194,1.34668767522211],[103.92560969177771,1.3467875042304591],[103.92636397773516,1.3465027366031357],[103.92652227724344,1.3462686089582268],[103.92620403643099,1.3455943550520941],[103.92627606259481,1.345102885113868],[103.92671597844617,1.3450247493153482],[103.92719776455537,1.3452077195772139],[103.92765201461272,1.3452101799068055],[103.92825008611183,1.3447170886963502],[103.92846413898329,1.3446639761030794],[103.92915832494322,1.344801641696854],[103.92969327941405,1.3444237106408727],[103.92976079674972,1.3437481224272434],[103.93019438828509,1.3435366551049917],[103.93049604804544,1.3431929760004535],[103.93048949914981,1.3423231597532488],[103.93075942486048,1.3421745702156282],[103.93141931484415,1.3422208298844738],[103.93191038481085,1.3419606699557913],[103.93221013956506,1.3414023763251415],[103.9328106547972,1.3411694873716826],[103.9331232364402,1.3407065220400778],[103.93302985885468,1.340076744566499],[103.93353031085573,1.3396371049658602],[103.93363639178853,1.3393470623019619],[103.93353040256649,1.3390411567935991],[103.93319731557999,1.3385586565620113],[103.93254410176863,1.3381496669162005],[103.93182075718367,1.3382266304235482],[103.92991280124642,1.33881221865148],[103.92965183877806,1.3389565382229036],[103.92867321990717,1.339198168317552],[103.92764178640927,1.3395137408201427],[103.92743991643161,1.339515222741687],[103.92607192607052,1.338832200558395],[103.92552850063029,1.3387075004334528],[103.92377669291423,1.3391682298022907],[103.9222093468194,1.3397549579924513],[103.9210496791074,1.3403311971285143],[103.92071738499817,1.3406350661576456],[103.92035937189154,1.3411320267073257],[103.91999242562456,1.3418461704145312],[103.91951015824522,1.3426170344192252]]]},"properties":{"OBJECTID_1":166905,"L_CODE":"EK501","NAME":"BEDOK RESERVOIR PK","N_RESERVE":0,"INC_CRC":"DEF278B9FC41FE8D","FMEL_UPD_D":"20260115000106","SHAPE_1.AREA":391100.884838748,"SHAPE_1.LEN":9571.75505084874}},
{"type":"Feature","geometry":{"type":"Polygon","coordinates":[[[103.87280365302264,1.3393200192442967],[103.87268400495867,1.3379952613176411],[103.87277118684601,1.337892392086048],[103.87348677571092,1.3378020669695259],[103.8741645104434,1.33784407971486],[103.87437829179095,1.3390833871028478],[103.87452275088921,1.3392206897716643],[103.87390781167284,1.339349458958321],[103.87390304589631,1.3393604000368622],[103.87390299468045,1.33936052122253],[103.87389892438253,1.339371100543763],[103.87389644178225,1.3393782776200978],[103.87389641662382,1.3393783517783882],[103.87389249552633,1.3393913466541378],[103.87389125918563,1.3393959914897071],[103.87389121785453,1.339396151562874],[103.87388769576232,1.3394118929863115],[103.87388303379086,1.3394514879411608],[103.87388269728271,1.3394789525857946],[103.87383328530302,1.3394653879437246],[103.87383270010577,1.339451050162041],[103.87383022969111,1.3394342299317346],[103.87382298868843,1.3394089612095617],[103.87381919482142,1.3393997467049008],[103.87381287684696,1.3393871526328418],[103.87380949817059,1.3393813728968287],[103.8738055138589,1.3393751898244022],[103.87379878529836,1.339365962707369],[103.87379870442649,1.3393658668460982],[103.87379177999651,1.339357636341744],[103.87378164677902,1.3393473502706323],[103.87374605534964,1.339322347901948],[103.87371787366168,1.339311033867762],[103.87367815635479,1.3393046063046117],[103.87366023999549,1.3393050036172456],[103.87361632299948,1.3393092901263672],[103.87359415466857,1.3393102473103329],[103.87356591116404,1.3393101690973443],[103.87353180093675,1.3393081447889061],[103.87351305786375,1.3393061211308928],[103.87348700498367,1.339302224654805],[103.87347074730748,1.3392991446579938],[103.87344949900725,1.339294344642391],[103.87342629453534,1.3392889875703966],[103.87341173424073,1.3392861354450474],[103.87339664649694,1.3392835826728668],[103.87337975085573,1.3392812162293624],[103.87336623560667,1.3392796862671532],[103.87334008571267,1.33927763831169],[103.87326508211544,1.3392783648426645],[103.87326502730342,1.3392783684610203],[103.87323388869524,1.3392815577598323],[103.87319640990304,1.3392876944852639],[103.87316698759747,1.3392943112958187],[103.87314700643093,1.3392997423301194],[103.87313427930505,1.339303607791132],[103.87312935882068,1.3393051045944446],[103.87312725530394,1.339305703317978],[103.873116708062,1.3393083351903834],[103.87311652745232,1.3393083758897266],[103.8731057411845,1.339310438016482],[103.87310033546713,1.3393112438933377],[103.87310010004526,1.339311278263025],[103.87309709077763,1.3393116590495253],[103.87309081255694,1.339312302155031],[103.87308545805072,1.3393126929278052],[103.87307184399036,1.339313039521492],[103.87297554094634,1.3393134489591385],[103.87280365302264,1.3393200192442967]]]},"properties":{"OBJECTID_1":166906,"L_CODE":"PDBPS01595","NAME":"BIDADARI PARK SOUTH","N_RESERVE":0,"INC_CRC":"BECC1C9CFDA3C41D","FMEL_UPD_D":"20260508000155","SHAPE_1.AREA":28221.66824041,"SHAPE_1.LEN":736.779200511495}},
{"type":"Feature","geometry":{"type":"Polygon","coordinates":[[[103.83279617660521,1.3714057796808643],[103.83255925032616,1.3716445950894773],[103.83229549559228,1.3713488063744845],[103.83214196061239,1.370862588414276],[103.8323806237585,1.3707108750833],[103.83279617660521,1.3714057796808643]]]},"properties":{"OBJECTID_1":166907,"L_CODE":"NA514","NAME":"SHANGRI-LA PLAYGROUND","N_RESERVE":0,"INC_CRC":"6405471AE0A6639C","FMEL_UPD_D":"20260115000106","SHAPE_1.AREA":3979.889152985,"SHAPE_1.LEN":324.685719251882}},
{"type":"Feature","geometry":{"type":"Polygon","coordinates":[[[103.79188986456178,1.3287405065978217],[103.79210809963219,1.3288844344336324],[103.79252684532175,1.329423308743238],[103.79355615978233,1.3320854695501216],[103.79335163357375,1.3320559640455993],[103.79234449068956,1.329642574267933],[103.79180299507232,1.3289487033695961],[103.79188986456178,1.3287405065978217]]]},"properties":{"OBJECTID_1":166908,"L_CODE":"WB549","NAME":"MAPLE LANE PARK","N_RESERVE":0,"INC_CRC":"4341C094E7B7D786","FMEL_UPD_D":"20260115000106","SHAPE_1.AREA":10788.755678585,"SHAPE_1.LEN":1111.11358416045}},
{"type":"Feature","geometry":{"type":"Polygon","coordinates":[[[103.87423826736514,1.3973742839087462],[103.8742281760283,1.3972542967080064],[103.87547005915253,1.397154680653183],[103.87553262187154,1.3977564757723253],[103.8742847685822,1.3978743691673396],[103.87423826736514,1.3973742839087462]]]},"properties":{"OBJECTID_1":166909,"L_CODE":"NP551","NAME":"FERNVALE PARK","N_RESERVE":0,"INC_CRC":"0126FBAC5B5BBC22","FMEL_UPD_D":"20260115000106","SHAPE_1.AREA":9541.459431515,"SHAPE_1.LEN":413.94072294253}},
{"type":"Feature","geometry":{"type":"Polygon","coordinates":[[[103.82755935525755,1.3586738334131025],[103.82849932341526,1.3593265695142414],[103.8278644686508,1.3595429554122247],[103.82716522071856,1.360457039989558],[103.82707305184461,1.3612214184470643],[103.82547742991822,1.3613078338998403],[103.8250048205721,1.3612629758324706],[103.82421646323479,1.3608719439087127],[103.82364427482507,1.3608214681858743],[103.82242601305218,1.3610005017689109],[103.82150521686329,1.3608921265191014],[103.82086144804784,1.3609613613892821],[103.82049464353909,1.360707395860789],[103.81916266373779,1.3574467298584814],[103.81853716979948,1.3548703186380766],[103.81862027782357,1.3547600509040634],[103.81903663209376,1.354180843300435],[103.821835772897,1.3530509906350856],[103.82252408410204,1.3527810410464707],[103.82354651702718,1.3523226773583437],[103.82658001877998,1.3541139813291956],[103.82676522755082,1.3553584677372148],[103.82631425628419,1.3554856200973595],[103.82558769261222,1.3555344625890893],[103.82472482789571,1.3554354498442418],[103.823356665432,1.3550404543733767],[103.8229374234997,1.3551151983157181],[103.82311576541734,1.3561515653883178],[103.82366974517589,1.3570859650881215],[103.82416888076109,1.3581857265670592],[103.82445484351439,1.3585675430402104],[103.82531962879378,1.3589004263252857],[103.82623640290379,1.3588450531720404],[103.82693132764513,1.3586411046829452],[103.82730088925936,1.358921296712014],[103.82744378062446,1.3587347149415194],[103.82755935525755,1.3586738334131025]]]},"properties":{"OBJECTID_1":166912,"L_CODE":"NRNP09","NAME":"WINDSOR NATURE PARK","N_RESERVE":0,"INC_CRC":"996E1B619293225D","FMEL_UPD_D":"20260115000106","SHAPE_1.AREA":600053.596703471,"SHAPE_1.LEN":4280.75084716464}},
{"type":"Feature","geometry":{"type":"Polygon","coordinates":[[[103.843637900201,1.4224861841655032],[103.8437425879566,1.4229281734439285],[103.84403574655751,1.4234559136241909],[103.84469883760046,1.4242486034351987],[103.8442942233171,1.424752806339827],[103.8423002565904,1.426610604444273],[103.84175642071682,1.4268734146433142],[103.84094290658838,1.4269102829832445],[103.84085376678456,1.4267963659916647],[103.84051271101815,1.4254563901707658],[103.84136970594176,1.4252333612485883],[103.84172037672393,1.4239846595988048],[103.84187203062555,1.4236343808282597],[103.84092817560696,1.4229587981163103],[103.8412560945652,1.4221422730935172],[103.8421607074085,1.4224523038130692],[103.84362835667464,1.4223740521325676],[103.843637900201,1.4224861841655032]]]},"properties":{"OBJECTID_1":166913,"L_CODE":"NS501","NAME":"YISHUN PK","N_RESERVE":0,"INC_CRC":"A0AD82D639BAAC98","FMEL_UPD_D":"20260115000106","SHAPE_1.AREA":138629.68959894,"SHAPE_1.LEN":1739.02790372422}},
{"type":"Feature","geometry":{"type":"Polygon","coordinates":[[[103.94624247277432,1.324169584351077],[103.94622056656902,1.3243790177064654],[103.94635978165367,1.32443265812658],[103.94628593856386,1.3246291605714968],[103.94609565786733,1.3245558354116846],[103.94624247277432,1.324169584351077]]]},"properties":{"OBJECTID_1":166914,"L_CODE":"EC534","NAME":"JLN LIMAU KASTURI OS","N_RESERVE":0,"INC_CRC":"35DAAD4C8773BEF8","FMEL_UPD_D":"20260115000106","SHAPE_1.AREA":660.7069835,"SHAPE_1.LEN":136.72424221441}},
{"type":"Feature","geometry":{"type":"Polygon","coordinates":[[[103.8783334094254,1.3336870299917198],[103.87827011555586,1.3327714084433677],[103.87854930882544,1.331938754200771],[103.87870416655834,1.332018733314173],[103.8783334094254,1.3336870299917198]]]},"properties":{"OBJECTID_1":166915,"L_CODE":"NP545","NAME":"OASIS@MULBERRY PK","N_RESERVE":0,"INC_CRC":"CD95A3C9C6041EC3","FMEL_UPD_D":"20260115000106","SHAPE_1.AREA":3962.881986385,"SHAPE_1.LEN":479.582186137889}},
{"type":"Feature","geometry":{"type":"Polygon","coordinates":[[[103.87303574132666,1.3299326404508842],[103.87299672942905,1.3299193595869545],[103.8730560663504,1.329745150918649],[103.87310223400154,1.3297372188951284],[103.87303574132666,1.3299326404508842]]]},"properties":{"OBJECTID_1":166916,"L_CODE":"NP546","NAME":"SIANG KUANG AVE INTERIM PK","N_RESERVE":0,"INC_CRC":"7B8D43E5A9E07EEF","FMEL_UPD_D":"20260115000106","SHAPE_1.AREA":106.97397255,"SHAPE_1.LEN":57.2913961032471}},
{"type":"Feature","geometry":{"type":"Polygon","coordinates":[[[103.8606820429815,1.2893338435651824],[103.86029542656478,1.2894842580473735],[103.85988442408555,1.2886317611227573],[103.86071208495541,1.2886747367640938],[103.8606820429815,1.2893338435651824]]]},"properties":{"OBJECTID_1":166917,"L_CODE":"PKCR001","NAME":"YOUTH OLYMPIC PK","N_RESERVE":0,"INC_CRC":"A24B88557448F54F","FMEL_UPD_D":"20260115000106","SHAPE_1.AREA":6380.497541355,"SHAPE_1.LEN":719.943314484413}},
{"type":"Feature","geometry":{"type":"Polygon","coordinates":[[[103.83515586615096,1.386761515361296],[103.83527549933002,1.387093251412317],[103.83489426918304,1.3871853611854312],[103.83482909523121,1.386912116641796],[103.83515586615096,1.386761515361296]]]},"properties":{"OBJECTID_1":166918,"L_CODE":"NS510","NAME":"FLORISSA PK PG","N_RESERVE":0,"INC_CRC":"006278915AFB92DC","FMEL_UPD_D":"20260115000106","SHAPE_1.AREA":1777.139723895,"SHAPE_1.LEN":160.801532741092}},
{"type":"Feature","geometry":{"type":"Polygon","coordinates":[[[103.80559352700276,1.3352854080537027],[103.80555918432519,1.3355084592041138],[103.8053120968363,1.3356949001537997],[103.80526915023411,1.33530207088104],[103.80559352700276,1.3352854080537027]]]},"properties":{"OBJECTID_1":166919,"L_CODE":"WB506","NAME":"GREENWOOD CRESCENT PG","N_RESERVE":0,"INC_CRC":"C0AEAD0929EB3A43","FMEL_UPD_D":"20260115000106","SHAPE_1.AREA":2000.522788405,"SHAPE_1.LEN":202.187464514253}},
{"type":"Feature","geometry":{"type":"Polygon","coordinates":[[[103.81540916165758,1.4032639573943875],[103.81522209662718,1.4032424203249343],[103.81523368049876,1.402860535538668],[103.81546264879586,1.4029234439643425],[103.81540916165758,1.4032639573943875]]]},"properties":{"OBJECTID_1":166920,"L_CODE":"PKWMSIP01206","NAME":"MENG SUAN INTERIM PARK","N_RESERVE":0,"INC_CRC":"E3765334688056BE","FMEL_UPD_D":"20260115000106","SHAPE_1.AREA":1560.844421905,"SHAPE_1.LEN":171.619489506785}},
{"type":"Feature","geometry":{"type":"Polygon","coordinates":[[[103.79314169783147,1.4256920213936377],[103.79241165409674,1.4257061391354533],[103.79236867707387,1.425253801907916],[103.79204998942954,1.4247255881370724],[103.79258493118803,1.424432423829765],[103.79282853240292,1.424923149425597],[103.79346296485723,1.4245980933815958],[103.79401631216739,1.4246280654213728],[103.79399595070706,1.4250158372122805],[103.79333512740526,1.4249806903297757],[103.79317485865654,1.4250633563084163],[103.79314169783147,1.4256920213936377]]]},"properties":{"OBJECTID_1":166921,"L_CODE":"PKWWHG01205","NAME":"WOODLANDS HEALING GARDEN","N_RESERVE":0,"INC_CRC":"2A058E5E60044A6C","FMEL_UPD_D":"20260115000106","SHAPE_1.AREA":14744.01938445,"SHAPE_1.LEN":675.633377628266}},
{"type":"Feature","geometry":{"type":"Polygon","coordinates":[[[103.87793061201397,1.3858071476756606],[103.87767442208626,1.3852488090988355],[103.87789840738651,1.3851039628535895],[103.87813820655697,1.385430233804227],[103.87793061201397,1.3858071476756606]]]},"properties":{"OBJECTID_1":166910,"L_CODE":"NP520","NAME":"MUGLISTON PK PG","N_RESERVE":0,"INC_CRC":"C8610B3B19B3C9F6","FMEL_UPD_D":"20260115000106","SHAPE_1.AREA":2181.040050745,"SHAPE_1.LEN":194.013544435795}},
{"type":"Feature","geometry":{"type":"Polygon","coordinates":[[[103.78998485973754,1.2794128139171363],[103.79019253642733,1.2787428957269973],[103.79040881614675,1.2791759905856064],[103.78998485973754,1.2794128139171363]]]},"properties":{"OBJECTID_1":166911,"L_CODE":"WP504","NAME":"JAMBOL PLACE PARK","N_RESERVE":0,"INC_CRC":"A9B54822BFF1853B","FMEL_UPD_D":"20260115000106","SHAPE_1.AREA":1537.233445275,"SHAPE_1.LEN":188.186046526429}},
{"type":"Feature","geometry":{"type":"Polygon","coordinates":[[[103.8298755036307,1.2761964081881532],[103.83051360304829,1.2761927544329028],[103.83048785262162,1.276340775436588],[103.8298755036307,1.2761964081881532]]]},"properties":{"OBJECTID_1":166922,"L_CODE":"PKCSAP01237","NAME":"SILAT AVENUE PARK","N_RESERVE":0,"INC_CRC":"915158C50037B309","FMEL_UPD_D":"20260115000106","SHAPE_1.AREA":2092.8670947,"SHAPE_1.LEN":312.176303146713}},
{"type":"Feature","geometry":{"type":"MultiPolygon","coordinates":[[[[103.72405553383895,1.3448453469299053],[103.72346953713532,1.3448706968789534],[103.72224456299371,1.3447595129882814],[103.72204870856876,1.3444998795496415],[103.7219626114142,1.343783587734527],[103.72156191767225,1.3427796163267756],[103.72204509225162,1.3426844181527604],[103.72208169856363,1.3430834147376356],[103.72235618656305,1.3435447716890725],[103.7229179474137,1.3439706110967875],[103.72387162780004,1.3442931265621567],[103.72451874095854,1.3443043037475064],[103.72546308920623,1.34399407528976],[103.7258888845983,1.3437354364438179],[103.72650527319652,1.3430646316618535],[103.72730319767014,1.3429684903419936],[103.72796508102302,1.3434215706162635],[103.72795815521438,1.3441697696756856],[103.72699844257792,1.3442120438589351],[103.7265700421591,1.3442872137809028],[103.72492560585803,1.344713177167812],[103.72405553383895,1.3448453469299053]]],[[[103.72193391617328,1.3424288329030376],[103.72152619441167,1.3424667250640245],[103.72168130468766,1.3417093699783156],[103.72193094402076,1.3414693445564636],[103.7224854859738,1.3411420638185039],[103.7230948036967,1.3406180313435911],[103.72350971909759,1.3400737322015248],[103.72455023041081,1.3382529075745486],[103.7249030875629,1.338496963814779],[103.72517661677502,1.338530898621685],[103.72571082670619,1.3375072105760621],[103.72591358140481,1.3365807810812542],[103.72591014530603,1.3354226718339128],[103.72575063257626,1.3354261104365446],[103.7256661067703,1.3327280845526341],[103.72512970992899,1.3328279658728037],[103.72508456273776,1.3314733095765257],[103.72494836107612,1.3302095467667847],[103.72490624038431,1.328892893724554],[103.72505904487332,1.3278598837246882],[103.725424162562,1.326938258040124],[103.72807022806579,1.3280401067449048],[103.72857108118909,1.3278410778441694],[103.72922523539764,1.3277097812789398],[103.729688545352,1.327718602129528],[103.73132475631083,1.3280494161130905],[103.7315197913399,1.3272055656480113],[103.73173482622602,1.326691749754892],[103.7323736596776,1.3268490755774636],[103.73233386667442,1.3274170185497747],[103.73206395503918,1.3281817912085252],[103.7318078180529,1.3285064017932329],[103.73146543570117,1.328662797220655],[103.73112307782269,1.3286600156403496],[103.72941283524317,1.3283585087710328],[103.72860656629291,1.3284522931440848],[103.72800745687555,1.3288474018262253],[103.72764370760753,1.3295734205996967],[103.72770380569828,1.3303953146484135],[103.72790583197234,1.3309289825472523],[103.7278593524111,1.3310988886572535],[103.72822089478314,1.3319277077020484],[103.72848025649343,1.3320523771266126],[103.72844409284102,1.3324232630016004],[103.72873396656769,1.3330658072626493],[103.72885998689901,1.3336900619010974],[103.72877849543185,1.3347888839291937],[103.7285581419319,1.3355039353449478],[103.72844402083406,1.3360328932805985],[103.7281954164137,1.3364959471959974],[103.7273288140966,1.3372763433086583],[103.72717911786759,1.3378259724361425],[103.72722652844121,1.338599439968741],[103.72748474959474,1.3393735768540178],[103.72723382478176,1.3396430299217565],[103.7259743522212,1.3402670755646786],[103.72545454224661,1.3411209493111027],[103.72525337619719,1.3412948249453516],[103.7247387732252,1.3414278265644144],[103.72336357955153,1.341119052373863],[103.72259691313599,1.3414892727655665],[103.72193391617328,1.3424288329030376]]]]},"properties":{"OBJECTID_1":166923,"L_CODE":"PKWR018","NAME":"JLG: LAKESIDE GARDEN","N_RESERVE":0,"INC_CRC":"2F01055351F5222B","FMEL_UPD_D":"20260115000106","SHAPE_1.AREA":593549.506531151,"SHAPE_1.LEN":8854.19916450798}},
{"type":"Feature","geometry":{"type":"Polygon","coordinates":[[[103.94772261659654,1.3258886102844518],[103.94710759322615,1.3256294303309943],[103.94726950236299,1.325213967603726],[103.94769333779816,1.3253518451898652],[103.94787147563063,1.32554408725488],[103.94772261659654,1.3258886102844518]]]},"properties":{"OBJECTID_1":166621,"L_CODE":"EC522","NAME":"BEDOK TERRACE PG","N_RESERVE":0,"INC_CRC":"CF9B35A9C82A8673","FMEL_UPD_D":"20260115000106","SHAPE_1.AREA":3679.948464415,"SHAPE_1.LEN":256.993533230626}},
{"type":"Feature","geometry":{"type":"Polygon","coordinates":[[[103.8183719911414,1.302746012652427],[103.81802900929954,1.3029879697508842],[103.81763464171244,1.3025885989315993],[103.81858978632734,1.3019339450380039],[103.81921999040023,1.302080699936928],[103.81916507241802,1.3023606819126778],[103.8188292209499,1.3027099302846612],[103.8183719911414,1.302746012652427]]]},"properties":{"OBJECTID_1":166622,"L_CODE":"CT293","NAME":"CAMP ROAD INTERIM PARK","N_RESERVE":0,"INC_CRC":"45C292DC7A458BBF","FMEL_UPD_D":"20260115000106","SHAPE_1.AREA":11030.819869075,"SHAPE_1.LEN":450.843518138606}},
{"type":"Feature","geometry":{"type":"Polygon","coordinates":[[[103.9248623119277,1.3197755082591152],[103.92449575660564,1.3205768909693776],[103.92404994194086,1.3204204389289405],[103.92441790290314,1.3195745678694077],[103.9248623119277,1.3197755082591152]]]},"properties":{"OBJECTID_1":166623,"L_CODE":"EK523","NAME":"OPERA ESTATE FOOTBALL FIELD","N_RESERVE":0,"INC_CRC":"96CA56181B07EA8C","FMEL_UPD_D":"20260115000106","SHAPE_1.AREA":5457.923244365,"SHAPE_1.LEN":311.343806162499}},
{"type":"Feature","geometry":{"type":"Polygon","coordinates":[[[103.8690368151246,1.3815732316960752],[103.86882586557795,1.3816217901808694],[103.86840274225612,1.3813891217263699],[103.86898539526604,1.38134371392772],[103.8690368151246,1.3815732316960752]]]},"properties":{"OBJECTID_1":166624,"L_CODE":"NP532","NAME":"SELETAR TERRACE PG","N_RESERVE":0,"INC_CRC":"707F0C296FE1E428","FMEL_UPD_D":"20260115000106","SHAPE_1.AREA":1349.197829925,"SHAPE_1.LEN":170.57406219316}},
{"type":"Feature","geometry":{"type":"Polygon","coordinates":[[[103.76062913030147,1.3574195709858623],[103.76087566060728,1.3574194798560852],[103.76099016944544,1.357594070709597],[103.7607724239148,1.3577395219933637],[103.76062913030147,1.3574195709858623]]]},"properties":{"OBJECTID_1":166625,"L_CODE":"PKWR010","NAME":"JALAN REMAJA INTERIM PARK","N_RESERVE":0,"INC_CRC":"1F3724126716CB52","FMEL_UPD_D":"20260115000106","SHAPE_1.AREA":954.253931445,"SHAPE_1.LEN":129.571948174733}},
{"type":"Feature","geometry":{"type":"Polygon","coordinates":[[[103.96688977682945,1.3637107132287116],[103.96669161817542,1.3639107691298764],[103.96586413841895,1.3630808189029664],[103.9656559099891,1.363191173431076],[103.96514629456782,1.3626569569798659],[103.96679989223249,1.3635280281048738],[103.96688977682945,1.3637107132287116]]]},"properties":{"OBJECTID_1":166626,"L_CODE":"EC507","NAME":"LOYANG VIEW PG","N_RESERVE":0,"INC_CRC":"5C7E067DB3B08740","FMEL_UPD_D":"20260115000106","SHAPE_1.AREA":6630.061878735,"SHAPE_1.LEN":902.23861586629}},
{"type":"Feature","geometry":{"type":"Polygon","coordinates":[[[103.75336845512135,1.3687469465864357],[103.75316611537849,1.3682585392351572],[103.75273241313009,1.3681474696910805],[103.75273910471093,1.3679338728473922],[103.7536464331571,1.367975464264917],[103.75364728920552,1.3687466185982111],[103.75336845512135,1.3687469465864357]]]},"properties":{"OBJECTID_1":166627,"L_CODE":"PKWR017","NAME":"PAVILION PLAYGROUND II","N_RESERVE":0,"INC_CRC":"9056081A55D23213","FMEL_UPD_D":"20260115000106","SHAPE_1.AREA":5166.132391225,"SHAPE_1.LEN":358.511944819155}},
{"type":"Feature","geometry":{"type":"Polygon","coordinates":[[[103.88176972494563,1.3465802313152235],[103.88200913965089,1.3466806651970187],[103.88189895494132,1.3469779861611455],[103.88162290692746,1.346931995721302],[103.88176972494563,1.3465802313152235]]]},"properties":{"OBJECTID_1":166628,"L_CODE":"NP515","NAME":"JLN KELICHAP PG","N_RESERVE":0,"INC_CRC":"C9D039C825631707","FMEL_UPD_D":"20260115000106","SHAPE_1.AREA":1329.215993,"SHAPE_1.LEN":150.05708708408}},
{"type":"Feature","geometry":{"type":"Polygon","coordinates":[[[103.97949400323029,1.390370768190666],[103.97913968521036,1.3905618320151403],[103.97901926857665,1.3902627138934167],[103.978544143297,1.3896286658549484],[103.97856343103882,1.3893463547428064],[103.97906824495105,1.3896981986481476],[103.97949400323029,1.390370768190666]]]},"properties":{"OBJECTID_1":166629,"L_CODE":"EC532","NAME":"TURNHOUSE PK","N_RESERVE":0,"INC_CRC":"C5C6C65B5EFE2C94","FMEL_UPD_D":"20260115000106","SHAPE_1.AREA":5744.31055207,"SHAPE_1.LEN":387.268965357323}},
{"type":"Feature","geometry":{"type":"Polygon","coordinates":[[[103.82742713883144,1.4393626638870238],[103.82683630637987,1.4398516770663703],[103.82673162483825,1.4393555319640992],[103.82651428799693,1.4388832906615034],[103.82689893669148,1.4389290281734632],[103.82742713883144,1.4393626638870238]]]},"properties":{"OBJECTID_1":166630,"L_CODE":"PKNR002","NAME":"KEMUNING PK","N_RESERVE":0,"INC_CRC":"3A0A1BFC0882B060","FMEL_UPD_D":"20260115000106","SHAPE_1.AREA":5523.323976515,"SHAPE_1.LEN":395.63611927657}},
{"type":"Feature","geometry":{"type":"Polygon","coordinates":[[[103.82140816493526,1.3859896833942995],[103.81954834860946,1.3871483671730953],[103.8184820834497,1.3879359704903278],[103.81822259882776,1.3883308512883652],[103.81777881233126,1.3880330132545124],[103.81708495944216,1.3876915749325691],[103.8169395890688,1.387485688197672],[103.81678820084936,1.386906331587883],[103.81694618232879,1.3866436429520308],[103.81728045379408,1.3865011798719316],[103.81795849910252,1.3867656114274385],[103.81862440659691,1.3868830844464903],[103.81901254891628,1.3865332064470184],[103.81944197565335,1.385508997644771],[103.81949501193502,1.3851101932661334],[103.819395000269,1.3835972077324337],[103.81922229683532,1.383127407613026],[103.81781156835864,1.3805410908837454],[103.81808090891614,1.380245074347279],[103.81956934196377,1.3806181346130009],[103.82048011813993,1.3806065729251364],[103.82095392846394,1.3804047123253746],[103.82140085641923,1.3797708909821282],[103.82184488647434,1.3796495998558074],[103.82263918022443,1.3798179781077669],[103.82281794287323,1.3797448520207236],[103.82357089760939,1.3788633081564725],[103.82395120160936,1.378699338516492],[103.82420248755498,1.3787465563548718],[103.82479886845547,1.3794353956146312],[103.82556950219207,1.379820784032301],[103.82584733231496,1.3798207568930754],[103.82728948068078,1.3791682649562391],[103.82710989328625,1.379599761072595],[103.82561131771538,1.3824875850578209],[103.82530229010165,1.3831566028021731],[103.8246757945532,1.3838546575858057],[103.82372232136214,1.384526969968203],[103.82198294337168,1.3855179319134248],[103.8217228865428,1.3851250133616082],[103.82124383067605,1.3854405915341637],[103.82140816493526,1.3859896833942995]]]},"properties":{"OBJECTID_1":166675,"L_CODE":"NRNP08","NAME":"THOMSON NATURE PARK","N_RESERVE":0,"INC_CRC":"0D21FFE0909ED712","FMEL_UPD_D":"20260115000106","SHAPE_1.AREA":511732.90149576,"SHAPE_1.LEN":4263.88212015982}},
{"type":"Feature","geometry":{"type":"Polygon","coordinates":[[[103.72980083812273,1.336746548806848],[103.72956847611346,1.3366546610783758],[103.72945363597472,1.3362293876113989],[103.72920306149766,1.336066095998315],[103.72895225910287,1.3352358981110406],[103.72865206730407,1.335202117255462],[103.7287794335186,1.33478901871942],[103.72956485591035,1.3343602674426116],[103.73017212058316,1.3345983658198333],[103.73087102230338,1.3346536518033774],[103.73143835212177,1.334402881160316],[103.7322750540549,1.3338325602873213],[103.73313549819942,1.333083139986009],[103.7335663541,1.333052263639934],[103.73375600700243,1.3332488582171913],[103.73365249766219,1.3343265989784245],[103.73319581532834,1.3352883325524043],[103.73287330923584,1.3357055897538923],[103.73137549176826,1.3368249573679003],[103.73099616888749,1.3370162079503367],[103.73069619475285,1.3369926258389688],[103.72980083812273,1.336746548806848]]]},"properties":{"OBJECTID_1":166676,"L_CODE":"JLGJG01429","NAME":"JAPANESE GARDENS","N_RESERVE":0,"INC_CRC":"F8BCEFBCCF73DB36","FMEL_UPD_D":"20260115000106","SHAPE_1.AREA":128281.984194185,"SHAPE_1.LEN":1635.33484126916}},
{"type":"Feature","geometry":{"type":"Polygon","coordinates":[[[103.89206098314882,1.3111465293056388],[103.89185055538859,1.3109021840875918],[103.89259018264796,1.3107373009835832],[103.89266590806903,1.3109392084432416],[103.89206098314882,1.3111465293056388]]]},"properties":{"OBJECTID_1":166677,"L_CODE":"PKCR031","NAME":"GREEN LANE PARK","N_RESERVE":0,"INC_CRC":"8D344EA1D0C693A4","FMEL_UPD_D":"20260115000106","SHAPE_1.AREA":2508.0154973,"SHAPE_1.LEN":319.220194661209}},
{"type":"Feature","geometry":{"type":"Polygon","coordinates":[[[103.90722808095437,1.3256666462968687],[103.90718601774294,1.3259049031229777],[103.90688198440829,1.3258857758915317],[103.90700143182005,1.3256121018645017],[103.90722808095437,1.3256666462968687]]]},"properties":{"OBJECTID_1":166678,"L_CODE":"PKER008","NAME":"JLN DAUD PK","N_RESERVE":0,"INC_CRC":"0955BA8483773DA6","FMEL_UPD_D":"20260115000106","SHAPE_1.AREA":1429.18620972,"SHAPE_1.LEN":172.765626573041}},
{"type":"Feature","geometry":{"type":"Polygon","coordinates":[[[103.8835941893196,1.348687579558582],[103.88372876480183,1.3490184835800076],[103.8834080175909,1.3492382868932185],[103.8835941893196,1.348687579558582]]]},"properties":{"OBJECTID_1":166679,"L_CODE":"NP511","NAME":"PAYA LEBAR CRESCENT OS","N_RESERVE":0,"INC_CRC":"6862C36269812387","FMEL_UPD_D":"20260115000106","SHAPE_1.AREA":1452.01410066,"SHAPE_1.LEN":162.192827898472}},
{"type":"Feature","geometry":{"type":"Polygon","coordinates":[[[103.82750815565379,1.3234104919397243],[103.82710464279576,1.3232105078984482],[103.8269381236313,1.322925199423048],[103.82645189810343,1.3230810373225945],[103.82605934078934,1.322179555583135],[103.82593647394725,1.3217458861483005],[103.82649863584604,1.3216227485755434],[103.82645273711766,1.3218609951727758],[103.82677297143428,1.3225521928923796],[103.82729716732825,1.3230014554494662],[103.8281790622517,1.3225712783253767],[103.82750815565379,1.3234104919397243]]]},"properties":{"OBJECTID_1":166680,"L_CODE":"ST509","NAME":"MALCOLM PK","N_RESERVE":0,"INC_CRC":"645864820134897D","FMEL_UPD_D":"20260115000106","SHAPE_1.AREA":13525.806707625,"SHAPE_1.LEN":844.598657686901}},
{"type":"Feature","geometry":{"type":"Polygon","coordinates":[[[103.75870504474,1.3608438133180152],[103.75843335317731,1.3608784781436623],[103.75852789142688,1.360292028443856],[103.75877833902146,1.360316010922018],[103.75870504474,1.3608438133180152]]]},"properties":{"OBJECTID_1":166681,"L_CODE":"WB534","NAME":"JALAN DERMAWAN PLAYGROUND","N_RESERVE":0,"INC_CRC":"40686126117478EE","FMEL_UPD_D":"20260115000106","SHAPE_1.AREA":2176.336932155,"SHAPE_1.LEN":246.106746348625}},
{"type":"Feature","geometry":{"type":"Polygon","coordinates":[[[103.87106918323555,1.3995105785958621],[103.87079458909731,1.399267663655713],[103.87133620478187,1.3990088892576784],[103.87106918323555,1.3995105785958621]]]},"properties":{"OBJECTID_1":166682,"L_CODE":"NP537","NAME":"DEW GARDEN","N_RESERVE":0,"INC_CRC":"C2CBBC050854E887","FMEL_UPD_D":"20260115000106","SHAPE_1.AREA":1930.23921955,"SHAPE_1.LEN":197.184356571282}},
{"type":"Feature","geometry":{"type":"Polygon","coordinates":[[[103.85774347235086,1.3525458983361576],[103.85763053857278,1.3523177084584377],[103.8577368830728,1.3518151412696717],[103.85850591886091,1.3520886583627072],[103.85816529959554,1.3523715325865537],[103.85774347235086,1.3525458983361576]]]},"properties":{"OBJECTID_1":166683,"L_CODE":"NA551","NAME":"CHUAN LANE PARK","N_RESERVE":0,"INC_CRC":"FC5022935CF0ED98","FMEL_UPD_D":"20260701000127","SHAPE_1.AREA":4730.610603905,"SHAPE_1.LEN":365.928745268676}},
{"type":"Feature","geometry":{"type":"Polygon","coordinates":[[[103.84724916527918,1.3312751657025406],[103.84670808972149,1.3312618817917277],[103.84635147487049,1.3310200855705794],[103.84630319708276,1.3304721684211287],[103.84642592917697,1.330158262830535],[103.8469306291285,1.3300019406701906],[103.84823561038742,1.3299702613372275],[103.84953741010662,1.3298448095799664],[103.84963244862578,1.330953206275772],[103.84913590659413,1.3309597933014967],[103.84862818577673,1.3308455210185768],[103.84837799441593,1.3311223485545445],[103.84724916527918,1.3312751657025406]]]},"properties":{"OBJECTID_1":166672,"L_CODE":"ST500","NAME":"TOA PAYOH TOWN PK","N_RESERVE":0,"INC_CRC":"9B0940EA45632E86","FMEL_UPD_D":"20260115000106","SHAPE_1.AREA":45692.560453355,"SHAPE_1.LEN":985.39407879071}},
{"type":"Feature","geometry":{"type":"Polygon","coordinates":[[[103.86514844094343,1.3263492058482589],[103.8652351654,1.3264576325986173],[103.86511326427006,1.3266254263432862],[103.86498292629065,1.3264863213945366],[103.86514844094343,1.3263492058482589]]]},"properties":{"OBJECTID_1":166673,"L_CODE":"PKCR020","NAME":"ST MICHAEL'S FC","N_RESERVE":0,"INC_CRC":"2B599BEEA61CB79E","FMEL_UPD_D":"20260115000106","SHAPE_1.AREA":444.15924736,"SHAPE_1.LEN":84.7496766992845}},
{"type":"Feature","geometry":{"type":"Polygon","coordinates":[[[103.90644080905133,1.319993000921233],[103.90639579675224,1.3203840799585536],[103.9057206652163,1.3203102793182304],[103.90576180034576,1.3199804204127814],[103.90644080905133,1.319993000921233]]]},"properties":{"OBJECTID_1":166674,"L_CODE":"EK749","NAME":"LORONG SARINA INTERIM PK","N_RESERVE":0,"INC_CRC":"1670F7D762F919CF","FMEL_UPD_D":"20260115000106","SHAPE_1.AREA":3366.783576485,"SHAPE_1.LEN":244.586603805653}},
{"type":"Feature","geometry":{"type":"Polygon","coordinates":[[[103.83436810139804,1.3541338829724436],[103.83449315834304,1.3543915173426182],[103.83434969264368,1.3544640863202317],[103.83423472389482,1.3542070632893386],[103.83436810139804,1.3541338829724436]]]},"properties":{"OBJECTID_1":166684,"L_CODE":"NA536","NAME":"THOMSON PK","N_RESERVE":0,"INC_CRC":"D1151ECF3819C9EE","FMEL_UPD_D":"20260115000106","SHAPE_1.AREA":594.20195505,"SHAPE_1.LEN":104.626546773092}},
{"type":"Feature","geometry":{"type":"Polygon","coordinates":[[[103.85598490716283,1.3122905202184856],[103.8556469493631,1.3117917607462954],[103.85599205974202,1.3114056237649387],[103.85639796737942,1.3118757811258894],[103.85598490716283,1.3122905202184856]]]},"properties":{"OBJECTID_1":166685,"L_CODE":"PKCCG01234","NAME":"CITY GREEN","N_RESERVE":0,"INC_CRC":"978C3F84A1E2A7B3","FMEL_UPD_D":"20260115000106","SHAPE_1.AREA":4251.79462771,"SHAPE_1.LEN":259.74418141715}},
{"type":"Feature","geometry":{"type":"Polygon","coordinates":[[[103.88301331430617,1.2949544501310497],[103.88290821720224,1.2953740872762518],[103.88245826740389,1.2953805595873045],[103.87972473260425,1.2952513922078532],[103.87822860956001,1.2951297976647151],[103.87736674259709,1.29498689976479],[103.87682107143868,1.2947008089886383],[103.87682802099677,1.2945032368608242],[103.87632864488397,1.2939601844438586],[103.87596580431887,1.293148685261421],[103.87564012707703,1.2928973198896443],[103.8751341841007,1.2930142852762265],[103.87393771543609,1.2942411296865206],[103.87348736531844,1.2943815277522333],[103.87347927899498,1.2949884876723834],[103.87322949837491,1.2950436633088578],[103.87149982010804,1.2949863913773336],[103.87058712967993,1.2948141507067283],[103.87052360276289,1.2948807879457147],[103.86834880134703,1.2944718988712558],[103.8685752844238,1.2935567202649907],[103.87055058055617,1.293952033990414],[103.8707389084404,1.294049214228531],[103.87184636329648,1.294112738211128],[103.8725903969415,1.2938094932717104],[103.87342827021644,1.2938259576095845],[103.87347851019105,1.2942108634370573],[103.87398219608025,1.293964076869347],[103.87499355804171,1.2929227785647126],[103.87525592779032,1.2927520998162245],[103.87568960004756,1.2927426256850247],[103.8760942186967,1.2930470786294919],[103.87646368077435,1.2938661291242697],[103.87691515657455,1.2943621535765],[103.87831589242425,1.2944270288776543],[103.87882019662503,1.294414062089874],[103.87921778614363,1.2942931766116048],[103.88509974917078,1.294483331900358],[103.88504540194856,1.294672306303054],[103.88356314522366,1.2947689821054589],[103.88356660681171,1.294926300761333],[103.88301331430617,1.2949544501310497]]]},"properties":{"OBJECTID_1":166686,"L_CODE":"EE500","NAME":"EAST COAST PARK AREA A","N_RESERVE":0,"INC_CRC":"04D26037942119F2","FMEL_UPD_D":"20260526000156","SHAPE_1.AREA":143502.357043555,"SHAPE_1.LEN":4408.60076200893}},
{"type":"Feature","geometry":{"type":"Polygon","coordinates":[[[103.84808782670999,1.3050709149729243],[103.84753511661586,1.3053037387368858],[103.84731811878763,1.3050401574314479],[103.8468407117507,1.3051802588163874],[103.84641639618371,1.3046214450547873],[103.84817534929566,1.303475099562829],[103.84838677808168,1.3037715671507553],[103.84849787287254,1.3048760128746921],[103.84808782670999,1.3050709149729243]]]},"properties":{"OBJECTID_1":166687,"L_CODE":"ST522","NAME":"MOUNT EMILY PK","N_RESERVE":0,"INC_CRC":"E879AA69EE7BC8AC","FMEL_UPD_D":"20260504001824","SHAPE_1.AREA":25564.348870045,"SHAPE_1.LEN":842.453486160243}},
{"type":"Feature","geometry":{"type":"MultiPolygon","coordinates":[[[[103.86534235785949,1.32298152183096],[103.86564889528076,1.3233700689919203],[103.86545591499362,1.3235243560963255],[103.86514934163924,1.323135736562885],[103.86534235785949,1.32298152183096]]],[[[103.86574257369654,1.3234893615771564],[103.86611821293067,1.3239643270261952],[103.86592445627888,1.3241186666304423],[103.86555238344586,1.323646092245202],[103.86574257369654,1.3234893615771564]]]]},"properties":{"OBJECTID_1":166688,"L_CODE":"ST516","NAME":"BENG WAN RD PG","N_RESERVE":0,"INC_CRC":"AD68F27801614399","FMEL_UPD_D":"20260115000106","SHAPE_1.AREA":3701.20168189,"SHAPE_1.LEN":366.125435141559}},
{"type":"Feature","geometry":{"type":"Polygon","coordinates":[[[103.87347348439633,1.3854539399337331],[103.87388234542355,1.3859803089147276],[103.87361105038124,1.3861626514303322],[103.87288167840754,1.3852225322566418],[103.87308446540688,1.3850057347157883],[103.87347348439633,1.3854539399337331]]]},"properties":{"OBJECTID_1":166689,"L_CODE":"NP516","NAME":"JLN SELASEH PG","N_RESERVE":0,"INC_CRC":"9B01D4C3703341B4","FMEL_UPD_D":"20260115000106","SHAPE_1.AREA":4924.65672488,"SHAPE_1.LEN":349.597066332032}},
{"type":"Feature","geometry":{"type":"Polygon","coordinates":[[[103.90432403932121,1.2976228737903788],[103.90427349576441,1.2976054282245881],[103.90381412373908,1.2991066729349097],[103.90125260185236,1.298157978692364],[103.89860780155162,1.2971545644311777],[103.89849849389475,1.2969496835485212],[103.89846634244309,1.2963960588207948],[103.89762013974605,1.296052782102283],[103.89593269143454,1.2959182742240776],[103.89397311533324,1.2953064121101632],[103.89358125330752,1.295369862673619],[103.89207803770847,1.2952500165549274],[103.88952350028566,1.29534182985031],[103.8888267675831,1.295309223067465],[103.8863194439307,1.2950187192437586],[103.8854939066328,1.294748485242018],[103.88549364156052,1.2943966169302568],[103.89016791767094,1.2943496516836999],[103.89062210242507,1.2943602215589347],[103.89531458121176,1.2947813010126696],[103.89574413226593,1.2946730922630396],[103.896015959435,1.2944561203807137],[103.89646518912616,1.2938289225812498],[103.89667053683233,1.2941285477900062],[103.89732874760804,1.2945118984160962],[103.89938616006582,1.2956201798677291],[103.90023642539887,1.295973442774851],[103.90321428535144,1.296944417441738],[103.90343297474845,1.2969168915551523],[103.90443087764939,1.2972584762400607],[103.90438188487775,1.297430452410771],[103.90432403932121,1.2976228737903788]]]},"properties":{"OBJECTID_1":166631,"L_CODE":"EE501","NAME":"EAST COAST PARK AREA B","N_RESERVE":0,"INC_CRC":"5A3B02EF531EC3EB","FMEL_UPD_D":"20260115000106","SHAPE_1.AREA":284421.064504235,"SHAPE_1.LEN":4716.04097355202}},
{"type":"Feature","geometry":{"type":"Polygon","coordinates":[[[103.83697746810691,1.3850407334292605],[103.83729731204788,1.3852128225615687],[103.83705134525555,1.3855013693938798],[103.83681563031513,1.3852114676812102],[103.83697746810691,1.3850407334292605]]]},"properties":{"OBJECTID_1":166632,"L_CODE":"NS512","NAME":"LENTOR GREEN PG","N_RESERVE":0,"INC_CRC":"3880A234A5882914","FMEL_UPD_D":"20260115000106","SHAPE_1.AREA":1545.3974579,"SHAPE_1.LEN":154.734849389133}},
{"type":"Feature","geometry":{"type":"Polygon","coordinates":[[[103.74548016074391,1.4046424089448797],[103.74600317845137,1.4045322727401224],[103.74609711656849,1.4049841945833201],[103.74582438384866,1.40501715920231],[103.74548016074391,1.4046424089448797]]]},"properties":{"OBJECTID_1":166633,"L_CODE":"PDCCKWP(W01534","NAME":"CHOA CHU KANG WAY PARK (PD WORKSITE)","N_RESERVE":0,"INC_CRC":"203C66412CCEAB3C","FMEL_UPD_D":"20260422000213","SHAPE_1.AREA":2223.3355414,"SHAPE_1.LEN":197.591162227488}},
{"type":"Feature","geometry":{"type":"Polygon","coordinates":[[[103.94909534032668,1.3245872856272514],[103.94912702128617,1.3249317016535247],[103.94883415742746,1.324763965159073],[103.94909534032668,1.3245872856272514]]]},"properties":{"OBJECTID_1":166634,"L_CODE":"EC508","NAME":"JLN LIMAU MANIS PG","N_RESERVE":0,"INC_CRC":"B3B7B65F38D80159","FMEL_UPD_D":"20260115000106","SHAPE_1.AREA":1183.794193155,"SHAPE_1.LEN":135.941661507346}},
{"type":"Feature","geometry":{"type":"MultiPolygon","coordinates":[[[[103.85128181709982,1.286925514608673],[103.85098660964084,1.2873019920129647],[103.85082101260231,1.287753686324677],[103.85051684000405,1.2878266480405796],[103.85128181709982,1.286925514608673]]],[[[103.85047772142909,1.2880048886692992],[103.84982970480647,1.2888720504424913],[103.84993269455616,1.288991063278184],[103.84956498355639,1.2892548996368873],[103.84952073691875,1.2891484715524473],[103.84971145709737,1.2889181195556925],[103.8504160820126,1.287941900978495],[103.85047772142909,1.2880048886692992]]]]},"properties":{"OBJECTID_1":166635,"L_CODE":"CO039","NAME":"PARLIAMENT PROMENADE","N_RESERVE":0,"INC_CRC":"9F1CA31E4EE90629","FMEL_UPD_D":"20260115000106","SHAPE_1.AREA":3410.03554965,"SHAPE_1.LEN":696.126875663753}},
{"type":"Feature","geometry":{"type":"MultiPolygon","coordinates":[[[[103.77572587599657,1.347632927323972],[103.77622500248123,1.3475293352111264],[103.77576070262938,1.3477784005272422],[103.77572587599657,1.347632927323972]]],[[[103.77572587599657,1.347632927323972],[103.77576567836189,1.3477998015151462],[103.77592178655888,1.3485217137810832],[103.77640420534814,1.3493464961027861],[103.77772040531593,1.3503656192709523],[103.77780359000542,1.3509486818410918],[103.77754721851326,1.3518457860229378],[103.77742492327621,1.3514867696797672],[103.77706452527116,1.3515867025690267],[103.77663883353485,1.3518634632543598],[103.77660095480724,1.352048097313416],[103.77451303514434,1.3509631551415757],[103.7749584594275,1.3502702603724057],[103.77426983593813,1.3495674985809267],[103.77458170338379,1.3493885144660949],[103.7747612550758,1.3490099339792112],[103.77475350184949,1.3485770509334918],[103.77490706833797,1.3484832540162166],[103.77507907563651,1.3479889906926346],[103.77572587599657,1.347632927323972]]]]},"properties":{"OBJECTID_1":166636,"L_CODE":"NRNP11","NAME":"HINDHEDE NATURE PARK","N_RESERVE":0,"INC_CRC":"F7219A9C0F4EF267","FMEL_UPD_D":"20260115000106","SHAPE_1.AREA":99076.520337215,"SHAPE_1.LEN":1664.26810726065}},
{"type":"Feature","geometry":{"type":"MultiPolygon","coordinates":[[[[103.82434729496417,1.4014427402581917],[103.82431065710232,1.4019037224988202],[103.8239670520914,1.4018197952548181],[103.82401808260134,1.4013611517627331],[103.82434729496417,1.4014427402581917]]],[[[103.81786150661748,1.4008277567417724],[103.81868776005945,1.40110172559883],[103.81816420881425,1.4014531671462933],[103.81775604417118,1.4018357484100101],[103.81747611473625,1.401754635015863],[103.81732860739422,1.4011745188599292],[103.81739157262847,1.4006742820944256],[103.81786150661748,1.4008277567417724]]],[[[103.82169842232804,1.4006130685819513],[103.82222517818624,1.4010083116975893],[103.8228347504532,1.4013594474266453],[103.82304210653633,1.401119915782009],[103.82315740019689,1.4008697330223747],[103.82400733043472,1.4010660803442547],[103.82395309172871,1.4018163857461945],[103.82193921189373,1.401324487737099],[103.82153083719888,1.400712212263187],[103.82169842232804,1.4006130685819513]]],[[[103.82722683039319,1.4025600841244008],[103.82665192461805,1.4024738794689169],[103.82433696038295,1.4019101472027329],[103.82437593275395,1.4014498378175086],[103.82729264183136,1.4021549228789967],[103.82722683039319,1.4025600841244008]]],[[[103.8270900962087,1.403068896146991],[103.82695504254652,1.4034922792249491],[103.8236415855623,1.4026892476876478],[103.82375748652943,1.4022548206301324],[103.8270900962087,1.403068896146991]]],[[[103.82059739697222,1.4006308055394263],[103.8209447358608,1.4007780026066738],[103.81927505004425,1.4016916947035827],[103.81787160638734,1.4023793605764256],[103.81766975225699,1.4021285221125206],[103.81835756309238,1.4015874049575439],[103.81897378085407,1.4011983858067436],[103.81926933950892,1.4010965734052374],[103.82012949571958,1.4005863082236625],[103.82059739697222,1.4006308055394263]]],[[[103.8212613806891,1.4029210648393362],[103.8209727438744,1.4026418608297715],[103.82056991747432,1.4027815648066295],[103.82019122988117,1.4025589969054006],[103.82059370656513,1.4021148433676007],[103.8212944547457,1.4018817780212003],[103.82155001378857,1.401621049372668],[103.82178773569065,1.4017736574714006],[103.82366289732987,1.4022317146423615],[103.82354596029172,1.402663468390726],[103.82140895973261,1.4021527812376364],[103.8212613806891,1.4029210648393362]]],[[[103.81692161345016,1.4013087534894826],[103.81707304993931,1.4019267507919995],[103.81678216358479,1.4019194288188734],[103.81635721612463,1.4012604365081582],[103.81445472910586,1.4006843727384537],[103.81444780082418,1.4005989763026852],[103.8135496177345,1.40008198916638],[103.81342966570675,1.3998045708697935],[103.81647211694052,1.400630147177346],[103.81657431929547,1.400961380277704],[103.8169182246723,1.4009537128163283],[103.81692161345016,1.4013087534894826]]],[[[103.81904431860065,1.4007623190930778],[103.81857420091674,1.4008032395373935],[103.81807774344198,1.400510733361619],[103.81913278184665,1.3999251914564559],[103.82045892533282,1.399177826390249],[103.82127581526396,1.4003364947284709],[103.82121727906916,1.400487811710334],[103.82062856205073,1.4002116962869624],[103.81996700810434,1.4002234574570596],[103.81904431860065,1.4007623190930778]]],[[[103.81934021314169,1.4024983706128054],[103.81858296639298,1.402844104293119],[103.8183442561886,1.4024034640664795],[103.81871401341735,1.4023440189560339],[103.81938224610025,1.4018983579003286],[103.82115938475648,1.4009288019186725],[103.82135049876445,1.4011093275355198],[103.82153002222034,1.4016028118664523],[103.82127982594513,1.4018580673295538],[103.82057854490984,1.4020913117328002],[103.82016267122039,1.4025422117477866],[103.81976106094048,1.4023061722405645],[103.81934021314169,1.4024983706128054]]]]},"properties":{"OBJECTID_1":166637,"L_CODE":"NRNP14","NAME":"SPRINGLEAF NATURE PARK","N_RESERVE":0,"INC_CRC":"880BF225CCBD2A26","FMEL_UPD_D":"20260422000213","SHAPE_1.AREA":183506.229411739,"SHAPE_1.LEN":7829.76630683059}},
{"type":"Feature","geometry":{"type":"MultiPolygon","coordinates":[[[[103.80617090438597,1.4128282222683037],[103.80584713307735,1.4135755358858066],[103.80545282675614,1.414264931328591],[103.80508995369283,1.4142847017335423],[103.80536843795029,1.4134970856149902],[103.80557369239546,1.412727454562799],[103.80617090438597,1.4128282222683037]]],[[[103.80609894680867,1.412568068496789],[103.80562263355912,1.4125293922322275],[103.80609441075545,1.410868416044143],[103.80675390847283,1.4094025059412323],[103.80717008701367,1.4080604183864536],[103.8073665588875,1.4076614233827014],[103.80742585229201,1.4072268690505012],[103.80777977163868,1.4061344818593025],[103.80826360143709,1.4056444132323707],[103.8096162879325,1.4052205394124893],[103.80889523501799,1.4062337713319508],[103.80817203838258,1.4075797275107245],[103.80779681175366,1.4085058652971416],[103.80635557836152,1.4122770833937714],[103.80609894680867,1.412568068496789]]],[[[103.79804909589981,1.415745931819452],[103.7981553371945,1.4160779778335857],[103.7979840193117,1.4163375674013456],[103.79757155540604,1.4158959602132275],[103.79610237018036,1.4156046052046058],[103.79517213685632,1.4160054492117475],[103.7948771491291,1.415967397724528],[103.79381994985597,1.4155512730450868],[103.7897967346573,1.4158028578300204],[103.78781519227162,1.41601728033124],[103.78694716241118,1.413964600824744],[103.78604506096248,1.4144682687422587],[103.78543162613619,1.4141209361361273],[103.78524229952819,1.4130172703360657],[103.785064507332,1.4130458472295337],[103.78515516315967,1.4118608795358305],[103.78764759509924,1.412468924815742],[103.78885849812859,1.412721102229556],[103.7892892623377,1.412726483310734],[103.79002454325833,1.4128679586921729],[103.7948949551342,1.4145730861932313],[103.79794406368038,1.4154437433884157],[103.79804909589981,1.415745931819452]]],[[[103.80761473829173,1.4060809416917384],[103.80657893990606,1.4093715963852587],[103.8060296447705,1.4105956862681233],[103.8057471733963,1.4113644464633293],[103.80516082246798,1.4135469623732235],[103.80457901277218,1.414780603326029],[103.8041183420263,1.4152194798714302],[103.80342648387914,1.4156902213025713],[103.80275273353273,1.4159753800715793],[103.80249973570865,1.4160097153929319],[103.80160226883328,1.4159211026857463],[103.79894320351846,1.4153535283316008],[103.79569725057152,1.4144597102997523],[103.79500942260951,1.4142408329993064],[103.79178780190865,1.4131039567694066],[103.78997769178713,1.412484208260879],[103.78925481724309,1.4123229555751498],[103.78837222811802,1.412254930414965],[103.78750363139515,1.4120718601898674],[103.78606376876363,1.4117064022422863],[103.78522844314222,1.4114090872120684],[103.78453114199888,1.4107809712455093],[103.78477553227322,1.4098187425110622],[103.78461499620094,1.4096141630348755],[103.78379701123255,1.4092875428799683],[103.78332922769395,1.4092028943335082],[103.78322669053723,1.4083445244107935],[103.78373774227484,1.4075066153532696],[103.78424973660756,1.407554657006967],[103.78462588161791,1.407149089489173],[103.78481318168977,1.407318449080228],[103.7851690668869,1.407273314284923],[103.78548867173458,1.4066107361364915],[103.7862296072368,1.4063852020930163],[103.7866358595507,1.4059403004427926],[103.78668888470135,1.405546519845192],[103.78660067013226,1.4049448837800167],[103.78707260973047,1.4047140263553222],[103.78700497056467,1.4051301941995764],[103.78706636872282,1.4060102543655693],[103.78728625474415,1.4064744984784052],[103.7879435385902,1.4068790975357635],[103.78855841113314,1.4066791130700902],[103.78882792674294,1.4063620573775668],[103.78906732966432,1.4063881772702052],[103.78896312896849,1.40714975082949],[103.78904605965968,1.4074643045895892],[103.78940801172463,1.40782126565025],[103.78989494704817,1.4079400033180756],[103.79117603449873,1.4078519645616088],[103.79159181444642,1.4078791247062952],[103.792660567744,1.407760589762677],[103.79298706762567,1.4074401522551923],[103.79245940118554,1.4068060121784185],[103.79223822519148,1.4067206091984417],[103.79166617633868,1.406740871208603],[103.79138869087296,1.4065906378199804],[103.79115900352404,1.4058059452537455],[103.79140774918669,1.4058214351821066],[103.79193755106779,1.4056387406024602],[103.79246223346456,1.4052076170776726],[103.792650352236,1.4052410954075631],[103.79264735700325,1.4056711646484548],[103.79284557250804,1.406057752884175],[103.79359322938308,1.4065833377311183],[103.79498494272156,1.4062606687819181],[103.79572818172505,1.4059500301711403],[103.79615474909349,1.4055679840278792],[103.79623091331194,1.4051524300696283],[103.79613975571908,1.4049182761554733],[103.79573774412451,1.4045093905178434],[103.79487595719358,1.4041105076509786],[103.79512406297945,1.4036242850564928],[103.7954618313975,1.4033394494398908],[103.79670063475388,1.403915252428384],[103.79709599619642,1.4042535006529366],[103.79746755328735,1.4043032943619072],[103.79800393738392,1.403823066384626],[103.7979214415126,1.4034421136120316],[103.79739885194537,1.4030190242855796],[103.79691884120584,1.4028733644976144],[103.7965918558019,1.4025961166684566],[103.79655187195068,1.4023418270092276],[103.79672039667345,1.401816086784682],[103.79663442041378,1.401464083503823],[103.79618808236638,1.401219452331753],[103.7960022712561,1.401252768837113],[103.79566530356067,1.4016115697661748],[103.79516796624344,1.4018864837497198],[103.79491581530444,1.401376481700662],[103.79454534194286,1.400973772287642],[103.79419740168716,1.4009415078075858],[103.79377692992652,1.4013250414032974],[103.79353755985876,1.4020938976023292],[103.79305384262055,1.4025436999431162],[103.79276258493614,1.4033869508237715],[103.79200945537262,1.4035106282972054],[103.79117095085886,1.403763673215756],[103.79064083007196,1.4036646203296286],[103.7915266275785,1.4031773037275241],[103.79188912589754,1.4027588773684452],[103.79214866232833,1.4022086552854252],[103.79240207119543,1.4005716644886173],[103.79226882715929,1.400034871571551],[103.7920373299527,1.3998378020818643],[103.7915412612503,1.3997665809183892],[103.79093290812968,1.3999188421857778],[103.7903591092235,1.4003542303906895],[103.78941851575857,1.4001868413385563],[103.78944316095478,1.3997626689591218],[103.79025077317488,1.3991920223298844],[103.79020041633815,1.3987190400323322],[103.78984512779446,1.3985947277251636],[103.78941453527159,1.3986285989337113],[103.78891479709482,1.399084041545442],[103.78861321078223,1.3996075285658076],[103.78825155894882,1.4000685092767897],[103.78686773347991,1.4008508743050039],[103.78678433455184,1.4014304531384443],[103.78713319819218,1.4022112579034112],[103.78687428787114,1.402166378218559],[103.78653005765648,1.401554349489616],[103.78616149594701,1.4012054973029557],[103.78572929582943,1.4011267365117201],[103.78546626633083,1.401314475220326],[103.78530003500676,1.4016654056180016],[103.78502552269785,1.4016648473699844],[103.78492603274799,1.4013947254251387],[103.78413080108575,1.401315032500492],[103.78388161591809,1.401416076299196],[103.78350938939249,1.4019992599541469],[103.78353181517573,1.402260599837704],[103.78300812341921,1.4022523281098471],[103.78442588927909,1.4065382907158483],[103.78424624835262,1.4067785682087854],[103.78392273763276,1.4060436663775355],[103.78371156504306,1.4058748623918236],[103.78290387467368,1.4058040513913752],[103.78275195706543,1.4055289768347197],[103.7823991087468,1.4052269207009342],[103.78217404841695,1.4048250156395223],[103.78218779883227,1.403529805298115],[103.78129567903397,1.402987673745747],[103.7812806060296,1.401938421644303],[103.78121649687417,1.4013204142535758],[103.7810041339633,1.4009633034079387],[103.77992378512356,1.400655868489075],[103.78009124625471,1.399435694920955],[103.7800722148961,1.3989712956026703],[103.77977602225658,1.399076681551456],[103.77902794832768,1.3990322554710373],[103.77864880962916,1.3989347887657368],[103.77814442605163,1.3982138181848793],[103.7774191245316,1.397626769433262],[103.77684624082467,1.3976673443832344],[103.77597179827895,1.3976229088545054],[103.7741613653258,1.3980263364305858],[103.7741656086825,1.3964716269989526],[103.77434272956388,1.3945961712704205],[103.77447753731892,1.394117431696761],[103.77473729864329,1.393749769183337],[103.77551194376642,1.3931218345088756],[103.77596141373344,1.392674963308038],[103.77623150515008,1.3921028513672271],[103.77627479371945,1.3915603156134426],[103.77598612491632,1.390803528007829],[103.77542374918777,1.3903212233786266],[103.77590911679472,1.3900972271386556],[103.77737287964149,1.389417425175645],[103.77719880647662,1.3879266850683547],[103.77737450955311,1.3873583066096107],[103.77748592169704,1.386653891309965],[103.77661416736262,1.3862261335471129],[103.77661953354183,1.3858533368645272],[103.776709148109,1.3853407845514254],[103.77664675344785,1.384254761588705],[103.77617505642955,1.3829319102363498],[103.7760474012121,1.3817356202137752],[103.77601119329314,1.3811675604322255],[103.7767375070071,1.380719405113244],[103.77699843571513,1.3809148226540127],[103.77750170435021,1.3811561649786563],[103.77800565406474,1.381015231742909],[103.77822259611163,1.380655651826323],[103.77836884120605,1.380169524426577],[103.77846713581002,1.378617086771812],[103.77934533022417,1.378580832939155],[103.77971000116175,1.378850061297247],[103.78098885617706,1.3786015617111287],[103.78171088516162,1.3782583181336552],[103.78219313205827,1.3782274084023152],[103.78247139476207,1.3784080538452714],[103.78298731205724,1.3789363020041707],[103.78382386890266,1.3787930232032022],[103.78399848284994,1.3786390851263046],[103.78414320134999,1.3776038718390677],[103.78370105070707,1.3766358676788535],[103.78337329798389,1.376471729597559],[103.78301742813092,1.3760906122741177],[103.78284856804794,1.3757233645963132],[103.7829931084351,1.3754825527476737],[103.78228891900653,1.3736217465899836],[103.78198009270439,1.372647975149615],[103.7818245062449,1.3712932527422905],[103.78181167522902,1.3711824705986793],[103.7817671601886,1.370797840950148],[103.78261656765997,1.3697444859456545],[103.78141268236399,1.3675356840634734],[103.78163077951484,1.3664413813041885],[103.78093125368513,1.365485421718473],[103.78062056941602,1.365350810259521],[103.78024371796168,1.3652275371114795],[103.78025135613197,1.364556330125876],[103.7803826929869,1.3628952895894686],[103.78062309904804,1.3617906794341827],[103.78087783157332,1.3611040358297577],[103.78155988562614,1.3596024248000738],[103.78221491633036,1.3585242850164596],[103.78270882396781,1.3578690548082473],[103.7843862652413,1.3560840657529014],[103.78554960864875,1.3551608953007725],[103.78790316682601,1.353618726027369],[103.7880153145523,1.3536810722885884],[103.78913161544152,1.35341512043418],[103.7895144012992,1.353499548912278],[103.79072114721009,1.3544521924813822],[103.79127488868932,1.3533944488476262],[103.79163156063476,1.350947100877639],[103.79157018048801,1.3501163969936882],[103.79226092514158,1.3498705031642255],[103.79366491237069,1.3498127460225244],[103.79509537665479,1.3495849415031334],[103.79612342093704,1.3492560027603675],[103.79719183160358,1.3487198602755845],[103.79824716488002,1.3479406305315562],[103.79871898530828,1.3474832426699175],[103.80166570137555,1.3443602335373188],[103.80249845493354,1.344811413547091],[103.80249478108013,1.3449972983560978],[103.80339111830328,1.3479355160700692],[103.80478394456462,1.3499305922701403],[103.80544533117279,1.3499841284138925],[103.80555737265851,1.3496959485842348],[103.80748711490978,1.3495707073901255],[103.81108520541223,1.347616142264565],[103.81209835447997,1.3469307001286475],[103.81244545706022,1.3466349995019107],[103.81278171823078,1.3459315271510421],[103.81290060020096,1.3454407965134814],[103.81298896136906,1.3443261536425328],[103.81388965949681,1.344268770964828],[103.81464595471344,1.3441654442269926],[103.81489965708082,1.344045222672675],[103.81507875201638,1.3435494134589638],[103.8148005900201,1.3429499416264594],[103.8148851571506,1.341148818174005],[103.81509418922111,1.3407687831962942],[103.8162022396459,1.340161099929854],[103.81675003992088,1.339384251927101],[103.81655084557174,1.3389833322241487],[103.81879504804434,1.3368065575844326],[103.8195825276937,1.338683913425645],[103.82012812808165,1.3395352951253654],[103.82062590987823,1.3399268695108355],[103.82106114407696,1.3401239327660583],[103.8236129502791,1.3410500587533634],[103.82480698137277,1.3413825980554017],[103.82558745789353,1.3413824206980736],[103.8277009131489,1.341290408328293],[103.82985932257829,1.3410029167032593],[103.82949828852308,1.341542908585929],[103.82931621419722,1.3426599105819346],[103.82943487130488,1.3429634335846288],[103.82987942956329,1.3429860822573016],[103.83051703284264,1.3429399460215692],[103.83110740508431,1.3428743530779712],[103.83121806464527,1.3428183160400189],[103.83130888940558,1.342730433593763],[103.8313913791735,1.3425668024719954],[103.83143113613164,1.3423632101602814],[103.83146659000903,1.3419875624991098],[103.83135674062257,1.3413847266035503],[103.8313562266662,1.3413599406852794],[103.83136285001596,1.3412787070537666],[103.8313816703641,1.3412631375296962],[103.83141942336593,1.3412496037449424],[103.83163645162301,1.3412485656956006],[103.83192577792212,1.3413900446627474],[103.83205085915499,1.3415807209430086],[103.8320541621955,1.341707516464876],[103.83207451991146,1.3418234541953467],[103.83211096814438,1.3419399445003901],[103.832226553451,1.342096913292543],[103.83295008571986,1.3423157109382697],[103.83309983437674,1.3422879813331665],[103.83323301627458,1.3422930530183947],[103.83338388093881,1.3422723222726474],[103.83359766638104,1.3422666356148596],[103.83365588319833,1.3422712912762451],[103.83371739234244,1.3422888576432312],[103.8338661049746,1.342378790333498],[103.83548671320992,1.343442520132132],[103.83551598091978,1.3432093894114872],[103.83556611146346,1.3430452806730329],[103.83557252613313,1.3428764882703381],[103.83592240291925,1.3427078492676066],[103.8370739540878,1.343458894437765],[103.83684541736093,1.3456869965280753],[103.83684536524508,1.3456874966417007],[103.83684027406602,1.3457365710824898],[103.83682630522104,1.3458712146930822],[103.83677657860773,1.3463555932753681],[103.83578023626407,1.3462882274732424],[103.83513348809764,1.3470780999600065],[103.83524552907544,1.3473165907293874],[103.83560886360317,1.3473883155601256],[103.83398451454349,1.3491409386700604],[103.83383732197267,1.3495722111155537],[103.83327492944615,1.3494109177694857],[103.83319573010742,1.3496316107249215],[103.83234830436217,1.3497949749202685],[103.83206687429565,1.350083828790228],[103.83207037831373,1.3508158385468978],[103.8312472396515,1.3516829697191284],[103.82981665237847,1.3531164037463221],[103.82673785951035,1.3541944150318197],[103.82354431824757,1.3523211345037451],[103.82252408410204,1.3527810410464707],[103.821835772897,1.3530509906350856],[103.81903663209376,1.354180843300435],[103.81861488728661,1.3547678446832658],[103.81832609176851,1.354833020440712],[103.81653062464854,1.3572974692663944],[103.8123680157128,1.362907886584022],[103.8120588779319,1.364128268275388],[103.81182570702134,1.3645954924214079],[103.81131238188803,1.3659771492292248],[103.81129340005246,1.3670142278479185],[103.81140272380996,1.3673851493265723],[103.81215535950125,1.3685851715053317],[103.81180802729224,1.369281880648623],[103.81148679586794,1.3696572440436348],[103.81174801226987,1.3704338565391272],[103.81199317505674,1.3704902585198644],[103.81213907904153,1.370650383839102],[103.8122666766038,1.3706918618281723],[103.81253941179733,1.370884036197372],[103.81268339927371,1.371139367505641],[103.8128792922721,1.3713425129148349],[103.81291958954579,1.3714527588765817],[103.81297100047925,1.3715475511570392],[103.81306575910232,1.371568478050037],[103.81317127068075,1.371618680204546],[103.8132876983676,1.3716372116115487],[103.81389944584323,1.3719278603578384],[103.81527107622266,1.3720157184007071],[103.81629800785032,1.371817323842267],[103.81683658352459,1.3714187263894855],[103.81696790546525,1.370581446986047],[103.81681737617811,1.3704270293689795],[103.81652046223525,1.3696788340881858],[103.8163292092431,1.36948031663843],[103.81623389551274,1.3688030610812951],[103.81647467960413,1.3687179395111866],[103.81685674476324,1.3689194282091226],[103.81675107633727,1.3693394115228323],[103.8170118690006,1.3700401002760454],[103.8176872278839,1.3706469766305986],[103.81806398226865,1.370805855075622],[103.81862239411569,1.3707272159823465],[103.81899443944323,1.3705375242336166],[103.82000827451634,1.3701526625409017],[103.82070498075234,1.369708413671989],[103.8209408800522,1.3692931245085302],[103.82064667528326,1.368500095877828],[103.82051121875021,1.3679593368644083],[103.81990480600213,1.367554413464824],[103.81915963068708,1.3672010776474348],[103.81861891555624,1.3672212245145188],[103.81876066012539,1.3663690917583544],[103.81852976077343,1.366133388587548],[103.81803653477519,1.3660861224970002],[103.8179807846376,1.365696806880251],[103.81766200626866,1.365327985158242],[103.81698322482524,1.365326107671149],[103.8171345835101,1.3650296390975136],[103.81771870607864,1.364890282257156],[103.81850732400807,1.3648782538080577],[103.81869055485302,1.36411048582334],[103.81911424217063,1.3641398340973803],[103.81913859794076,1.3645863641155336],[103.81933301218109,1.3650552193668628],[103.81921813180617,1.3652404632470763],[103.81962694928541,1.3659977766687432],[103.8198022814796,1.3661880911854918],[103.82076841728674,1.3667402262388024],[103.82132557663657,1.3671573318650239],[103.82196689845287,1.3678593514014805],[103.82260137605861,1.3681966767932108],[103.82302069399827,1.3683202491708826],[103.82329791356422,1.36810302567002],[103.82286484669085,1.3669291074113596],[103.82283249911643,1.3667174842155494],[103.82243711347073,1.3659035473406858],[103.82277858863462,1.3660826157189072],[103.82329439292987,1.366598113733195],[103.82344895366779,1.3669019825907471],[103.82381558825564,1.3672673535870423],[103.82425770865535,1.3675079207339231],[103.82494760482722,1.3676003709946185],[103.82507502689454,1.367215684711635],[103.82527508650442,1.3671179398936046],[103.8259957956689,1.3671377405619736],[103.82655388168705,1.3671847167034386],[103.82806050113392,1.3672486391688397],[103.82804494045492,1.3673184388756416],[103.82804207208841,1.3677894507886803],[103.82733059970428,1.3689751159106835],[103.82733511877673,1.3696322450997345],[103.82779514943338,1.3702359093722358],[103.82789204173342,1.3704831890161426],[103.8279283722577,1.3706983120383187],[103.82793716458242,1.3707829198581405],[103.82794178304609,1.3708677845078734],[103.82793510754804,1.3712760733096068],[103.82769339924184,1.372394626649611],[103.82734880396019,1.3729054107415373],[103.82708531542559,1.3730642634539116],[103.82649962259693,1.3731662876949358],[103.82630485222234,1.37333314504471],[103.82623971370602,1.37369145396785],[103.8265193376275,1.3743045775730505],[103.82638604129126,1.375363369762929],[103.82624778520999,1.3759493431170404],[103.82630040328205,1.3764420409073372],[103.8268735931908,1.3770399728969807],[103.82755744703917,1.3773218767492776],[103.8277587529288,1.3775611521095978],[103.82765964383367,1.378346220506503],[103.82718321822004,1.3790954941116988],[103.82571571854928,1.3797008974672886],[103.82516381590426,1.3795149230742476],[103.82467875703094,1.379171208689128],[103.82417341121698,1.378587521083332],[103.8236847638229,1.3786774816751999],[103.82347444569656,1.3788408759067516],[103.82273736626159,1.3796723153218624],[103.82170352442543,1.3795020213980254],[103.82123607633113,1.3796871776733233],[103.82085265151896,1.3803154655173733],[103.82052072543871,1.3804715117811297],[103.81962657939775,1.3804535967355904],[103.81870505754716,1.3802660170366459],[103.81803918568082,1.3800634506201157],[103.81765900976478,1.3803339099927558],[103.81772750462831,1.3807255426377025],[103.81927668695444,1.3833896464126088],[103.81939796818429,1.3851499069409325],[103.81938173344483,1.3853318386837985],[103.81902097336011,1.3861859270537968],[103.81877039569297,1.3865839198922911],[103.81815126263751,1.3866296930817479],[103.817291096112,1.386297031499964],[103.81675554715609,1.3865639481456515],[103.81663895849094,1.3868417209519708],[103.8167906238314,1.3874929003624275],[103.81698298633778,1.3878061327408788],[103.81758461753964,1.3881217373156896],[103.8179070435366,1.3884871504874157],[103.81772454658436,1.3890944858517182],[103.8176498434446,1.389759789850495],[103.81772245565467,1.3901802472918126],[103.818348253546,1.3925474506082467],[103.81853020759823,1.3934243168465203],[103.8185071512242,1.393812306071716],[103.81823963988435,1.394059420939961],[103.81712478137894,1.3944516633088337],[103.8163615980209,1.3948214098546314],[103.81539374300887,1.3954399614139743],[103.81470944035114,1.3961104117702954],[103.81405956100973,1.397003212759038],[103.81365056473466,1.3978856235504702],[103.81319450713904,1.399250195523982],[103.81280153147685,1.3991427735485642],[103.81219661730721,1.3992426298247875],[103.81170047772585,1.3995866263462546],[103.81141471340382,1.400084300606832],[103.81036212907577,1.4003731723580182],[103.80906694758255,1.3999213190889161],[103.8089116953244,1.4004248998838227],[103.8088061585325,1.4011312766690793],[103.80854544961993,1.4015302792874686],[103.80830226069355,1.4017210097564448],[103.80771401878228,1.4019129871608993],[103.80817957141954,1.4026042518696458],[103.80817705714931,1.4028600502805921],[103.80881891311805,1.40431532613478],[103.80895449027885,1.4052003788066623],[103.80855071685127,1.405310964674581],[103.8082538093359,1.4054136194526177],[103.8081089477824,1.4054951462907916],[103.80794465840171,1.4056170708437],[103.80775975493283,1.405790308766327],[103.80764100530041,1.4059529120872567],[103.80761473829173,1.4060809416917384]]]]},"properties":{"OBJECTID_1":166638,"L_CODE":"NRNP04","NAME":"CENTRAL CATCHMENT NATURE RESERVE","N_RESERVE":1,"INC_CRC":"ED962648A117BB72","FMEL_UPD_D":"20260422000213","SHAPE_1.AREA":30396724.7705393,"SHAPE_1.LEN":51997.1683597015}},
{"type":"Feature","geometry":{"type":"MultiPolygon","coordinates":[[[[103.7801394385686,1.360911775289847],[103.78040667120734,1.3610028606048117],[103.77963844918217,1.3630561656844156],[103.779092482743,1.3649225253768824],[103.77889941088793,1.3650874778693654],[103.77849591719503,1.3650361224789163],[103.77928418951028,1.362628693817267],[103.77933295738303,1.3625107568166401],[103.7801394385686,1.360911775289847]]],[[[103.77934389698969,1.3618850014259218],[103.7790281807316,1.3625382244993098],[103.77843219149688,1.3643687158254505],[103.77811370294896,1.3649657035217486],[103.77631085985107,1.3647008290772658],[103.77554252937765,1.3646639858326695],[103.77346975398896,1.36463331306258],[103.77229963433436,1.3644553227622218],[103.77185554768823,1.3643152534657532],[103.7703737362659,1.3636725730978874],[103.76942792058674,1.3634901369409362],[103.76920558848305,1.3632018767979286],[103.77018762223317,1.3622248029540762],[103.77085179531441,1.3618765724834698],[103.77099689217029,1.3616717089214012],[103.77086148279943,1.3614214344666362],[103.7702673905758,1.3614352384866986],[103.77001280455578,1.3620057243489772],[103.76908095950503,1.362572174006866],[103.7689791480433,1.3629527022232193],[103.76934582680511,1.3634811010570118],[103.76805522374015,1.363301442368282],[103.7678887099019,1.3631802829221016],[103.76776670273581,1.3627371919922342],[103.76857888502921,1.3626100334249727],[103.76913433589922,1.3615304650327968],[103.76904799375332,1.3601301991938755],[103.76909386125911,1.3596130209974604],[103.7693840247091,1.35761903497773],[103.76934982802068,1.3573793631870406],[103.7689123382742,1.3573086836071808],[103.76844134239221,1.357289296750384],[103.76881765786611,1.3566453175534368],[103.76938138018342,1.3560126215951802],[103.76974916406022,1.3552718578841572],[103.77031947224584,1.353979717811017],[103.7705895100225,1.3541023819204783],[103.77068820556627,1.3538235039958124],[103.77081744901818,1.3535306761409764],[103.77131212039818,1.3534115570683076],[103.77191869668184,1.3537362030615514],[103.7727624055432,1.3544039162829675],[103.77296868371745,1.3557027960170875],[103.77319174193096,1.3571817621291982],[103.77312885366734,1.3574152492212463],[103.77237458287696,1.358054623597526],[103.77228636436219,1.3579492267928037],[103.77190613724456,1.3582715332815822],[103.77251720347182,1.3598396786810678],[103.77380709720647,1.3608573564262603],[103.77437718989563,1.3606049345228914],[103.77558087856904,1.3615290166177971],[103.77564898917181,1.362694725218653],[103.77622863310584,1.3624759029507134],[103.77681522301634,1.361787696843859],[103.77692822816122,1.361032902013858],[103.77687637667675,1.3602467697987062],[103.7770078183074,1.3597712565306161],[103.77758508860106,1.3593438784718732],[103.77833866453507,1.3592729837783701],[103.77851230478952,1.3593722851042003],[103.77857576584995,1.3594994093761823],[103.77861395586451,1.3596565606666102],[103.77861924918672,1.359782114538721],[103.77861381007156,1.3599458874906836],[103.77846469825374,1.3615823044049524],[103.778744838535,1.3619252103385113],[103.77934389698969,1.3618850014259218]]]]},"properties":{"OBJECTID_1":166639,"L_CODE":"NRNP12","NAME":"DAIRY FARM NATURE PARK","N_RESERVE":0,"INC_CRC":"193F09B32206195E","FMEL_UPD_D":"20260422000213","SHAPE_1.AREA":746887.528132511,"SHAPE_1.LEN":7290.51945525161}},
{"type":"Feature","geometry":{"type":"Polygon","coordinates":[[[103.78100279010654,1.313056935552688],[103.78143441170539,1.3128023461505427],[103.78146445421915,1.3130435588337512],[103.78100279010654,1.313056935552688]]]},"properties":{"OBJECTID_1":166640,"L_CODE":"WB523","NAME":"HOLLAND GROVE VIEW PG","N_RESERVE":0,"INC_CRC":"6621C9D78B70323F","FMEL_UPD_D":"20260115000106","SHAPE_1.AREA":1167.313321595,"SHAPE_1.LEN":149.018259241054}},
{"type":"Feature","geometry":{"type":"Polygon","coordinates":[[[103.77275823732693,1.3441506095938247],[103.77276401769836,1.3436791657030556],[103.77342021127501,1.3435967139384128],[103.7732924338428,1.3440537121289995],[103.77275823732693,1.3441506095938247]]]},"properties":{"OBJECTID_1":166641,"L_CODE":"WB536","NAME":"HOOVER PARK (LOR PISANG HIJAU PLAYGROUND)","N_RESERVE":0,"INC_CRC":"667E48AE8EA017B5","FMEL_UPD_D":"20260115000106","SHAPE_1.AREA":3725.707947005,"SHAPE_1.LEN":280.098356238657}},
{"type":"Feature","geometry":{"type":"Polygon","coordinates":[[[103.88906003622039,1.3133913173062952],[103.88975797655634,1.3135615435990904],[103.88969487859033,1.3138809836727856],[103.88900196803529,1.3137417362517911],[103.88906003622039,1.3133913173062952]]]},"properties":{"OBJECTID_1":166642,"L_CODE":"EK529","NAME":"LORONG 40 GEYLANG PG","N_RESERVE":0,"INC_CRC":"D5499622A044F663","FMEL_UPD_D":"20260115000106","SHAPE_1.AREA":2975.261014905,"SHAPE_1.LEN":237.657718460926}},
{"type":"Feature","geometry":{"type":"Polygon","coordinates":[[[103.83248552274827,1.3762437259223639],[103.832152186574,1.3758922672270504],[103.83252909290731,1.375756459911058],[103.8328467742336,1.375864150787078],[103.83248552274827,1.3762437259223639]]]},"properties":{"OBJECTID_1":166643,"L_CODE":"NA521","NAME":"THOMSON WALK PG","N_RESERVE":0,"INC_CRC":"F29A98A8B2604390","FMEL_UPD_D":"20260115000106","SHAPE_1.AREA":2136.152638505,"SHAPE_1.LEN":195.089623221447}},
{"type":"Feature","geometry":{"type":"Polygon","coordinates":[[[103.86975125200956,1.3796840495623215],[103.86772247844046,1.3795912560145525],[103.86758894834442,1.3788842532669376],[103.86772364375067,1.3787050787061088],[103.86854714084195,1.378786260397614],[103.86884659003078,1.3787563938209837],[103.86978959022247,1.3788350501060347],[103.86975125200956,1.3796840495623215]]]},"properties":{"OBJECTID_1":166644,"L_CODE":"PKNE028","NAME":"ANG MO KIO LINEAR PK (PLOT 3)","N_RESERVE":0,"INC_CRC":"AD635FEC51A9DEA7","FMEL_UPD_D":"20260115000106","SHAPE_1.AREA":22866.27708826,"SHAPE_1.LEN":665.572051452626}},
{"type":"Feature","geometry":{"type":"Polygon","coordinates":[[[103.8845524272391,1.3466427018114855],[103.88428236832024,1.3463458762164187],[103.88496145185893,1.3456341815587711],[103.8857143908646,1.3461232825834968],[103.88492287457021,1.3465194390723847],[103.8845524272391,1.3466427018114855]]]},"properties":{"OBJECTID_1":166645,"L_CODE":"NP510","NAME":"TAI KENG GARDENS PG","N_RESERVE":0,"INC_CRC":"C1D284CF5A667ADD","FMEL_UPD_D":"20260115000106","SHAPE_1.AREA":9073.090679915,"SHAPE_1.LEN":446.950765084525}},
{"type":"Feature","geometry":{"type":"MultiPolygon","coordinates":[[[[103.84452314492796,1.2762391869133194],[103.8445844557783,1.2764687153737813],[103.844161185929,1.2765320932895607],[103.84416961216112,1.2762587172935103],[103.84452314492796,1.2762391869133194]]],[[[103.8439889715866,1.2763416700242227],[103.84402527425199,1.2765556426208997],[103.843603231775,1.2766189498988487],[103.84360448863748,1.276344475129729],[103.8439889715866,1.2763416700242227]]]]},"properties":{"OBJECTID_1":166646,"L_CODE":"PKCR026","NAME":"TRAS LINK PK","N_RESERVE":0,"INC_CRC":"004AB30687DE6599","FMEL_UPD_D":"20260115000106","SHAPE_1.AREA":2779.54895223,"SHAPE_1.LEN":296.246340385346}},
{"type":"Feature","geometry":{"type":"Polygon","coordinates":[[[103.84048624855555,1.3202902667556617],[103.84080590911168,1.3201897818534383],[103.84091165124626,1.3203588253713712],[103.84051519157245,1.3205165477502232],[103.84048624855555,1.3202902667556617]]]},"properties":{"OBJECTID_1":166647,"L_CODE":"ST519","NAME":"GENTLE DR PG","N_RESERVE":0,"INC_CRC":"466C4378345AB322","FMEL_UPD_D":"20260115000106","SHAPE_1.AREA":1185.90828575,"SHAPE_1.LEN":144.821220320657}},
{"type":"Feature","geometry":{"type":"Polygon","coordinates":[[[103.89751335411322,1.2996853329437543],[103.8971614042061,1.3015104484235613],[103.89721056171071,1.3000058563982306],[103.89713048294107,1.299628367758007],[103.89751335411322,1.2996853329437543]]]},"properties":{"OBJECTID_1":166648,"L_CODE":"EK511","NAME":"TANJONG KATONG RD SOUTH PG","N_RESERVE":0,"INC_CRC":"81F8920C2DB4060D","FMEL_UPD_D":"20260115000106","SHAPE_1.AREA":3607.535610635,"SHAPE_1.LEN":457.794787413298}},
{"type":"Feature","geometry":{"type":"Polygon","coordinates":[[[103.88836859696634,1.3041927809622977],[103.88805523802196,1.3041935601650059],[103.8881001248521,1.3035680474341111],[103.88824108881452,1.303572085949289],[103.88836859696634,1.3041927809622977]]]},"properties":{"OBJECTID_1":166649,"L_CODE":"EK527","NAME":"ARTHUR PK","N_RESERVE":0,"INC_CRC":"292F78BCA050692E","FMEL_UPD_D":"20260115000106","SHAPE_1.AREA":1900.43452519,"SHAPE_1.LEN":240.341112465753}},
{"type":"Feature","geometry":{"type":"MultiPolygon","coordinates":[[[[103.76676440750806,1.362319212631758],[103.76679793641975,1.3625236088102748],[103.76639711611816,1.3625922876796537],[103.7663222718059,1.362168280081196],[103.76673080762636,1.362114381451774],[103.76676440750806,1.362319212631758]]],[[[103.75507595419064,1.407089872014318],[103.75515322447299,1.407327333254572],[103.75467054290637,1.407546552637301],[103.75455989303879,1.4072270012074009],[103.75501102842603,1.4069134014399303],[103.75507595419064,1.407089872014318]]],[[[103.78511674825157,1.3174332633169659],[103.7853259828645,1.3175351078528794],[103.78521133685689,1.3179509676271695],[103.78467094807885,1.3180054006993847],[103.78511674825157,1.3174332633169659]]],[[[103.82679953780767,1.2775570292087963],[103.82564202511894,1.2784870559085622],[103.8255222352693,1.2783317408127837],[103.82648961260671,1.2775467520978852],[103.82679953780767,1.2775570292087963]]],[[[103.79891409004462,1.2941919989824067],[103.79890710319893,1.2945752351764115],[103.79845429963807,1.2952925890931932],[103.79823037665037,1.2950775190204935],[103.7984300005126,1.2948197869073115],[103.79866340772185,1.2941672457984854],[103.79891409004462,1.2941919989824067]]],[[[103.79437124094645,1.3017726877765694],[103.79462060936243,1.301917089725618],[103.79399160065373,1.303070447717252],[103.79377341470311,1.302849014232526],[103.79437124094645,1.3017726877765694]]],[[[103.82549374255882,1.2783611633346448],[103.82561001015493,1.2785118815340335],[103.8249879502147,1.2789919101571996],[103.82436864633411,1.2793351100285277],[103.82397334762686,1.2792251360227813],[103.82489083596059,1.2788106488763358],[103.82549374255882,1.2783611633346448]]],[[[103.78664695645374,1.3158249077226756],[103.78647461144439,1.3156996409600998],[103.78675446466994,1.315326252264207],[103.78761821724567,1.3143570591941218],[103.78769863314052,1.3145947475369584],[103.78719407885863,1.3151133188409347],[103.78664695645374,1.3158249077226756]]],[[[103.83068813317318,1.274277129627058],[103.83012298041882,1.2747299083529986],[103.82955447562746,1.275387831289682],[103.82957998116157,1.274988384169043],[103.83111130638017,1.2737110346263336],[103.83113886609823,1.2739148459613685],[103.83068813317318,1.274277129627058]]],[[[103.79091739860512,1.3106155150959835],[103.79065424745245,1.3105348937394703],[103.79121400052907,1.3086216514686018],[103.79129771744856,1.3093161225154692],[103.79091739860512,1.3106155150959835]]],[[[103.79555117098904,1.2999799450135665],[103.79521551068548,1.300812202259312],[103.79475415941005,1.3016720216444686],[103.79457642489399,1.301583065601586],[103.7954235461101,1.2996831631824375],[103.79555117098904,1.2999799450135665]]],[[[103.7990794069217,1.2929652377724943],[103.79885735297533,1.2928886866074232],[103.79860602419649,1.2925062825002238],[103.79881844607937,1.2922906496014086],[103.79884400040451,1.2914401555462587],[103.79912897025623,1.2914398329457055],[103.79909790996554,1.292476261599825],[103.79944286916384,1.292486702624248],[103.7990794069217,1.2929652377724943]]],[[[103.78325441538328,1.321741409936263],[103.78287856010033,1.3221763020247812],[103.78259288149118,1.3219989765559996],[103.78310023764925,1.321498756818528],[103.78368127320753,1.3205395699443725],[103.78395987419316,1.3206990619844594],[103.7836835112531,1.321231140090265],[103.78325441538328,1.321741409936263]]],[[[103.82808407240307,1.276537355251351],[103.82722645787466,1.2772139576097443],[103.82699610284443,1.2771278289472152],[103.82829825486334,1.2760534562144856],[103.82907800860843,1.2754644184979795],[103.82923281177953,1.2756396801611225],[103.82808407240307,1.276537355251351]]],[[[103.75780297201989,1.4239236532453698],[103.75960409996932,1.4243995380488523],[103.76032904050135,1.4247685360014326],[103.76024297275679,1.4249347588148638],[103.75926393683514,1.4245109210938165],[103.75732453559208,1.4240635478149588],[103.75780297201989,1.4239236532453698]]],[[[103.80029403721103,1.284910780910701],[103.79979576259196,1.285346324581457],[103.79940597915689,1.2859291245998943],[103.79916417810219,1.2867001447473896],[103.79909984403577,1.2883458597876354],[103.79894212856695,1.2883460222446377],[103.79899395247372,1.2866245701126158],[103.79917639729887,1.2860282480338072],[103.79940422817364,1.2855682902780494],[103.79991532155931,1.2849874027793937],[103.80029403721103,1.284910780910701]]],[[[103.78654837360023,1.3159803208836465],[103.78534601941764,1.3175943079321024],[103.78535206813194,1.3175176631700998],[103.78511496110904,1.3173826098346555],[103.78637987038273,1.315684436802378],[103.78654837360023,1.3159803208836465]]],[[[103.79894484567237,1.2889551245817135],[103.79919940986628,1.2890637693619036],[103.79913278895471,1.2913131857644693],[103.79884765468347,1.2913135436338121],[103.79894484567237,1.2889551245817135]]],[[[103.75537404967723,1.4110551834466245],[103.755044722649,1.4129108467482947],[103.75492652430647,1.4129156530447011],[103.75525914063499,1.4110484393504885],[103.75529986803458,1.4104842085692841],[103.75513917219844,1.4104872870201035],[103.7551063407897,1.4093510169405132],[103.75502726465503,1.4088338813380967],[103.7547429802071,1.4077681792305397],[103.75485450820285,1.4077334617962167],[103.75513962349414,1.4088110165044032],[103.7552204533089,1.4093395959747692],[103.75525410775622,1.4102637875032844],[103.75558214322012,1.4103754195730667],[103.75554340440637,1.4110224295012106],[103.75537404967723,1.4110551834466245]]],[[[103.80472506506972,1.2841542087539248],[103.80474176897782,1.2843912176343706],[103.8020587300399,1.2845614986996772],[103.80190437690106,1.2842864921263033],[103.80472185419656,1.2841086640019272],[103.80472506506972,1.2841542087539248]]],[[[103.78487006985347,1.3184156369347684],[103.78453606037637,1.319246529573815],[103.78420127663126,1.320234351053154],[103.78397267455247,1.3206744626265634],[103.78369389474274,1.32051567960599],[103.78396763085755,1.3199973667697136],[103.78427111175012,1.318875545038502],[103.78447054828881,1.3184424226790874],[103.78487006985347,1.3184156369347684]]],[[[103.75492145452556,1.4136110791578953],[103.75452648428822,1.4158309659675221],[103.75452916323552,1.4175519861567412],[103.75410000282491,1.417562842768886],[103.75487663642663,1.4131892067185552],[103.75492145452556,1.4136110791578953]]],[[[103.79370227467997,1.3029867071341934],[103.79384148342056,1.3033503968303672],[103.79269124968947,1.3054557517315935],[103.79253248453446,1.305067775854641],[103.79359734017436,1.3030201298806854],[103.79370227467997,1.3029867071341934]]],[[[103.81698171385499,1.281143374500196],[103.81711731065921,1.2814009565782467],[103.81517025924674,1.2826009243967824],[103.81515281013112,1.2822740940385162],[103.81768716090932,1.2806833330275915],[103.81789481974752,1.2809218397385311],[103.81715453725114,1.2813780103645243],[103.81698171385499,1.281143374500196]]],[[[103.77954487353095,1.3403384552237636],[103.7792984119217,1.3406403518238668],[103.77904137487234,1.3406673920148573],[103.77945842247563,1.3400408126140155],[103.77958271370126,1.3395116719195648],[103.77985969405334,1.339695799316764],[103.78032781190848,1.3390622753509218],[103.78069365748586,1.338340356524503],[103.78089612781405,1.337580297086814],[103.7808990653688,1.3371913029984421],[103.7811580450885,1.3371470164124213],[103.78099988402147,1.3380184456578106],[103.78079962812329,1.338591238466876],[103.78024957496935,1.339453800008368],[103.77954487353095,1.3403384552237636]]],[[[103.80808175813779,1.2839848703738523],[103.8080881672979,1.2841803579388231],[103.80479552593329,1.2843878105924238],[103.80477334053562,1.2841054061549269],[103.80808014253604,1.2838961603073322],[103.80808175813779,1.2839848703738523]]],[[[103.81964793767496,1.2798039036970954],[103.81817983825368,1.2807067970408872],[103.81801160988698,1.2804796810661718],[103.81927995192551,1.2797001185851882],[103.81986692951985,1.2794234611495212],[103.82041990833943,1.2792828262205513],[103.8213498745434,1.2792132236007467],[103.82148214909029,1.279623849306741],[103.82076457093702,1.2795291968451528],[103.82025883858387,1.2795746087950413],[103.81964793767496,1.2798039036970954]]],[[[103.8232019386478,1.2792185013664088],[103.82351504257093,1.2793574257066678],[103.82351419642617,1.2797569922191063],[103.82263357534069,1.2797648069093435],[103.82152929533655,1.2796314190599474],[103.82139350124399,1.2792133486077577],[103.8232019386478,1.2792185013664088]]],[[[103.79566251293684,1.2996992934102658],[103.7954398563036,1.2996356209813895],[103.79590939120827,1.298082930745988],[103.796295780814,1.2973177200963464],[103.79795024183561,1.2954391795732771],[103.79821367243724,1.295099078841301],[103.79843746963351,1.295313841429732],[103.79721671646202,1.2966801925941362],[103.79712413972614,1.2966648803698728],[103.7964925691878,1.2974367011985888],[103.79609586917346,1.298178211042478],[103.79588361545774,1.2987622917775035],[103.79566251293684,1.2996992934102658]]],[[[103.79064714899354,1.3105835818879397],[103.79090229762869,1.3106671097363378],[103.79053412478132,1.3119231155530107],[103.78960099397221,1.313283046396229],[103.78798648367986,1.3143914363198466],[103.78789165994534,1.3141798151213782],[103.78869159677303,1.3136626127696005],[103.78872783316272,1.3135285477247618],[103.7896492733742,1.3127458728531178],[103.79003201053428,1.312217983933776],[103.79024857782969,1.3117516340761362],[103.79064714899354,1.3105835818879397]]],[[[103.78274382820359,1.3223207714605807],[103.7824344767395,1.322652341217077],[103.78199528251767,1.323507987324519],[103.78183965740732,1.3241718507521667],[103.78174300676513,1.3262783889015797],[103.781437110327,1.326014402161987],[103.78150726711102,1.3244826647322208],[103.78161351095157,1.3236691460977577],[103.78197628494594,1.3227391597321376],[103.78245840657819,1.3221432660129422],[103.78274382820359,1.3223207714605807]]],[[[103.78144397010169,1.3265649873946033],[103.78218867314374,1.327165617518366],[103.78248684696183,1.3276380048030336],[103.78054616549117,1.3289316957669293],[103.78111861929034,1.3281755826541204],[103.78134503136472,1.3280203081199107],[103.78144397010169,1.3265649873946033]]],[[[103.7534669067154,1.3894536533968724],[103.75375001748681,1.3895414504566628],[103.75365462028111,1.3905806926361102],[103.75309390293252,1.3941076629648466],[103.7528000154178,1.3941134281320415],[103.75315405216249,1.3918161976388563],[103.75330241375863,1.3910926849906082],[103.753446634951,1.3900381661899563],[103.7534669067154,1.3894536533968724]]],[[[103.77753463848518,1.3431644979327761],[103.77740452382568,1.343303378127538],[103.77682690394909,1.3440184996647406],[103.77583485433507,1.3452987935496739],[103.77569641363198,1.3448916455843292],[103.77592097954023,1.3446090326325306],[103.7758227637625,1.3443576939797992],[103.77676820787471,1.3435242597324033],[103.7774308895958,1.3426609971890953],[103.77785151532343,1.3424241764914442],[103.77827876946412,1.342476791258511],[103.77753463848518,1.3431644979327761]]],[[[103.76061108002277,1.4248889835366467],[103.76152500212184,1.4255343433155672],[103.76212858178012,1.4260383321080468],[103.76147614421564,1.426742390964368],[103.76114590671475,1.4261884491027763],[103.76046299489363,1.4256354998380225],[103.76004457208082,1.4254169489373296],[103.7603789652167,1.4247709061197544],[103.76061108002277,1.4248889835366467]]],[[[103.75452386560545,1.4178046541614295],[103.75453631956086,1.4190405589444317],[103.75465621746919,1.4198857816591657],[103.75511140164129,1.420830856588956],[103.75670827081585,1.4236813452650297],[103.75656841459316,1.4237529860338025],[103.75497695598567,1.4209015813337844],[103.75451022041533,1.4199325358415313],[103.75442949183658,1.4193578094536239],[103.75382127055096,1.4191772884839842],[103.75409096310092,1.4176137309664179],[103.75452810028987,1.4176026738610776],[103.75452386560545,1.4178046541614295]]],[[[103.81247347665155,1.2834559472243197],[103.81254876228226,1.2837117772858775],[103.81175034416313,1.2838690206861392],[103.80922964542506,1.2841092769074134],[103.80814288837895,1.284176930939392],[103.8081348905676,1.2838926953248906],[103.81066414885203,1.2837326673737393],[103.81190778422683,1.2835682809121796],[103.81263898268202,1.2833923011870922],[103.81404224949635,1.2828735486388032],[103.81511876435846,1.2822938487414812],[103.81513522506485,1.2826224145690042],[103.81411473532637,1.2831419095157632],[103.81321429835772,1.2835143670277107],[103.81257928392495,1.283704081390395],[103.81247347665155,1.2834559472243197]]],[[[103.76725447611378,1.3582538316811417],[103.7668520880845,1.3600804807161124],[103.76682555345111,1.3610639484216416],[103.76691920826,1.3617565353797876],[103.76628231900943,1.361934063228383],[103.76616972441323,1.3611108485230965],[103.76619985718189,1.3599969536010497],[103.76644589648275,1.3589113170160771],[103.76681644156545,1.3577958217441064],[103.76734700849597,1.3577933765058028],[103.76725447611378,1.3582538316811417]]],[[[103.77352748910558,1.3488118571185888],[103.77327288788803,1.3485526962766539],[103.77286438879715,1.3490715287346755],[103.77258642425984,1.3488427357796153],[103.77529771772124,1.3453876345165254],[103.7756449205815,1.3461212863983207],[103.77352748910558,1.3488118571185888]]],[[[103.764222817074,1.369307103428723],[103.76365927252903,1.3701917183192762],[103.7633577688715,1.3708499261076899],[103.76281231484244,1.3708340773119863],[103.76337272123837,1.369698417550816],[103.76436060652166,1.368139805484164],[103.76569884888939,1.3663479674827446],[103.76615786176914,1.3654793743863045],[103.76659693346717,1.3656147337640188],[103.766016871831,1.3666133014018884],[103.76428107776633,1.3692707759267462],[103.764222817074,1.369307103428723]]],[[[103.76089434048946,1.377603995531354],[103.7602176016912,1.3789448428151805],[103.76011697968713,1.3789087537916878],[103.76151429047817,1.376115181553707],[103.76174293163248,1.3753478540997013],[103.76243708664514,1.3720766463454148],[103.76276382330131,1.3709639542425909],[103.76323644196891,1.3711648924819064],[103.76295735268035,1.3721074653307999],[103.76246917857931,1.374748139080428],[103.76238279217274,1.374732526279696],[103.7621013456501,1.3755358558446475],[103.76127969569083,1.3771662826882793],[103.76112226280554,1.3771466414492133],[103.76089434048946,1.377603995531354]]],[[[103.78152324798644,1.3363663372583203],[103.78086730263276,1.3366226562237966],[103.78085747459878,1.336096167757822],[103.78098196351877,1.333501544201596],[103.7807043050272,1.3332899984192657],[103.78066725428309,1.332597435533925],[103.78105976037399,1.3318051304805112],[103.78118332411964,1.3303645080749944],[103.78112705446671,1.3296095707683593],[103.78063766156264,1.3290253193243602],[103.78131068494113,1.3285822549025597],[103.78108909575612,1.3340542486597986],[103.781121425803,1.3340555787656925],[103.78134403436616,1.3285602451925467],[103.78193398961089,1.3282089500933247],[103.78171237187155,1.3291612228869898],[103.78168693652248,1.3329165006695056],[103.78152324798644,1.3363663372583203]]],[[[103.76881765786611,1.3566453175534368],[103.76805063604539,1.3575701806583125],[103.76760520191456,1.3581384345394503],[103.76775609171311,1.3573716286125737],[103.76841975711686,1.3565793154176498],[103.76896237283314,1.3555836977912004],[103.76916200583874,1.3549416500244091],[103.77000202468375,1.3526708869839623],[103.77006534806469,1.352157453245291],[103.77045318574736,1.3523048150083996],[103.77079169982602,1.3514225444941266],[103.77126755591554,1.350518441581242],[103.7725595923523,1.3488767301457387],[103.77283759283249,1.349105550235698],[103.77208388208103,1.3500546431073028],[103.77237244975888,1.3502826857675327],[103.77190578332562,1.3509163165196203],[103.77114784609711,1.3523086195879266],[103.77069166194931,1.3534185968695032],[103.77068820556627,1.3538235039958124],[103.7705895100225,1.3541023819204783],[103.77031947134729,1.3539797178109934],[103.76974916406022,1.3552718578841572],[103.76938138018342,1.3560126215951802],[103.76881765786611,1.3566453175534368]]],[[[103.75295954479162,1.3964896913286025],[103.75277734004618,1.397670444229138],[103.75269629675194,1.3987346417465982],[103.75274241168223,1.399530853713184],[103.75294044120592,1.4005766751542372],[103.75320853212122,1.401392067260356],[103.75368763342367,1.4031148864785756],[103.75477782446218,1.405676324237947],[103.75460787532975,1.405679972106095],[103.75494595076094,1.406711473036117],[103.75449767228267,1.4070435128547572],[103.75254829347126,1.4010423905187241],[103.75236649721231,1.400382027280885],[103.75222687593055,1.399590903631676],[103.75217718688596,1.3987346960894256],[103.75226509851863,1.3975843220763329],[103.75274663705946,1.3944597187206256],[103.75324181464157,1.3944450389197258],[103.75354987019128,1.394916585331112],[103.75344082886663,1.3953597069201589],[103.75314174932211,1.3953089383913506],[103.75295954479162,1.3964896913286025]]]]},"properties":{"OBJECTID_1":166650,"L_CODE":"NRNP20","NAME":"RAIL CORRIDOR","N_RESERVE":0,"INC_CRC":"9A4CBFF48B8245C6","FMEL_UPD_D":"20260115000106","SHAPE_1.AREA":754248.054094825,"SHAPE_1.LEN":43075.7152539655}},
{"type":"Feature","geometry":{"type":"Polygon","coordinates":[[[103.91941527839329,1.3087128230197156],[103.91935144696448,1.308225038565509],[103.91955495110103,1.308261142779829],[103.91941527839329,1.3087128230197156]]]},"properties":{"OBJECTID_1":166651,"L_CODE":"EK512","NAME":"JLN BULOH PERINDU PG","N_RESERVE":0,"INC_CRC":"1367542CC8AA9095","FMEL_UPD_D":"20260115000106","SHAPE_1.AREA":1269.70425699,"SHAPE_1.LEN":163.617939718325}},
{"type":"Feature","geometry":{"type":"Polygon","coordinates":[[[103.78641419089602,1.3386938844235297],[103.78614801522048,1.3387490952407315],[103.78612247761048,1.338544219173098],[103.78638509210016,1.338451049409956],[103.78641419089602,1.3386938844235297]]]},"properties":{"OBJECTID_1":166652,"L_CODE":"PKCR033","NAME":"SIAN TUAN INTERIM PARK","N_RESERVE":0,"INC_CRC":"0E9FB3F68315C137","FMEL_UPD_D":"20260115000106","SHAPE_1.AREA":1245.53027078,"SHAPE_1.LEN":172.877257449983}},
{"type":"Feature","geometry":{"type":"Polygon","coordinates":[[[103.80752988986912,1.2651880231069377],[103.80759309262189,1.2651012164594693],[103.80769161317947,1.2650975999812946],[103.80795043942152,1.2651603356265477],[103.80803175690077,1.2651331683980325],[103.8082532232587,1.264988095951844],[103.80842914310526,1.2649232239404515],[103.8087005146861,1.2648882357619877],[103.80887057507631,1.264930804935518],[103.80905651471475,1.2649333135924086],[103.80929567781965,1.2650574218378505],[103.80928308459849,1.265088341958758],[103.8090503100566,1.2649644924206846],[103.80886983438496,1.2649628836582893],[103.80869905247111,1.2649202936773938],[103.8083478793011,1.2649762496897172],[103.80804391195416,1.2651639304914473],[103.80795371422775,1.265195915185065],[103.80769107641618,1.2651321548566812],[103.80752988986912,1.2651880231069377]]]},"properties":{"OBJECTID_1":166653,"L_CODE":"NRNP19","NAME":"BUKIT CHERMIN BOARDWALK","N_RESERVE":0,"INC_CRC":"2872D396804AE931","FMEL_UPD_D":"20260115000106","SHAPE_1.AREA":1269.06941297,"SHAPE_1.LEN":667.037695507192}},
{"type":"Feature","geometry":{"type":"Polygon","coordinates":[[[103.9216561465809,1.3156200750996065],[103.9212218428418,1.3155252969465119],[103.92144670757345,1.315167541711118],[103.92181302303793,1.3153281047596577],[103.9216561465809,1.3156200750996065]]]},"properties":{"OBJECTID_1":166654,"L_CODE":"EK502","NAME":"YARROW PARK","N_RESERVE":0,"INC_CRC":"AF6E1A057160873A","FMEL_UPD_D":"20260115000106","SHAPE_1.AREA":2277.41163962,"SHAPE_1.LEN":196.14941891385}},
{"type":"Feature","geometry":{"type":"Polygon","coordinates":[[[103.73622365347336,1.3553141653683025],[103.73632174761127,1.3553885115877826],[103.73666004659512,1.3568247234329702],[103.73628757981832,1.3559955250463513],[103.73622365347336,1.3553141653683025]]]},"properties":{"OBJECTID_1":166655,"L_CODE":"PDTLW01574","NAME":"TENGAH LINEAR WOODS","N_RESERVE":0,"INC_CRC":"96796A3BB009D9C1","FMEL_UPD_D":"20260422000213","SHAPE_1.AREA":9878.87018956,"SHAPE_1.LEN":1353.44498024697}},
{"type":"Feature","geometry":{"type":"Polygon","coordinates":[[[103.77180974544281,1.3361686067986562],[103.77149012282648,1.3363977193445118],[103.77128984037553,1.335441160311638],[103.77207620074942,1.3355609351383646],[103.77180974544281,1.3361686067986562]]]},"properties":{"OBJECTID_1":166656,"L_CODE":"WB528","NAME":"CHENG SOON GARDEN PG","N_RESERVE":0,"INC_CRC":"EF951F72EC579A4F","FMEL_UPD_D":"20260115000106","SHAPE_1.AREA":5532.058109585,"SHAPE_1.LEN":323.285483768102}},
{"type":"Feature","geometry":{"type":"Polygon","coordinates":[[[103.9629775338784,1.316400967252901],[103.96281598403468,1.3163351245543813],[103.96367344324263,1.3143518111857335],[103.96381829740513,1.314130092815553],[103.9643596556388,1.3143605202359863],[103.9645840577386,1.3142856009525445],[103.96544352786576,1.314769301449684],[103.96602443395712,1.31497913042415],[103.96645283036234,1.3147456463594867],[103.96784235583,1.3154409345982907],[103.96826862763957,1.3155698472582382],[103.96865846655457,1.3155412210376725],[103.96882202155905,1.3153153322854167],[103.96948937476017,1.3157437969798225],[103.97019329074061,1.316118010386068],[103.97064501035074,1.3161450529582204],[103.97111979082217,1.3157558343972604],[103.97183006256121,1.3161975494454874],[103.97298567263401,1.316276949980366],[103.97394396834535,1.3161727132963936],[103.97424964476619,1.316321448099129],[103.97478996870899,1.316401674912874],[103.97512556293906,1.3162425531521116],[103.97607722618011,1.31643684588452],[103.97608897684762,1.3168853779414387],[103.97528933886825,1.3168829133880593],[103.97528693758278,1.3170352903646578],[103.97221860607164,1.3170349931503513],[103.97152103228277,1.3171149388850198],[103.97056215808537,1.3170190511427589],[103.96980326179424,1.3168500587536065],[103.9678107750425,1.316037209429786],[103.96738536131306,1.3159089134259925],[103.96664558585235,1.316064638373622],[103.96546094883762,1.315690513778568],[103.96436332521809,1.3151688345600117],[103.96394262234674,1.3162059514300781],[103.96343004712972,1.3159967659190779],[103.96332888261239,1.3162464557222242],[103.96383108928369,1.3164510060342751],[103.96369561198449,1.3167884605942308],[103.96294249195472,1.316481624642805],[103.9629775338784,1.316400967252901]]]},"properties":{"OBJECTID_1":166657,"L_CODE":"EE516","NAME":"EAST COAST PARK AREA H","N_RESERVE":0,"INC_CRC":"3B6BD3F4E521801D","FMEL_UPD_D":"20260422000213","SHAPE_1.AREA":150607.90222781,"SHAPE_1.LEN":3797.72603872041}},
{"type":"Feature","geometry":{"type":"Polygon","coordinates":[[[103.7640193625905,1.3081085269233346],[103.76318276282548,1.3078564192809787],[103.7633695959921,1.3075946292181917],[103.7637982699031,1.3077730270181132],[103.7640193625905,1.3081085269233346]]]},"properties":{"OBJECTID_1":166658,"L_CODE":"WJ518","NAME":"JALAN MAS KUNING PLAYGROUND","N_RESERVE":0,"INC_CRC":"E23231C438E54952","FMEL_UPD_D":"20260115000106","SHAPE_1.AREA":2641.79502247,"SHAPE_1.LEN":235.390689081644}},
{"type":"Feature","geometry":{"type":"Polygon","coordinates":[[[103.76617841582868,1.3258139975760472],[103.76691202435141,1.327072204860995],[103.76639860038118,1.3273751528684143],[103.76594155405287,1.3265909944075747],[103.76590084844256,1.325968373960177],[103.76617841582868,1.3258139975760472]]]},"properties":{"OBJECTID_1":166659,"L_CODE":"WB514","NAME":"SUNSET WAY PG","N_RESERVE":0,"INC_CRC":"153187EE36DD22F0","FMEL_UPD_D":"20260115000106","SHAPE_1.AREA":9823.561466025,"SHAPE_1.LEN":433.368930484597}},
{"type":"Feature","geometry":{"type":"Polygon","coordinates":[[[103.86585740696803,1.3602242266735913],[103.86613744334045,1.360081739373554],[103.86626963973004,1.3604256880709857],[103.86627434501771,1.3608520785467173],[103.86577035803539,1.3606736236125916],[103.86577060060554,1.360670413116362],[103.86577356753402,1.3606599966092385],[103.86578520986046,1.3606297807390297],[103.86586887238305,1.3603363432626125],[103.86585740696803,1.3602242266735913]]]},"properties":{"OBJECTID_1":166660,"L_CODE":"NA507","NAME":"CHUAN GREEN PG","N_RESERVE":0,"INC_CRC":"3AD59663D1EC66B7","FMEL_UPD_D":"20260706000205","SHAPE_1.AREA":3685.53148345,"SHAPE_1.LEN":301.915387851577}},
{"type":"Feature","geometry":{"type":"Polygon","coordinates":[[[103.94447894133937,1.3607396228890372],[103.94641534942375,1.3607579397246534],[103.94708640607092,1.360854930704671],[103.94826287482448,1.3612105287146163],[103.94896694629043,1.3615814670551891],[103.94974169526046,1.362152723448243],[103.95025277690957,1.362636912293443],[103.95256736322753,1.364963948582709],[103.95290036777749,1.365424035330516],[103.94837341723253,1.366471452386704],[103.94740321529096,1.3666439274126503],[103.94685709243686,1.3666705190983133],[103.94645187607915,1.3664167317029765],[103.94628068643694,1.366032228366559],[103.94534773930987,1.363471972989595],[103.94530355289513,1.363348421039675],[103.94520193641705,1.3630494661250554],[103.94479339721586,1.3617433196773385],[103.94447894133937,1.3607396228890372]]]},"properties":{"OBJECTID_1":166661,"L_CODE":"PKER001","NAME":"TAMPINES ECO GREEN PK","N_RESERVE":0,"INC_CRC":"0D556B4CC8915B80","FMEL_UPD_D":"20260115000106","SHAPE_1.AREA":364562.23540764,"SHAPE_1.LEN":2536.67618705271}},
{"type":"Feature","geometry":{"type":"MultiPolygon","coordinates":[[[[103.84455683803601,1.3507107862432606],[103.84422833355976,1.3509961056764122],[103.84394700114977,1.3507191634148432],[103.84428762707527,1.350397181030952],[103.84455683803601,1.3507107862432606]]],[[[103.84459055231062,1.3507500364062504],[103.84498702639192,1.3509604430451267],[103.84462877998328,1.3513542321426357],[103.84425670133912,1.3510259947920706],[103.84459055231062,1.3507500364062504]]]]},"properties":{"OBJECTID_1":166662,"L_CODE":"NA544","NAME":"CLOVER CRESCENT PG","N_RESERVE":0,"INC_CRC":"1CB42AD761CD3F67","FMEL_UPD_D":"20260115000106","SHAPE_1.AREA":4811.288261725,"SHAPE_1.LEN":404.373835591525}},
{"type":"Feature","geometry":{"type":"Polygon","coordinates":[[[103.83781656872492,1.3881248923002183],[103.8374473083623,1.3886804800434194],[103.83732783343517,1.388637622432958],[103.83753039873794,1.3880684333751303],[103.83781656872492,1.3881248923002183]]]},"properties":{"OBJECTID_1":166663,"L_CODE":"NS514","NAME":"LENTOR RD PG","N_RESERVE":0,"INC_CRC":"F2BD87F4F8EF8261","FMEL_UPD_D":"20260115000106","SHAPE_1.AREA":1817.14624445,"SHAPE_1.LEN":213.588838232273}},
{"type":"Feature","geometry":{"type":"Polygon","coordinates":[[[103.96070937485581,1.344355439214363],[103.9601404034234,1.344608039304715],[103.95985405940634,1.3437298642363353],[103.96003220698088,1.343560495024698],[103.960226788384,1.3442292055816123],[103.96060744787465,1.3441149836880217],[103.96070937485581,1.344355439214363]]]},"properties":{"OBJECTID_1":166664,"L_CODE":"EC516","NAME":"MERAGI RD PG","N_RESERVE":0,"INC_CRC":"76BB9B24FE952176","FMEL_UPD_D":"20260115000106","SHAPE_1.AREA":3900.71126465,"SHAPE_1.LEN":349.627215682061}},
{"type":"Feature","geometry":{"type":"Polygon","coordinates":[[[103.86665014738905,1.378882559234947],[103.86665376487112,1.3788053310146733],[103.86669187057576,1.3787332698446213],[103.86669164321539,1.3787317423769205],[103.86669115072355,1.3787264590889936],[103.86668926802864,1.3787132843398293],[103.86668812762774,1.3787053024386624],[103.8666875030281,1.3786987602778162],[103.86668631055727,1.3786941787862685],[103.86667018208459,1.3786958665569122],[103.8666699259644,1.378693943882517],[103.86666630811311,1.3786799733173953],[103.86666608163341,1.3786771571308845],[103.86666518836654,1.378671059920934],[103.86666476599696,1.3786681813360615],[103.86666392215635,1.3786624232619387],[103.8666638286958,1.3786617838778605],[103.86681146217899,1.378765576561665],[103.86721775563574,1.3794527328153368],[103.86662483131691,1.379424384901765],[103.8666477578925,1.3789335717323838],[103.86664937574338,1.378899033141615],[103.86665014738905,1.378882559234947]]]},"properties":{"OBJECTID_1":166665,"L_CODE":"NP531","NAME":"STRATTON WALK PG","N_RESERVE":0,"INC_CRC":"074B4D81757F1E07","FMEL_UPD_D":"20260422000213","SHAPE_1.AREA":3438.10880081,"SHAPE_1.LEN":321.25388691151}},
{"type":"Feature","geometry":{"type":"Polygon","coordinates":[[[103.95169733734393,1.3209288158712884],[103.95166599369237,1.3206921546952453],[103.95175651584816,1.3205484208954503],[103.95192700370806,1.3206727345529048],[103.95169733734393,1.3209288158712884]]]},"properties":{"OBJECTID_1":166666,"L_CODE":"EC523","NAME":"KEW DR PG","N_RESERVE":0,"INC_CRC":"65C96E2F1047880A","FMEL_UPD_D":"20260115000106","SHAPE_1.AREA":839.638414265,"SHAPE_1.LEN":149.221574137344}},
{"type":"Feature","geometry":{"type":"Polygon","coordinates":[[[103.85826378737626,1.3111246448808809],[103.85865979088231,1.3117044561773772],[103.85818978544907,1.312021474184454],[103.85764355475084,1.3113754874038537],[103.85802105175222,1.3110499675826544],[103.85826378737626,1.3111246448808809]]]},"properties":{"OBJECTID_1":166667,"L_CODE":"ST515","NAME":"SOMME RD PG","N_RESERVE":0,"INC_CRC":"7FF1E02BF1BD413D","FMEL_UPD_D":"20260115000106","SHAPE_1.AREA":6717.76843165,"SHAPE_1.LEN":333.929846630138}},
{"type":"Feature","geometry":{"type":"Polygon","coordinates":[[[104.05358542024814,1.4337622254178393],[104.05337567395385,1.4336904388552163],[104.05312459329168,1.4330602067085265],[104.05314997471795,1.4328330849184938],[104.05346025447705,1.4325236300664743],[104.054079567182,1.4323062522125218],[104.05443900681144,1.4326453602768936],[104.05425033422301,1.4333326447210184],[104.05358542024814,1.4337622254178393]]]},"properties":{"OBJECTID_1":166668,"L_CODE":"NRNP23","NAME":"PULAU UNUM","N_RESERVE":0,"INC_CRC":"27456A270261184D","FMEL_UPD_D":"20260115000106","SHAPE_1.AREA":16072.922436685,"SHAPE_1.LEN":475.428221457491}},
{"type":"Feature","geometry":{"type":"Polygon","coordinates":[[[103.86627801897151,1.3860291819027541],[103.86539642793346,1.386189573993387],[103.86521018406262,1.3851481289987004],[103.86609191939934,1.384987528979479],[103.86627801897151,1.3860291819027541]]]},"properties":{"OBJECTID_1":166669,"L_CODE":"NP521","NAME":"NERAM CRESCENT PG","N_RESERVE":0,"INC_CRC":"E8BEFD596C1227F2","FMEL_UPD_D":"20260115000106","SHAPE_1.AREA":11667.7676716,"SHAPE_1.LEN":433.45564905692}},
{"type":"Feature","geometry":{"type":"Polygon","coordinates":[[[103.8670315844314,1.3835210171152386],[103.86683717725658,1.383556443824654],[103.86665026075724,1.3826366630340654],[103.86687050132055,1.3826245776102086],[103.8670315844314,1.3835210171152386]]]},"properties":{"OBJECTID_1":166670,"L_CODE":"NP524","NAME":"NIM CRESCENT OS","N_RESERVE":0,"INC_CRC":"513D5B87C76A5627","FMEL_UPD_D":"20260115000106","SHAPE_1.AREA":2434.725202635,"SHAPE_1.LEN":254.404906709299}},
{"type":"Feature","geometry":{"type":"Polygon","coordinates":[[[103.75045010012114,1.389307013057128],[103.74916186820641,1.3894592167675937],[103.74804199133723,1.3894216009672231],[103.74775570405669,1.3887928121903739],[103.74751908782584,1.3880806881368752],[103.74685458338301,1.387936823920915],[103.74667018369047,1.3890277666205828],[103.74608608307341,1.3887777835581296],[103.74603594527338,1.3884575024119032],[103.74626439063013,1.3869747994459491],[103.74624807425644,1.3858937367453061],[103.74657649356251,1.385945790449041],[103.74665503919685,1.3854441512563238],[103.74632400601766,1.385391658854901],[103.74663827804153,1.3847279836678765],[103.74703048769891,1.3842895646255637],[103.74751921423922,1.3845195981986613],[103.74809810903876,1.3853600077273458],[103.74794113305127,1.3854686431861511],[103.7483686631248,1.388828648127303],[103.74884367862123,1.3888004672189864],[103.7490451890889,1.389023221817547],[103.74968909095304,1.389231922118948],[103.75045010012114,1.389307013057128]]]},"properties":{"OBJECTID_1":166671,"L_CODE":"NW502","NAME":"CHOA CHU KANG PK","N_RESERVE":0,"INC_CRC":"E5288AFFCAF428E6","FMEL_UPD_D":"20260422000213","SHAPE_1.AREA":100489.10782654,"SHAPE_1.LEN":2448.3356413761}},
{"type":"Feature","geometry":{"type":"MultiPolygon","coordinates":[[[[103.94927459708536,1.3109675877160745],[103.94917250267412,1.311501951547212],[103.94821359859759,1.3111166759333037],[103.94927459708536,1.3109675877160745]]],[[[103.93821809144747,1.3076233045673922],[103.93846664416033,1.3070726535672776],[103.9387837518277,1.3070081057339262],[103.93897735738713,1.3071670710323087],[103.94003814276957,1.3076071667937108],[103.94011616467168,1.3076979470474317],[103.94181695173289,1.308493997170101],[103.94259681739922,1.3088095831150814],[103.94327100642914,1.3087824759328668],[103.94422055663027,1.3091815265617528],[103.94476592196935,1.3093372407772523],[103.94547443487963,1.3096388547401085],[103.94665650268189,1.3099386138366955],[103.94788041196244,1.3103462898569385],[103.9486963477791,1.310532890973302],[103.94911393055534,1.3103604819336563],[103.94940734463218,1.310611964346345],[103.95033963155548,1.3109319330972078],[103.95083033204938,1.3109979510689866],[103.95124969883834,1.3108170351571156],[103.95129351480053,1.31062751843007],[103.95223608434426,1.311069518863459],[103.95196281908272,1.311889160408448],[103.9519570251492,1.3119061048256826],[103.95194599783896,1.3119370942463522],[103.95163668695234,1.3117766361382792],[103.94941077542818,1.3108687788204307],[103.94913001877255,1.3108438332947279],[103.94709200357347,1.3113023877532222],[103.94655055884951,1.3113642328970874],[103.94473957526688,1.3113210481301445],[103.94378403842674,1.311176760731541],[103.94051859623612,1.3102724590361998],[103.94013485664874,1.3099381378979653],[103.9394024050888,1.3099573706433685],[103.93757990811095,1.3094546623488585],[103.93819716768581,1.307683086569262],[103.93821809144747,1.3076233045673922]]]]},"properties":{"OBJECTID_1":166613,"L_CODE":"EE505","NAME":"EAST COAST PARK AREA F","N_RESERVE":0,"INC_CRC":"42A676FB76A8BAE8","FMEL_UPD_D":"20260422000213","SHAPE_1.AREA":277536.35059279,"SHAPE_1.LEN":4861.20292023238}},
{"type":"Feature","geometry":{"type":"Polygon","coordinates":[[[103.8673895539248,1.3571494204464831],[103.86771616273698,1.3570236811348368],[103.86762389591476,1.3575110081558956],[103.8673895539248,1.3571494204464831]]]},"properties":{"OBJECTID_1":166614,"L_CODE":"NA533","NAME":"CHUAN WALK PG","N_RESERVE":0,"INC_CRC":"41BDE3D4D5B45C05","FMEL_UPD_D":"20260115000106","SHAPE_1.AREA":1034.39733035,"SHAPE_1.LEN":144.326095890286}},
{"type":"Feature","geometry":{"type":"Polygon","coordinates":[[[103.85161215293822,1.3906688785496732],[103.8518159716278,1.389462035637597],[103.85256862201874,1.3896755128733738],[103.85286318344119,1.3906045907908635],[103.85161215293822,1.3906688785496732]]]},"properties":{"OBJECTID_1":166615,"L_CODE":"NA524","NAME":"CACTUS RD PG","N_RESERVE":0,"INC_CRC":"AF589DF792D03A83","FMEL_UPD_D":"20260115000106","SHAPE_1.AREA":13265.728207975,"SHAPE_1.LEN":470.007619423581}},
{"type":"Feature","geometry":{"type":"Polygon","coordinates":[[[103.9555150059258,1.3404114019614555],[103.95486885797777,1.341236203834888],[103.9552525794234,1.340354929548523],[103.9555150059258,1.3404114019614555]]]},"properties":{"OBJECTID_1":166616,"L_CODE":"EC520","NAME":"HARVEY CRESCENT PG","N_RESERVE":0,"INC_CRC":"1ECA4E6DA90274DD","FMEL_UPD_D":"20260115000106","SHAPE_1.AREA":1625.223554005,"SHAPE_1.LEN":255.818831291198}},
{"type":"Feature","geometry":{"type":"Polygon","coordinates":[[[103.78830385583119,1.3222521683262285],[103.7883499464778,1.3225357579343857],[103.78783232265526,1.3225807640796854],[103.78778466462201,1.3221695315457145],[103.78825028614263,1.322040480973227],[103.78830385583119,1.3222521683262285]]]},"properties":{"OBJECTID_1":166617,"L_CODE":"WB518","NAME":"GREENLEAF VIEW PK PG","N_RESERVE":0,"INC_CRC":"0F23E242F6394DEE","FMEL_UPD_D":"20260115000106","SHAPE_1.AREA":2925.5481299,"SHAPE_1.LEN":222.117789453756}},
{"type":"Feature","geometry":{"type":"Polygon","coordinates":[[[103.8846141520576,1.3447035367664095],[103.88495857138405,1.3450932823552126],[103.8844907208067,1.3448110854484767],[103.8846141520576,1.3447035367664095]]]},"properties":{"OBJECTID_1":166618,"L_CODE":"NP514","NAME":"TAI KENG PLACE PG","N_RESERVE":0,"INC_CRC":"553FC3DE80005C92","FMEL_UPD_D":"20260115000106","SHAPE_1.AREA":1012.15661265,"SHAPE_1.LEN":218.593316303186}},
{"type":"Feature","geometry":{"type":"MultiPolygon","coordinates":[[[[103.78410851161715,1.2880602549439562],[103.7843170365626,1.2889661338295963],[103.78421941682464,1.2890843866451147],[103.7837240816682,1.2889061086442741],[103.78398341716205,1.288509062408548],[103.78410851161715,1.2880602549439562]]],[[[103.79451347986225,1.2775714166809273],[103.79411161076501,1.2775876511213458],[103.79388646577534,1.2767877876759952],[103.79451347986225,1.2775714166809273]]],[[[103.7944930267327,1.2793474621226921],[103.794039857955,1.2790747512275347],[103.79422001568402,1.2784172075757323],[103.79419968210186,1.2778027465848187],[103.79463141905609,1.277876314195845],[103.79520138280546,1.2788420667654528],[103.79505404375892,1.2788743847459807],[103.79454631337944,1.278225095640085],[103.79422360423938,1.278311810250245],[103.79432023332349,1.2787619393852105],[103.79457318577266,1.279134237649675],[103.7944930267327,1.2793474621226921]]],[[[103.79215244015643,1.2854499598735214],[103.79155636194585,1.285810981547535],[103.79076786504928,1.2864307937453519],[103.7903013917513,1.2871729020697953],[103.79003392042898,1.2873949832414135],[103.789757405055,1.2878931965920475],[103.78903827220101,1.2886419627483567],[103.78820055278685,1.2892032599267707],[103.7877825880225,1.2891731823140347],[103.78691439412331,1.2884954357160805],[103.78745903926274,1.2877862682499677],[103.78787329729835,1.2875637748949391],[103.78797055625381,1.2870017049903397],[103.78698473444885,1.286910907036037],[103.78689718906476,1.2878888690273407],[103.7863232943275,1.2887030036103757],[103.78561971616931,1.2888532958366334],[103.78539261115358,1.289031233412102],[103.78533877681005,1.289418661265143],[103.78474582222405,1.2898089935820614],[103.78454926941082,1.28964870022599],[103.78409394742795,1.2898715268257595],[103.78360471067892,1.2893614294285558],[103.78272455401635,1.2900835814110359],[103.78247855738084,1.289964154236614],[103.78307555406572,1.2896603629971595],[103.78321123302177,1.2892387419018092],[103.78351408023926,1.2890844542495319],[103.78420970882503,1.2892804979084604],[103.78450046459119,1.2889708762460055],[103.78435574237646,1.288199252430371],[103.78414514400117,1.2876495204060079],[103.78423446604566,1.2872765441075684],[103.78468713121129,1.2868773210997622],[103.78549979007506,1.2872926750418845],[103.78576881958402,1.2869383862376154],[103.78568004507504,1.286386576571441],[103.78578020216789,1.2860713992534782],[103.78674686441994,1.285397005376584],[103.78734317683266,1.2845310871325044],[103.78766042739733,1.2838390640022108],[103.78792631414532,1.283835804011569],[103.78853876384619,1.2845532473502046],[103.78938440175965,1.2842843402552797],[103.78930634598967,1.2826886055618547],[103.78958748009458,1.2821990687777542],[103.78945989121281,1.2819884581376348],[103.79129620178678,1.2812218953658578],[103.79117839930667,1.2809244840455378],[103.79192792640693,1.2808199789141665],[103.79267200522386,1.2802272160081993],[103.79298269195144,1.2808469368691044],[103.79392325358631,1.2803283346021073],[103.79376624299503,1.2800990323006909],[103.79439524514382,1.2797073923711193],[103.79461887966944,1.279036257658658],[103.79434020198342,1.2786716280184782],[103.79427796391009,1.278313983366939],[103.79450775836474,1.2782638253785328],[103.79500893492234,1.2789055204425692],[103.79530484967175,1.2788226877734865],[103.79565027424526,1.2794493362823012],[103.79600904853503,1.2792695809772416],[103.79648453735821,1.2799747301401412],[103.79670203170613,1.280124029427616],[103.79681835259478,1.2801401577295577],[103.79804576330562,1.2801478675498206],[103.79706047288792,1.2802480971220305],[103.79667861667495,1.2801896416584753],[103.7963981245898,1.2800018507882482],[103.79627573198597,1.2796939327078947],[103.79590149810649,1.279453946817254],[103.79501736679032,1.2802383036945417],[103.79472423806706,1.2806927036615414],[103.79424505013934,1.2804746657730395],[103.79370218032373,1.2808349382037623],[103.79343316721393,1.2820993172670239],[103.79330796018631,1.2822844080076858],[103.79164492257956,1.2841695620339308],[103.79111540542257,1.2843286147548933],[103.79119797043013,1.2844912588766635],[103.79131186137302,1.2846449141297078],[103.79143212560514,1.284747371590493],[103.79152904289599,1.2846963145675592],[103.79152915341282,1.2846965307125346],[103.7918401850015,1.2853412393013546],[103.79215244020021,1.2854472268834836],[103.79215179770443,1.2854497183977278],[103.79215244015643,1.2854499598735214]]]]},"properties":{"OBJECTID_1":166619,"L_CODE":"WP503","NAME":"KENT RIDGE PARK","N_RESERVE":0,"INC_CRC":"8E09F95FF269921C","FMEL_UPD_D":"20260115000106","SHAPE_1.AREA":473581.868607731,"SHAPE_1.LEN":8485.7500714684}},
{"type":"Feature","geometry":{"type":"Polygon","coordinates":[[[103.98695507358764,1.3917065932198558],[103.98629658243574,1.3918342135691335],[103.98538211813998,1.3922229294108623],[103.98526493888139,1.3925939357042498],[103.98512706798333,1.3926122534292764],[103.98490191914472,1.3923605870740443],[103.98403468720961,1.3922981426312433],[103.98306530085614,1.392451669419333],[103.98235371634352,1.3929293476467546],[103.98182034826525,1.3929528641644326],[103.98151642058238,1.392584907939274],[103.98118357757848,1.3924453525938822],[103.98035397186752,1.3924737718989326],[103.98048925156768,1.392241890641286],[103.98148464597868,1.392497568565304],[103.98180706892146,1.3929211562989796],[103.98236824388817,1.3928906852880705],[103.98312779265397,1.392385970832152],[103.98411402460562,1.392020798957614],[103.98474321163101,1.3922028189089026],[103.9851544061688,1.3925828680668875],[103.98534971778511,1.3922585407242063],[103.9853161305632,1.392100076261386],[103.98694616244052,1.3914847378082056],[103.98691882171882,1.3916271764340753],[103.98695507358764,1.3917065932198558]]]},"properties":{"OBJECTID_1":166620,"L_CODE":"EC592","NAME":"CHANGI EAST BOARDWALK (CHANGI FERRY TER)","N_RESERVE":0,"INC_CRC":"84D33AE3444806E7","FMEL_UPD_D":"20260115000106","SHAPE_1.AREA":9617.88529813,"SHAPE_1.LEN":1873.63801426767}}
]}