{"type":"FeatureCollection","note":"Risk contour bands generated from public/data/risk-grid.json by scripts/build-risk-contours.mjs. Bilinear upsampled 4x then Chaikin-smoothed; the curves interpolate between computed cells and do not add information.","features":[{"type":"Feature","properties":{"band":"moderate","threshold":35},"geometry":{"type":"MultiPolygon","coordinates":[[[[103.80023,1.27017],[103.80044,1.27004],[103.80065,1.26987],[103.8008,1.26965],[103.80089,1.26944],[103.80096,1.26923],[103.801,1.26899],[103.80081,1.26879],[103.80061,1.26873],[103.80036,1.26867],[103.80013,1.26863],[103.7999,1.26861],[103.79966,1.26864],[103.79943,1.2687],[103.7992,1.26877],[103.79899,1.26884],[103.79898,1.26905],[103.7991,1.26925],[103.79923,1.26947],[103.79938,1.2697],[103.79955,1.26993],[103.79971,1.27015],[103.79986,1.27036],[103.80007,1.27026],[103.80023,1.27017]]],[[[103.80306,1.27227],[103.80311,1.27205],[103.8031,1.27183],[103.803,1.27162],[103.80279,1.27156],[103.80259,1.27165],[103.80242,1.27186],[103.80243,1.27209],[103.80255,1.27232],[103.80268,1.27255],[103.80281,1.27276],[103.80298,1.27255],[103.80304,1.27232],[103.80306,1.27227]]],[[[103.84228,1.28802],[103.84243,1.28782],[103.84258,1.28761],[103.84282,1.28741],[103.84302,1.28724],[103.84325,1.28705],[103.84345,1.28689],[103.84357,1.28668],[103.84366,1.28648],[103.84375,1.28624],[103.84384,1.28601],[103.84393,1.28577],[103.84401,1.28556],[103.84408,1.28535],[103.84415,1.28513],[103.84422,1.28491],[103.8443,1.28467],[103.84436,1.28446],[103.84442,1.28423],[103.84445,1.28399],[103.84442,1.28376],[103.84434,1.28353],[103.84423,1.28333],[103.84412,1.28313],[103.84399,1.2829],[103.84386,1.28268],[103.84374,1.28246],[103.84361,1.28222],[103.84349,1.28202],[103.84337,1.28181],[103.84324,1.2816],[103.8431,1.28136],[103.84297,1.28114],[103.84284,1.28092],[103.84269,1.28071],[103.84251,1.28051],[103.84232,1.2803],[103.84211,1.28008],[103.84189,1.27994],[103.84169,1.27993],[103.84148,1.27996],[103.84126,1.28001],[103.84105,1.28005],[103.84084,1.2801],[103.84063,1.28015],[103.84041,1.28019],[103.8402,1.28023],[103.83998,1.28028],[103.83974,1.28033],[103.83951,1.28037],[103.83927,1.28042],[103.83906,1.28048],[103.83884,1.28061],[103.83875,1.28084],[103.83874,1.28105],[103.83876,1.28127],[103.83878,1.28149],[103.83881,1.28171],[103.83885,1.28192],[103.83891,1.28213],[103.839,1.28235],[103.83907,1.28256],[103.83914,1.28277],[103.8392,1.28301],[103.83926,1.28324],[103.83931,1.28348],[103.83934,1.28371],[103.83935,1.28395],[103.83935,1.28418],[103.83933,1.28441],[103.83931,1.28465],[103.83929,1.28488],[103.83926,1.28512],[103.83923,1.28535],[103.8392,1.28559],[103.83916,1.28582],[103.83911,1.28605],[103.83905,1.28629],[103.83898,1.28652],[103.83892,1.28674],[103.83898,1.28695],[103.83918,1.28708],[103.83941,1.28723],[103.83963,1.28738],[103.83984,1.28751],[103.84006,1.28764],[103.84026,1.28776],[103.84048,1.28789],[103.84068,1.288],[103.8409,1.28812],[103.84111,1.28823],[103.84131,1.28834],[103.84152,1.28845],[103.84173,1.28854],[103.84193,1.28852],[103.84208,1.2883],[103.84224,1.28807],[103.84228,1.28802]]],[[[103.8725,1.29654],[103.8727,1.29639],[103.87293,1.29623],[103.87315,1.29609],[103.87336,1.29596],[103.87322,1.29575],[103.87298,1.29565],[103.87274,1.29557],[103.87251,1.2955],[103.87227,1.29545],[103.87204,1.29542],[103.8718,1.29542],[103.87157,1.29544],[103.87134,1.29549],[103.8711,1.29556],[103.87087,1.29563],[103.87064,1.29572],[103.87042,1.2958],[103.87047,1.296],[103.87068,1.29614],[103.8709,1.29629],[103.8711,1.29643],[103.87132,1.2966],[103.87154,1.2968],[103.87176,1.29697],[103.87199,1.29697],[103.87221,1.2968],[103.87241,1.29661],[103.8725,1.29654]]],[[[103.849,1.30018],[103.84921,1.30005],[103.84942,1.29991],[103.84964,1.29974],[103.84985,1.29954],[103.85005,1.29934],[103.85022,1.29913],[103.85038,1.29892],[103.85052,1.29872],[103.85069,1.29848],[103.85083,1.29827],[103.85093,1.29805],[103.85101,1.29782],[103.8511,1.29759],[103.8512,1.29735],[103.85131,1.29712],[103.85142,1.29689],[103.85154,1.29667],[103.85167,1.29646],[103.85182,1.29625],[103.85199,1.29601],[103.85209,1.2958],[103.85216,1.29557],[103.8522,1.29534],[103.85224,1.2951],[103.85229,1.29487],[103.85233,1.29464],[103.85236,1.29444],[103.85241,1.29421],[103.85245,1.29398],[103.8525,1.29374],[103.85254,1.29351],[103.85259,1.29327],[103.85262,1.29304],[103.85261,1.2928],[103.85256,1.29257],[103.85248,1.29235],[103.85241,1.29214],[103.85231,1.29191],[103.85222,1.29169],[103.85212,1.29148],[103.85201,1.29125],[103.85189,1.29102],[103.85178,1.29082],[103.85166,1.2906],[103.85153,1.2904],[103.85139,1.29019],[103.85123,1.28999],[103.85102,1.28983],[103.8508,1.28975],[103.85057,1.28964],[103.85034,1.28953],[103.85013,1.28942],[103.84991,1.2893],[103.8497,1.28918],[103.84949,1.28906],[103.84926,1.28891],[103.84902,1.28875],[103.84881,1.2886],[103.84861,1.28845],[103.8484,1.28829],[103.84817,1.28809],[103.84794,1.28797],[103.84773,1.28801],[103.84752,1.28819],[103.84734,1.28841],[103.84722,1.28862],[103.84714,1.28882],[103.84707,1.28903],[103.84702,1.28923],[103.84697,1.28948],[103.84692,1.28971],[103.84686,1.28995],[103.84678,1.29018],[103.8467,1.29041],[103.8466,1.29064],[103.84649,1.29086],[103.84637,1.29107],[103.84623,1.29127],[103.84603,1.2915],[103.84581,1.29171],[103.84561,1.29189],[103.84539,1.29204],[103.84518,1.29217],[103.84498,1.29226],[103.84478,1.29233],[103.84457,1.29239],[103.84434,1.29245],[103.8441,1.29253],[103.84387,1.29263],[103.84364,1.29274],[103.84344,1.29284],[103.84331,1.29307],[103.84325,1.29327],[103.84318,1.29351],[103.8431,1.29374],[103.84303,1.29398],[103.84296,1.29421],[103.84288,1.29445],[103.84281,1.29468],[103.84274,1.2949],[103.84268,1.29511],[103.84261,1.29532],[103.84255,1.29552],[103.84249,1.29575],[103.84249,1.29595],[103.84252,1.29616],[103.84257,1.29637],[103.84262,1.29658],[103.84268,1.29678],[103.84275,1.29702],[103.84281,1.29726],[103.84288,1.29749],[103.84294,1.29773],[103.84301,1.29796],[103.84308,1.2982],[103.84314,1.29843],[103.84321,1.29865],[103.84328,1.29885],[103.84347,1.29905],[103.84368,1.29923],[103.8439,1.29941],[103.84411,1.29958],[103.84432,1.29971],[103.84455,1.29983],[103.84477,1.29994],[103.84499,1.30003],[103.84523,1.30009],[103.84546,1.30014],[103.8457,1.30019],[103.84593,1.30024],[103.84615,1.30029],[103.84637,1.30034],[103.84658,1.30038],[103.84682,1.30044],[103.84704,1.3005],[103.84725,1.30055],[103.84748,1.30061],[103.84771,1.30065],[103.84795,1.30064],[103.84818,1.30058],[103.8484,1.30049],[103.84861,1.30041],[103.84882,1.30029],[103.849,1.30018]]],[[[103.92023,1.30562],[103.92046,1.30561],[103.9207,1.30561],[103.92093,1.3056],[103.92116,1.3056],[103.9214,1.30559],[103.92163,1.30559],[103.92187,1.30558],[103.9221,1.30557],[103.92234,1.30556],[103.92257,1.30555],[103.9228,1.30552],[103.92304,1.30546],[103.92327,1.30538],[103.92351,1.30528],[103.92374,1.30518],[103.92398,1.30507],[103.92418,1.30497],[103.92398,1.30483],[103.92374,1.3048],[103.92351,1.30478],[103.92327,1.30475],[103.92304,1.30473],[103.9228,1.30471],[103.92257,1.3047],[103.92234,1.30469],[103.9221,1.30467],[103.92187,1.30466],[103.92163,1.30465],[103.9214,1.30464],[103.92116,1.30463],[103.92093,1.30462],[103.9207,1.30461],[103.92046,1.30459],[103.92023,1.30458],[103.91999,1.30457],[103.91976,1.30455],[103.91952,1.30454],[103.91929,1.30451],[103.91905,1.30449],[103.91882,1.30447],[103.91859,1.30445],[103.91835,1.30443],[103.91812,1.30442],[103.91788,1.3044],[103.91765,1.30438],[103.91741,1.30436],[103.91718,1.30434],[103.91695,1.30432],[103.91671,1.3043],[103.91648,1.30427],[103.91625,1.30425],[103.91605,1.30422],[103.91582,1.30418],[103.91562,1.30413],[103.91541,1.30407],[103.91519,1.30392],[103.91498,1.30377],[103.91475,1.30359],[103.91457,1.30338],[103.9145,1.30315],[103.91443,1.30293],[103.91437,1.3027],[103.91433,1.30246],[103.91429,1.30223],[103.91425,1.30201],[103.91416,1.30181],[103.91394,1.3016],[103.91374,1.30154],[103.91352,1.30154],[103.91329,1.30157],[103.91305,1.30159],[103.91282,1.30162],[103.91259,1.30165],[103.91235,1.30168],[103.91212,1.30171],[103.91188,1.30174],[103.91165,1.30177],[103.91141,1.3018],[103.91118,1.30183],[103.91095,1.30183],[103.91071,1.3018],[103.91048,1.30172],[103.91025,1.30162],[103.91003,1.30151],[103.90982,1.30137],[103.90961,1.30122],[103.90941,1.30105],[103.90925,1.30082],[103.90911,1.30059],[103.90899,1.30038],[103.9089,1.30016],[103.90881,1.29993],[103.90874,1.29973],[103.90868,1.29952],[103.90863,1.2993],[103.90858,1.29908],[103.90848,1.29886],[103.90831,1.29864],[103.9081,1.29845],[103.90789,1.2983],[103.90766,1.29822],[103.90743,1.29821],[103.9072,1.29821],[103.90696,1.29821],[103.90673,1.29821],[103.90649,1.29821],[103.90626,1.29821],[103.90602,1.29821],[103.90579,1.29821],[103.90555,1.29821],[103.90532,1.29821],[103.90509,1.29821],[103.90485,1.29821],[103.90462,1.29822],[103.90438,1.29823],[103.90415,1.29823],[103.90391,1.29824],[103.90368,1.29825],[103.90345,1.29826],[103.90321,1.29827],[103.90298,1.29828],[103.90274,1.29828],[103.90251,1.29829],[103.90227,1.2983],[103.90204,1.29831],[103.9018,1.29831],[103.90157,1.29831],[103.90134,1.29831],[103.9011,1.2983],[103.90087,1.2983],[103.90063,1.29829],[103.9004,1.29829],[103.90016,1.29828],[103.89993,1.29828],[103.8997,1.29828],[103.89946,1.29827],[103.89923,1.29827],[103.89899,1.29826],[103.89876,1.29825],[103.89852,1.29823],[103.8983,1.29821],[103.89808,1.29819],[103.89785,1.29817],[103.89763,1.29814],[103.89743,1.2981],[103.89722,1.29805],[103.89702,1.29798],[103.8968,1.2979],[103.89659,1.29779],[103.89637,1.29763],[103.89617,1.29742],[103.89602,1.2972],[103.89592,1.29699],[103.89578,1.29679],[103.8956,1.29658],[103.89547,1.29636],[103.89535,1.29614],[103.89523,1.29593],[103.895,1.29582],[103.89477,1.29577],[103.89454,1.29571],[103.8943,1.29566],[103.89407,1.29561],[103.89384,1.29556],[103.8936,1.29551],[103.89337,1.29547],[103.89313,1.29543],[103.8929,1.2954],[103.89266,1.29538],[103.89243,1.29538],[103.8922,1.29539],[103.89196,1.29539],[103.89173,1.2954],[103.89149,1.2954],[103.89126,1.29541],[103.89102,1.29541],[103.89079,1.29542],[103.89055,1.29542],[103.89032,1.29543],[103.89009,1.29544],[103.88986,1.29551],[103.88964,1.29567],[103.8895,1.2959],[103.88945,1.29614],[103.88945,1.29637],[103.88946,1.2966],[103.88947,1.29684],[103.88949,1.29707],[103.88951,1.2973],[103.88954,1.29754],[103.88959,1.29777],[103.88964,1.29798],[103.88972,1.29821],[103.88993,1.2984],[103.89014,1.29845],[103.89037,1.29846],[103.8906,1.29846],[103.89084,1.29847],[103.89107,1.29847],[103.8913,1.29847],[103.89154,1.29848],[103.89177,1.29848],[103.89201,1.29849],[103.89224,1.29849],[103.89248,1.29849],[103.89271,1.29851],[103.89292,1.29856],[103.89316,1.29868],[103.89338,1.29881],[103.8936,1.29891],[103.89381,1.29897],[103.89402,1.29903],[103.89426,1.2991],[103.89449,1.29916],[103.89473,1.29922],[103.89496,1.29927],[103.8952,1.29933],[103.89543,1.29938],[103.89566,1.29943],[103.89588,1.29948],[103.89609,1.29953],[103.89632,1.29958],[103.89653,1.29963],[103.89675,1.29968],[103.89698,1.29973],[103.89721,1.29979],[103.89745,1.29984],[103.89768,1.29989],[103.89791,1.29995],[103.89815,1.3],[103.89838,1.30005],[103.89862,1.3001],[103.89885,1.30015],[103.89909,1.3002],[103.89932,1.30024],[103.89952,1.30028],[103.89975,1.30032],[103.89996,1.30037],[103.90018,1.30042],[103.9004,1.30048],[103.90064,1.30055],[103.90087,1.30063],[103.9011,1.30071],[103.90134,1.30081],[103.90157,1.30091],[103.90178,1.30102],[103.90199,1.30112],[103.90221,1.30128],[103.90244,1.30143],[103.90267,1.3016],[103.90287,1.30177],[103.90308,1.30194],[103.9033,1.30211],[103.90353,1.30227],[103.90377,1.30243],[103.90398,1.30258],[103.9042,1.30272],[103.90443,1.30286],[103.90466,1.30299],[103.9049,1.3031],[103.90513,1.30319],[103.90536,1.30325],[103.90558,1.3033],[103.90579,1.30336],[103.90599,1.3034],[103.90621,1.30345],[103.90643,1.30349],[103.90664,1.30353],[103.90687,1.30358],[103.9071,1.30362],[103.90734,1.30366],[103.90757,1.3037],[103.9078,1.30371],[103.90804,1.3037],[103.90827,1.30366],[103.9085,1.3036],[103.90871,1.30354],[103.90893,1.30347],[103.90914,1.3034],[103.90936,1.3033],[103.90956,1.30319],[103.90977,1.30306],[103.90998,1.30293],[103.91018,1.30279],[103.91038,1.30257],[103.91054,1.30236],[103.9107,1.30215],[103.91091,1.30206],[103.91114,1.30219],[103.91133,1.3024],[103.91151,1.30261],[103.91167,1.30283],[103.91181,1.30305],[103.91196,1.30328],[103.9121,1.30352],[103.91223,1.30375],[103.91234,1.30396],[103.91244,1.30417],[103.91254,1.30439],[103.91264,1.30461],[103.91277,1.30482],[103.91297,1.30498],[103.91319,1.30507],[103.91343,1.30516],[103.91366,1.30525],[103.9139,1.30532],[103.91413,1.30537],[103.91437,1.30542],[103.9146,1.30546],[103.91484,1.3055],[103.91507,1.30554],[103.91529,1.30558],[103.9155,1.30561],[103.91572,1.30564],[103.91594,1.30568],[103.91617,1.30571],[103.91639,1.30573],[103.91662,1.30576],[103.91685,1.30578],[103.91709,1.30579],[103.91732,1.30578],[103.91755,1.30577],[103.91779,1.30576],[103.91802,1.30575],[103.91826,1.30574],[103.91849,1.30572],[103.91873,1.30571],[103.91896,1.3057],[103.9192,1.30568],[103.91943,1.30566],[103.91965,1.30564],[103.91986,1.30563],[103.92007,1.30562],[103.92023,1.30562]]],[[[103.94277,1.31127],[103.94295,1.31107],[103.94308,1.31087],[103.94286,1.31082],[103.94263,1.31077],[103.9424,1.31072],[103.94216,1.31067],[103.94193,1.31063],[103.9417,1.31058],[103.94146,1.31054],[103.94123,1.3105],[103.94099,1.31046],[103.94076,1.31044],[103.94052,1.31042],[103.94029,1.31041],[103.94005,1.3104],[103.93982,1.31039],[103.93959,1.31038],[103.93935,1.31037],[103.93912,1.31036],[103.93888,1.31036],[103.93865,1.31035],[103.93841,1.31034],[103.93818,1.31033],[103.93795,1.31033],[103.93771,1.31033],[103.93748,1.31035],[103.93724,1.31037],[103.93701,1.31039],[103.93677,1.31042],[103.93654,1.31045],[103.9363,1.3105],[103.93607,1.31055],[103.93584,1.31061],[103.93561,1.31068],[103.9354,1.31077],[103.9354,1.31098],[103.93561,1.31109],[103.93584,1.31121],[103.93607,1.31132],[103.93627,1.31142],[103.93648,1.31152],[103.9367,1.31163],[103.93692,1.31173],[103.93715,1.31183],[103.93739,1.31193],[103.93762,1.31203],[103.93785,1.31209],[103.93809,1.31213],[103.93832,1.31214],[103.93855,1.31214],[103.93879,1.31214],[103.93902,1.31215],[103.93926,1.31215],[103.93949,1.31215],[103.93973,1.31215],[103.93996,1.31215],[103.9402,1.31215],[103.94043,1.31216],[103.94066,1.31215],[103.9409,1.31214],[103.94113,1.3121],[103.94137,1.31205],[103.9416,1.31198],[103.94184,1.3119],[103.94207,1.3118],[103.94228,1.31171],[103.9425,1.31157],[103.94269,1.31136],[103.94277,1.31127]]],[[[103.81598,1.3251],[103.81621,1.32509],[103.81645,1.32507],[103.81668,1.32506],[103.81691,1.32504],[103.81715,1.32503],[103.81738,1.32502],[103.81762,1.325],[103.81785,1.32497],[103.81809,1.32491],[103.81832,1.32484],[103.81855,1.32475],[103.81879,1.32467],[103.81902,1.32459],[103.81923,1.32451],[103.81943,1.32444],[103.81964,1.32437],[103.81986,1.32429],[103.82006,1.32422],[103.8203,1.32414],[103.82052,1.32406],[103.82074,1.32397],[103.82095,1.32386],[103.82115,1.32371],[103.82136,1.32353],[103.82157,1.32334],[103.82178,1.32312],[103.8219,1.32292],[103.82189,1.3227],[103.8218,1.32248],[103.82169,1.32226],[103.82158,1.32204],[103.82147,1.32182],[103.82136,1.32159],[103.82124,1.32135],[103.82112,1.32112],[103.82101,1.32089],[103.82091,1.32069],[103.82075,1.32046],[103.82056,1.32023],[103.82042,1.31999],[103.82036,1.31976],[103.82038,1.31952],[103.82046,1.31929],[103.82055,1.31905],[103.82065,1.31882],[103.82076,1.3186],[103.82087,1.31839],[103.82092,1.31818],[103.82096,1.31798],[103.82101,1.31774],[103.82106,1.31751],[103.82111,1.31727],[103.82115,1.31704],[103.82115,1.3168],[103.82113,1.31657],[103.82108,1.31634],[103.82104,1.3161],[103.821,1.31587],[103.82097,1.31564],[103.82094,1.31543],[103.82091,1.31521],[103.82089,1.31499],[103.82085,1.31479],[103.82079,1.31458],[103.82074,1.31436],[103.82069,1.31413],[103.82064,1.3139],[103.82062,1.31366],[103.8206,1.31343],[103.82059,1.3132],[103.82057,1.31296],[103.82056,1.31273],[103.82055,1.31249],[103.82054,1.31226],[103.82053,1.31202],[103.82051,1.31179],[103.8205,1.31155],[103.82049,1.31132],[103.82049,1.31109],[103.82053,1.31086],[103.82062,1.31065],[103.82073,1.31044],[103.82086,1.31023],[103.82092,1.31003],[103.82097,1.30982],[103.82102,1.30959],[103.82108,1.30935],[103.82113,1.30912],[103.82118,1.30888],[103.82123,1.30865],[103.82127,1.30841],[103.82132,1.30818],[103.82134,1.30795],[103.82134,1.30771],[103.82131,1.30748],[103.82127,1.30724],[103.82123,1.30701],[103.82119,1.30677],[103.82114,1.30654],[103.8211,1.3063],[103.82105,1.30607],[103.821,1.30584],[103.82096,1.30562],[103.82091,1.3054],[103.82068,1.30521],[103.82048,1.30513],[103.82024,1.30507],[103.82001,1.30501],[103.81977,1.30496],[103.81957,1.30491],[103.81937,1.30487],[103.81915,1.30485],[103.81893,1.30483],[103.8187,1.3048],[103.81846,1.30478],[103.81823,1.30475],[103.81802,1.30474],[103.81779,1.30477],[103.81759,1.30486],[103.81737,1.30501],[103.81717,1.30518],[103.81694,1.3054],[103.81675,1.30563],[103.81659,1.30585],[103.81645,1.30608],[103.81633,1.30629],[103.81624,1.30649],[103.81614,1.30673],[103.81606,1.30696],[103.81598,1.3072],[103.81591,1.30743],[103.81585,1.30766],[103.81579,1.30788],[103.81573,1.30809],[103.81567,1.30831],[103.81562,1.30852],[103.81554,1.30875],[103.81546,1.30898],[103.81537,1.30921],[103.81527,1.30945],[103.81516,1.30968],[103.81505,1.3099],[103.81494,1.3101],[103.81472,1.31027],[103.81448,1.31037],[103.81424,1.31048],[103.81401,1.31058],[103.81377,1.31069],[103.81357,1.31078],[103.81337,1.31088],[103.81315,1.31102],[103.81293,1.31115],[103.8127,1.31127],[103.81246,1.31135],[103.81223,1.31141],[103.81199,1.31144],[103.81176,1.31145],[103.81152,1.31144],[103.81129,1.31142],[103.81105,1.3114],[103.81082,1.31139],[103.81059,1.31137],[103.81035,1.31135],[103.81012,1.31134],[103.80988,1.31133],[103.80965,1.31131],[103.80941,1.3113],[103.80918,1.31129],[103.80896,1.31132],[103.80875,1.31151],[103.80862,1.31173],[103.8085,1.31193],[103.80836,1.31215],[103.80822,1.31236],[103.80805,1.31257],[103.80786,1.31279],[103.80767,1.313],[103.80747,1.3132],[103.80726,1.31337],[103.80702,1.31355],[103.80682,1.3137],[103.80661,1.31386],[103.80663,1.31408],[103.80668,1.31429],[103.80672,1.31451],[103.80677,1.31471],[103.80681,1.31493],[103.80686,1.31516],[103.8069,1.3154],[103.80695,1.31563],[103.80699,1.31587],[103.80703,1.3161],[103.80707,1.31634],[103.80711,1.31657],[103.80716,1.31677],[103.80724,1.31698],[103.80738,1.3172],[103.80755,1.31742],[103.80772,1.31765],[103.8079,1.31785],[103.8081,1.31806],[103.80831,1.31828],[103.80852,1.31847],[103.80872,1.31863],[103.80893,1.31874],[103.80914,1.3188],[103.80937,1.31883],[103.8096,1.31886],[103.80984,1.31889],[103.81007,1.31893],[103.8103,1.31897],[103.81054,1.31901],[103.81077,1.31905],[103.81099,1.3191],[103.81121,1.31915],[103.81143,1.31921],[103.81166,1.31928],[103.81188,1.31941],[103.81209,1.31962],[103.81221,1.31984],[103.81228,1.32005],[103.81231,1.32027],[103.81233,1.32051],[103.81235,1.32074],[103.81237,1.32098],[103.8124,1.32121],[103.81242,1.32145],[103.81244,1.32168],[103.81247,1.32191],[103.81249,1.32215],[103.81251,1.32238],[103.81254,1.32261],[103.81257,1.32282],[103.81275,1.32305],[103.81296,1.32326],[103.81319,1.32348],[103.8134,1.32367],[103.81363,1.32391],[103.81384,1.32412],[103.81404,1.32432],[103.81424,1.32453],[103.81445,1.32474],[103.81467,1.32497],[103.81488,1.32516],[103.8151,1.32516],[103.81532,1.32515],[103.81552,1.32513],[103.81573,1.32512],[103.81593,1.3251],[103.81598,1.3251]],[[103.81459,1.31416],[103.81441,1.31395],[103.81434,1.31375],[103.81434,1.31352],[103.8144,1.31329],[103.81448,1.31305],[103.8146,1.31282],[103.81477,1.3126],[103.81497,1.31269],[103.81505,1.31291],[103.81512,1.31315],[103.81519,1.31338],[103.81525,1.31361],[103.81525,1.31383],[103.81517,1.31406],[103.81494,1.31427],[103.81474,1.31426],[103.81459,1.31416]]],[[[103.7856,1.3266],[103.78574,1.32639],[103.78589,1.32616],[103.78602,1.32594],[103.78613,1.32571],[103.78622,1.32548],[103.7863,1.32525],[103.78637,1.32504],[103.78642,1.32482],[103.78646,1.32459],[103.7865,1.32438],[103.78654,1.32416],[103.78658,1.32393],[103.78661,1.3237],[103.78664,1.32346],[103.78666,1.32323],[103.78671,1.323],[103.78679,1.32277],[103.7869,1.32256],[103.78704,1.32234],[103.78717,1.32213],[103.78732,1.3219],[103.78747,1.32168],[103.78762,1.32145],[103.78777,1.32123],[103.78792,1.32102],[103.78808,1.32081],[103.78821,1.32061],[103.78836,1.32036],[103.78848,1.32014],[103.78859,1.31994],[103.78872,1.31971],[103.78886,1.31948],[103.78899,1.31926],[103.78913,1.31903],[103.78927,1.31881],[103.78941,1.31859],[103.78956,1.31836],[103.78971,1.31815],[103.78987,1.31793],[103.79002,1.31773],[103.79019,1.31752],[103.79037,1.3173],[103.79054,1.31709],[103.79072,1.31688],[103.79087,1.31667],[103.791,1.31646],[103.79112,1.31624],[103.79125,1.31601],[103.79139,1.31581],[103.79153,1.31559],[103.79168,1.31538],[103.79189,1.31515],[103.79209,1.31493],[103.79228,1.31473],[103.79248,1.31454],[103.79268,1.31438],[103.7929,1.31421],[103.79311,1.31406],[103.79332,1.31389],[103.79348,1.31365],[103.79359,1.31343],[103.7937,1.3132],[103.79381,1.31299],[103.79392,1.31278],[103.79401,1.31258],[103.7941,1.31236],[103.79418,1.31216],[103.79426,1.31193],[103.79434,1.3117],[103.79442,1.31146],[103.79449,1.31123],[103.79455,1.31102],[103.7946,1.31079],[103.79462,1.31059],[103.79464,1.31037],[103.79466,1.31017],[103.79468,1.30995],[103.7947,1.30973],[103.79472,1.30949],[103.79474,1.30926],[103.79477,1.30902],[103.79479,1.30879],[103.79481,1.30855],[103.79483,1.30832],[103.79486,1.30809],[103.79493,1.30785],[103.79502,1.30762],[103.79514,1.30739],[103.79526,1.30719],[103.79538,1.30698],[103.79552,1.30677],[103.79566,1.30655],[103.79581,1.30634],[103.79596,1.30613],[103.79612,1.30592],[103.79628,1.30572],[103.79645,1.30552],[103.79666,1.30529],[103.79685,1.30507],[103.79697,1.30484],[103.79705,1.30461],[103.79713,1.30438],[103.79722,1.30415],[103.79731,1.30391],[103.7974,1.30368],[103.79749,1.30345],[103.79758,1.30324],[103.79767,1.30304],[103.79776,1.30283],[103.79786,1.30261],[103.79796,1.30241],[103.79807,1.30218],[103.79817,1.30197],[103.79826,1.30177],[103.79834,1.30156],[103.79842,1.30135],[103.79852,1.30112],[103.79862,1.3009],[103.79873,1.30068],[103.79883,1.30047],[103.79894,1.30026],[103.79907,1.30003],[103.79919,1.29983],[103.79933,1.29962],[103.79948,1.2994],[103.79965,1.29918],[103.7998,1.29898],[103.79992,1.29877],[103.79999,1.29857],[103.80008,1.29834],[103.80018,1.2981],[103.80028,1.29787],[103.80039,1.29764],[103.80049,1.29743],[103.8006,1.29723],[103.80073,1.29702],[103.80088,1.29678],[103.80102,1.29658],[103.80119,1.29635],[103.80136,1.29613],[103.80153,1.29593],[103.80163,1.29573],[103.8017,1.29552],[103.80178,1.29529],[103.80185,1.29505],[103.80193,1.29482],[103.802,1.2946],[103.80207,1.29438],[103.80214,1.29417],[103.80222,1.29393],[103.80229,1.29371],[103.80236,1.2935],[103.80244,1.29327],[103.80251,1.29304],[103.80255,1.2928],[103.80257,1.29257],[103.80257,1.29234],[103.80257,1.2921],[103.80256,1.29187],[103.80256,1.29163],[103.80256,1.2914],[103.80256,1.29116],[103.80255,1.29093],[103.80255,1.2907],[103.80255,1.29046],[103.80255,1.29023],[103.80256,1.29],[103.80261,1.2898],[103.80272,1.28959],[103.80284,1.28938],[103.80295,1.28917],[103.8031,1.28894],[103.80325,1.28873],[103.80341,1.2885],[103.80359,1.28829],[103.80381,1.28815],[103.80402,1.28802],[103.80425,1.2879],[103.80446,1.2878],[103.80468,1.28772],[103.80489,1.28765],[103.80511,1.28759],[103.80531,1.28755],[103.80552,1.2875],[103.80576,1.28746],[103.80599,1.28744],[103.80623,1.28742],[103.80646,1.28741],[103.8067,1.2874],[103.80693,1.28739],[103.80716,1.28738],[103.8074,1.28737],[103.80763,1.28736],[103.80787,1.28736],[103.8081,1.28735],[103.80834,1.28734],[103.80857,1.28733],[103.8088,1.28732],[103.80904,1.28731],[103.80927,1.2873],[103.80951,1.28729],[103.80974,1.28728],[103.80998,1.28727],[103.81021,1.28726],[103.81045,1.28725],[103.81068,1.28724],[103.81091,1.28723],[103.81115,1.28722],[103.81138,1.28721],[103.81162,1.28719],[103.81185,1.28717],[103.81209,1.28714],[103.81232,1.28711],[103.81255,1.28707],[103.81279,1.28703],[103.81302,1.28698],[103.81323,1.28694],[103.81344,1.2869],[103.81367,1.28684],[103.81387,1.28677],[103.81409,1.28669],[103.8143,1.28662],[103.81452,1.28654],[103.81473,1.28646],[103.81495,1.28632],[103.81513,1.28611],[103.81531,1.2859],[103.81553,1.28568],[103.81573,1.28548],[103.81595,1.28531],[103.81616,1.28516],[103.81638,1.28502],[103.81658,1.2849],[103.8168,1.28478],[103.81702,1.28466],[103.81723,1.28457],[103.81743,1.28449],[103.81766,1.2844],[103.8179,1.28431],[103.81813,1.28424],[103.81836,1.28417],[103.81857,1.2841],[103.81878,1.28402],[103.819,1.2839],[103.8192,1.28374],[103.8194,1.28352],[103.81962,1.28329],[103.81983,1.28308],[103.82006,1.28287],[103.82027,1.28268],[103.82049,1.2825],[103.8207,1.28233],[103.82091,1.28223],[103.82115,1.28227],[103.82137,1.28233],[103.82157,1.28238],[103.82178,1.28243],[103.82202,1.28248],[103.82226,1.28252],[103.82249,1.28257],[103.82273,1.28261],[103.82296,1.28264],[103.8232,1.28268],[103.82343,1.28271],[103.82366,1.28273],[103.8239,1.28273],[103.82413,1.28271],[103.82437,1.28266],[103.8246,1.28261],[103.82484,1.28256],[103.82507,1.28251],[103.8253,1.28245],[103.82551,1.2824],[103.82572,1.28235],[103.82592,1.2823],[103.82614,1.28224],[103.82634,1.28218],[103.82657,1.28211],[103.82679,1.28202],[103.82699,1.28193],[103.82721,1.28179],[103.82742,1.28163],[103.82764,1.28145],[103.82786,1.28122],[103.82806,1.28102],[103.82825,1.28082],[103.82839,1.28061],[103.82855,1.2804],[103.82871,1.28017],[103.82888,1.27995],[103.82903,1.27975],[103.82919,1.27954],[103.82936,1.27934],[103.82955,1.27911],[103.82974,1.27889],[103.82993,1.27869],[103.83014,1.27853],[103.83038,1.27835],[103.83061,1.27817],[103.83083,1.27799],[103.83103,1.27778],[103.83121,1.27758],[103.83138,1.27737],[103.83155,1.27717],[103.83175,1.27695],[103.83194,1.27674],[103.83213,1.27653],[103.83232,1.27633],[103.83252,1.27613],[103.83272,1.27592],[103.8329,1.27572],[103.83301,1.27551],[103.83313,1.27527],[103.83323,1.27504],[103.83325,1.2748],[103.8332,1.27457],[103.83309,1.27435],[103.83299,1.27414],[103.83287,1.27393],[103.83265,1.27379],[103.83243,1.27371],[103.8322,1.27363],[103.83196,1.27356],[103.83173,1.2735],[103.83152,1.27346],[103.8313,1.27341],[103.83109,1.27338],[103.83086,1.27335],[103.83064,1.27332],[103.83041,1.27329],[103.83018,1.27327],[103.82995,1.27323],[103.82971,1.27319],[103.82948,1.27313],[103.82924,1.27305],[103.82902,1.27295],[103.82879,1.27284],[103.82857,1.27271],[103.82835,1.27256],[103.8282,1.27234],[103.82805,1.27212],[103.82792,1.27191],[103.82781,1.27171],[103.82771,1.27149],[103.82763,1.27128],[103.82755,1.27106],[103.82747,1.27086],[103.82739,1.27063],[103.82732,1.2704],[103.82724,1.27016],[103.82717,1.26993],[103.8271,1.2697],[103.82703,1.26946],[103.82697,1.26923],[103.82691,1.26901],[103.82679,1.26879],[103.82657,1.26857],[103.82636,1.26835],[103.82617,1.26815],[103.82598,1.26792],[103.82582,1.26772],[103.82567,1.26752],[103.82551,1.26731],[103.82537,1.26709],[103.82523,1.26688],[103.82509,1.26665],[103.82496,1.26641],[103.82484,1.26618],[103.82473,1.26598],[103.82455,1.26576],[103.82432,1.26554],[103.8241,1.26534],[103.82389,1.26514],[103.82368,1.26514],[103.82348,1.26516],[103.82324,1.26518],[103.82301,1.26519],[103.82277,1.26521],[103.82254,1.26522],[103.8223,1.26523],[103.82207,1.26523],[103.82184,1.26524],[103.8216,1.26525],[103.82137,1.26525],[103.82113,1.26526],[103.8209,1.26528],[103.82066,1.26533],[103.82043,1.26539],[103.8202,1.26547],[103.81996,1.26554],[103.81973,1.26563],[103.81952,1.2657],[103.8193,1.26578],[103.81909,1.26594],[103.819,1.26614],[103.81893,1.26637],[103.81886,1.26659],[103.81879,1.26679],[103.81871,1.26701],[103.81862,1.26722],[103.81852,1.26744],[103.8184,1.26764],[103.81828,1.26786],[103.81814,1.26809],[103.81799,1.2683],[103.81776,1.26843],[103.81752,1.26848],[103.81729,1.26849],[103.81705,1.26851],[103.81682,1.26852],[103.81659,1.26853],[103.81635,1.26854],[103.81612,1.26855],[103.81588,1.26855],[103.81565,1.26856],[103.81541,1.26857],[103.81518,1.26857],[103.81497,1.2686],[103.81475,1.26867],[103.81455,1.2688],[103.81438,1.26902],[103.81429,1.26923],[103.81422,1.26943],[103.81414,1.26964],[103.81393,1.26983],[103.81373,1.27],[103.81352,1.27016],[103.81331,1.27032],[103.81308,1.27039],[103.81288,1.27044],[103.81266,1.27049],[103.81245,1.27053],[103.81223,1.27056],[103.81199,1.27062],[103.81176,1.27071],[103.81152,1.27083],[103.81132,1.27096],[103.81111,1.27109],[103.81089,1.27132],[103.8107,1.27152],[103.8105,1.27174],[103.81037,1.27196],[103.81037,1.27218],[103.81037,1.27241],[103.81037,1.27265],[103.81037,1.27288],[103.81037,1.27312],[103.81037,1.27335],[103.81037,1.27359],[103.81037,1.27382],[103.81037,1.27405],[103.81037,1.27429],[103.81037,1.27452],[103.81033,1.27475],[103.81021,1.27495],[103.80998,1.27518],[103.80977,1.27533],[103.80955,1.27549],[103.80935,1.27561],[103.80915,1.27573],[103.80893,1.27583],[103.8087,1.27592],[103.80848,1.27599],[103.80824,1.27606],[103.80801,1.27613],[103.80777,1.2762],[103.80756,1.27627],[103.80735,1.27634],[103.80714,1.27641],[103.80691,1.27649],[103.80667,1.27658],[103.80646,1.27665],[103.80623,1.27674],[103.80599,1.2768],[103.80576,1.27683],[103.80552,1.2768],[103.80529,1.27675],[103.80505,1.2767],[103.80482,1.27664],[103.80459,1.27657],[103.80437,1.2765],[103.80415,1.27643],[103.80394,1.27635],[103.80372,1.27625],[103.80349,1.27612],[103.80327,1.27599],[103.80304,1.27587],[103.8028,1.27582],[103.80257,1.27585],[103.80234,1.27593],[103.8021,1.276],[103.80187,1.27607],[103.80163,1.27612],[103.8014,1.27617],[103.80116,1.27621],[103.80093,1.27625],[103.8007,1.27628],[103.80046,1.27631],[103.80023,1.27634],[103.79999,1.27635],[103.79976,1.27634],[103.79952,1.27631],[103.79929,1.27626],[103.79905,1.27621],[103.79882,1.27617],[103.79859,1.27612],[103.79835,1.27607],[103.79812,1.27602],[103.79788,1.27597],[103.79765,1.27591],[103.79741,1.27586],[103.79718,1.2758],[103.79696,1.27575],[103.79675,1.27567],[103.79654,1.27555],[103.79631,1.27541],[103.7961,1.27528],[103.79589,1.27513],[103.79569,1.27498],[103.79548,1.27483],[103.79526,1.27468],[103.79502,1.27453],[103.79481,1.2744],[103.7946,1.27428],[103.79439,1.27417],[103.79418,1.27407],[103.79397,1.27399],[103.79377,1.27401],[103.79356,1.27413],[103.79336,1.27425],[103.79314,1.27437],[103.79291,1.2745],[103.79268,1.27462],[103.79246,1.27474],[103.79226,1.27485],[103.79209,1.27507],[103.79196,1.27527],[103.79184,1.27548],[103.79171,1.27569],[103.79158,1.27591],[103.79147,1.27612],[103.79135,1.27634],[103.79124,1.27655],[103.79112,1.27677],[103.79101,1.27701],[103.7909,1.27721],[103.79068,1.27731],[103.79048,1.27735],[103.79024,1.27739],[103.79001,1.27743],[103.78977,1.27745],[103.78954,1.27747],[103.7893,1.27748],[103.78907,1.2775],[103.78884,1.27751],[103.7886,1.27752],[103.78837,1.27753],[103.78814,1.27754],[103.78793,1.27759],[103.78776,1.27779],[103.78769,1.27802],[103.78765,1.27823],[103.7876,1.27846],[103.78754,1.2787],[103.78748,1.27893],[103.78741,1.27916],[103.78732,1.27939],[103.78723,1.27961],[103.78712,1.27981],[103.78697,1.28002],[103.78677,1.28022],[103.78655,1.2804],[103.78633,1.28055],[103.78611,1.28066],[103.78589,1.28076],[103.78569,1.28085],[103.78554,1.28107],[103.78546,1.28127],[103.78537,1.28151],[103.78529,1.28174],[103.78522,1.28198],[103.78516,1.28221],[103.78511,1.28245],[103.78506,1.28268],[103.78502,1.28291],[103.78498,1.28315],[103.78494,1.28338],[103.78491,1.28361],[103.78488,1.28381],[103.78468,1.28394],[103.78448,1.28401],[103.78425,1.28411],[103.78403,1.28423],[103.78381,1.28437],[103.7836,1.28453],[103.78339,1.28471],[103.78327,1.28493],[103.78315,1.28516],[103.78305,1.28537],[103.78297,1.28559],[103.7829,1.28582],[103.78284,1.28605],[103.78279,1.28629],[103.78275,1.28652],[103.78271,1.28675],[103.78264,1.28696],[103.78249,1.28718],[103.78234,1.2874],[103.78219,1.28761],[103.78202,1.28782],[103.78181,1.2879],[103.78161,1.2878],[103.78139,1.28762],[103.7812,1.28741],[103.78105,1.28719],[103.78094,1.28699],[103.78084,1.28678],[103.78074,1.28657],[103.78065,1.28635],[103.78055,1.28614],[103.78041,1.28594],[103.78018,1.28573],[103.77996,1.28555],[103.77975,1.28539],[103.77953,1.28529],[103.77932,1.28522],[103.77909,1.28515],[103.77885,1.28508],[103.77862,1.28503],[103.77838,1.28499],[103.77815,1.28496],[103.77791,1.28493],[103.77768,1.2849],[103.77745,1.28488],[103.77721,1.28487],[103.77698,1.28485],[103.77674,1.28484],[103.77651,1.28483],[103.77627,1.28481],[103.77605,1.28483],[103.77584,1.28492],[103.77565,1.28514],[103.77551,1.28538],[103.7754,1.28559],[103.77528,1.28582],[103.77518,1.28602],[103.77509,1.28624],[103.775,1.28649],[103.77492,1.28672],[103.77484,1.28695],[103.77478,1.28718],[103.77471,1.28741],[103.77464,1.28764],[103.77456,1.28785],[103.77448,1.28806],[103.77438,1.28827],[103.77423,1.28847],[103.77404,1.28868],[103.77384,1.2889],[103.77364,1.28911],[103.77343,1.28922],[103.77323,1.28932],[103.77299,1.28943],[103.77276,1.28951],[103.77252,1.28958],[103.77229,1.28964],[103.77208,1.28969],[103.77188,1.28975],[103.77166,1.28984],[103.77146,1.29001],[103.77135,1.29023],[103.77121,1.29046],[103.77101,1.29068],[103.77078,1.29086],[103.77057,1.29099],[103.77036,1.29108],[103.77013,1.29116],[103.7699,1.29123],[103.76966,1.29127],[103.76943,1.29129],[103.7692,1.2913],[103.76896,1.29131],[103.76873,1.29132],[103.76849,1.29133],[103.76826,1.29134],[103.76802,1.29135],[103.76779,1.29135],[103.76755,1.29136],[103.76732,1.29137],[103.7671,1.29137],[103.76689,1.29137],[103.76668,1.29152],[103.76648,1.29166],[103.76627,1.29181],[103.76606,1.29197],[103.76585,1.29212],[103.76565,1.29226],[103.76544,1.29241],[103.76524,1.29255],[103.76502,1.2927],[103.76492,1.29293],[103.76502,1.29315],[103.76522,1.29339],[103.7654,1.29359],[103.76552,1.29382],[103.76564,1.29402],[103.76576,1.29426],[103.76586,1.29449],[103.76596,1.29473],[103.76604,1.29493],[103.76611,1.29514],[103.76617,1.29535],[103.76624,1.29559],[103.76627,1.29581],[103.76627,1.29604],[103.76624,1.29627],[103.76619,1.2965],[103.76614,1.29671],[103.76603,1.29692],[103.76589,1.29713],[103.76573,1.29734],[103.76552,1.29751],[103.76531,1.2976],[103.76507,1.29768],[103.76484,1.29774],[103.7646,1.29779],[103.76437,1.29783],[103.76413,1.29786],[103.7639,1.29788],[103.76366,1.29789],[103.76343,1.29788],[103.7632,1.29788],[103.76296,1.29787],[103.76273,1.29786],[103.76249,1.29786],[103.76226,1.29785],[103.76202,1.29785],[103.76179,1.29784],[103.76155,1.29784],[103.76132,1.29783],[103.76109,1.29783],[103.76086,1.29787],[103.76066,1.29798],[103.76044,1.29816],[103.76022,1.29837],[103.76004,1.29858],[103.75989,1.2988],[103.75981,1.29901],[103.75977,1.29923],[103.75973,1.29946],[103.75969,1.2997],[103.75964,1.29993],[103.75959,1.30016],[103.75952,1.30039],[103.75945,1.3006],[103.75935,1.30082],[103.75923,1.30104],[103.75905,1.30125],[103.75882,1.30147],[103.75859,1.30165],[103.75837,1.30177],[103.75843,1.30198],[103.75864,1.30206],[103.75884,1.30214],[103.75907,1.30224],[103.75928,1.30234],[103.7595,1.30244],[103.75971,1.30255],[103.75992,1.30267],[103.76014,1.30282],[103.76035,1.30297],[103.76057,1.30314],[103.76077,1.30329],[103.76098,1.30339],[103.76118,1.30341],[103.76141,1.30343],[103.76165,1.30346],[103.76188,1.30348],[103.76212,1.30351],[103.76235,1.30354],[103.76259,1.30357],[103.76282,1.3036],[103.76305,1.30363],[103.76329,1.30366],[103.76352,1.3037],[103.76376,1.30374],[103.76399,1.30381],[103.76423,1.3039],[103.76444,1.30399],[103.76464,1.30408],[103.76486,1.30422],[103.76507,1.30436],[103.76529,1.30452],[103.7655,1.3047],[103.76571,1.30488],[103.76591,1.30502],[103.76614,1.30516],[103.76639,1.3053],[103.76661,1.30542],[103.76684,1.30544],[103.76704,1.30521],[103.76713,1.30498],[103.7672,1.30476],[103.76726,1.30452],[103.76731,1.30429],[103.76737,1.30405],[103.76744,1.30382],[103.76751,1.3036],[103.76758,1.3034],[103.76767,1.30319],[103.7678,1.30297],[103.76794,1.30274],[103.7681,1.30252],[103.7683,1.30231],[103.76852,1.30212],[103.76873,1.30197],[103.76894,1.30178],[103.7691,1.30157],[103.76931,1.30136],[103.76952,1.30118],[103.76973,1.30103],[103.76994,1.30086],[103.77014,1.30065],[103.77033,1.30042],[103.77051,1.30021],[103.77068,1.29999],[103.77084,1.29977],[103.771,1.29955],[103.77115,1.29934],[103.77129,1.29914],[103.77143,1.29893],[103.7714,1.29872],[103.77132,1.29852],[103.77123,1.2983],[103.77113,1.29808],[103.77104,1.29786],[103.77093,1.29764],[103.77082,1.29741],[103.77071,1.2972],[103.7706,1.29699],[103.77048,1.29679],[103.77034,1.29656],[103.77021,1.29636],[103.77006,1.29613],[103.77,1.2959],[103.77004,1.29566],[103.77017,1.29543],[103.77033,1.2952],[103.77049,1.29498],[103.77068,1.29476],[103.77087,1.29455],[103.77109,1.29434],[103.77131,1.29413],[103.77152,1.29397],[103.77173,1.29381],[103.77193,1.29366],[103.77214,1.29352],[103.77235,1.2934],[103.77257,1.29328],[103.7728,1.29314],[103.773,1.293],[103.77321,1.29279],[103.7734,1.29257],[103.77359,1.29236],[103.77379,1.29218],[103.77399,1.29208],[103.77421,1.29198],[103.77443,1.29191],[103.77464,1.29185],[103.77487,1.29179],[103.7751,1.29174],[103.77534,1.2917],[103.77557,1.29167],[103.77577,1.29162],[103.77598,1.29154],[103.7762,1.29138],[103.77643,1.29122],[103.77665,1.29108],[103.77689,1.29094],[103.77711,1.29081],[103.77733,1.29069],[103.77754,1.29059],[103.77777,1.29048],[103.77798,1.29039],[103.7782,1.29029],[103.77843,1.2902],[103.77866,1.29013],[103.7789,1.29009],[103.77913,1.29009],[103.77937,1.29013],[103.7796,1.29018],[103.77984,1.29025],[103.78007,1.29033],[103.7803,1.29042],[103.7805,1.29053],[103.78071,1.29072],[103.7809,1.29096],[103.78106,1.29118],[103.78118,1.29139],[103.78124,1.2916],[103.7813,1.29182],[103.78136,1.29205],[103.78141,1.29229],[103.78145,1.29252],[103.7815,1.29274],[103.78159,1.29294],[103.78181,1.29315],[103.78201,1.29323],[103.78223,1.29325],[103.78246,1.29325],[103.7827,1.29325],[103.78293,1.29325],[103.78316,1.29325],[103.7834,1.29325],[103.78363,1.29325],[103.78387,1.29325],[103.7841,1.29325],[103.78434,1.29325],[103.78457,1.29325],[103.7848,1.29323],[103.78504,1.29319],[103.78527,1.29312],[103.78548,1.29306],[103.78571,1.29298],[103.78593,1.29286],[103.78615,1.29267],[103.78637,1.29247],[103.78657,1.29232],[103.78679,1.29217],[103.787,1.29205],[103.7872,1.29196],[103.78743,1.29187],[103.78766,1.29178],[103.7879,1.29172],[103.78813,1.29167],[103.78837,1.29164],[103.7886,1.29161],[103.78884,1.29158],[103.78907,1.29154],[103.7893,1.29151],[103.78951,1.29147],[103.78972,1.29143],[103.78994,1.29139],[103.79015,1.29135],[103.79035,1.29129],[103.79057,1.29124],[103.79079,1.29115],[103.79099,1.29103],[103.79121,1.29084],[103.7914,1.29064],[103.79156,1.29043],[103.79167,1.29022],[103.79177,1.29],[103.79187,1.28978],[103.79197,1.28957],[103.79208,1.28935],[103.79219,1.28912],[103.7923,1.28891],[103.79241,1.28871],[103.79253,1.28848],[103.79265,1.28828],[103.79277,1.28807],[103.79289,1.28785],[103.79302,1.28763],[103.79315,1.28742],[103.7933,1.28719],[103.79342,1.28696],[103.79348,1.28675],[103.7935,1.28652],[103.7935,1.28629],[103.79349,1.28605],[103.79349,1.28582],[103.79349,1.28559],[103.79349,1.28535],[103.79349,1.28512],[103.79348,1.28488],[103.79348,1.28465],[103.79348,1.28441],[103.79348,1.28418],[103.79351,1.28397],[103.7936,1.28375],[103.79377,1.28355],[103.79397,1.2834],[103.79418,1.2833],[103.7944,1.28322],[103.79461,1.28315],[103.79481,1.28306],[103.79504,1.28297],[103.79527,1.28287],[103.79549,1.28277],[103.79573,1.28267],[103.79594,1.28257],[103.79615,1.28247],[103.79636,1.28236],[103.79659,1.28223],[103.7968,1.28215],[103.797,1.28214],[103.79723,1.28219],[103.79744,1.28226],[103.79764,1.28233],[103.79785,1.28253],[103.79805,1.28277],[103.79822,1.28301],[103.79835,1.28322],[103.79841,1.28342],[103.79845,1.28363],[103.79848,1.28386],[103.79843,1.28407],[103.79836,1.28428],[103.79829,1.28449],[103.79823,1.28472],[103.79818,1.28493],[103.79814,1.28516],[103.79809,1.2854],[103.79806,1.28563],[103.79802,1.28587],[103.79799,1.2861],[103.79797,1.28634],[103.79794,1.28657],[103.79792,1.2868],[103.7979,1.28704],[103.79789,1.28727],[103.79787,1.28751],[103.79786,1.28774],[103.79784,1.28798],[103.79782,1.28821],[103.79781,1.28845],[103.79779,1.28868],[103.79777,1.28891],[103.79775,1.28915],[103.79773,1.28938],[103.79771,1.28961],[103.79769,1.28982],[103.79764,1.29003],[103.79757,1.29024],[103.79748,1.29048],[103.79739,1.29071],[103.7973,1.29093],[103.79721,1.29116],[103.79712,1.29136],[103.79702,1.29158],[103.79691,1.29178],[103.79672,1.29199],[103.7965,1.29216],[103.7963,1.29232],[103.7961,1.29248],[103.79587,1.29265],[103.79567,1.29282],[103.79546,1.293],[103.79525,1.29322],[103.79503,1.29344],[103.79482,1.29364],[103.79462,1.29385],[103.79441,1.29406],[103.79419,1.29427],[103.79399,1.29448],[103.79377,1.29467],[103.79356,1.29484],[103.79334,1.29501],[103.79313,1.29518],[103.7929,1.29539],[103.79268,1.29559],[103.79248,1.29578],[103.79227,1.29595],[103.79207,1.29609],[103.79184,1.29625],[103.79161,1.2964],[103.7914,1.29652],[103.79118,1.29663],[103.79097,1.29674],[103.79076,1.29695],[103.79061,1.29717],[103.79047,1.29738],[103.79031,1.29761],[103.79015,1.29783],[103.79,1.29804],[103.78983,1.29827],[103.78968,1.29848],[103.78952,1.29868],[103.78937,1.29888],[103.78934,1.2991],[103.78931,1.29932],[103.78928,1.29955],[103.78925,1.29979],[103.78922,1.30002],[103.78919,1.30026],[103.78916,1.30049],[103.78913,1.30073],[103.7891,1.30096],[103.78908,1.3012],[103.78905,1.30143],[103.78902,1.30166],[103.78898,1.3019],[103.78893,1.30213],[103.78886,1.30236],[103.7888,1.30258],[103.78873,1.3028],[103.78866,1.30302],[103.7886,1.30322],[103.78852,1.30342],[103.78844,1.30364],[103.78834,1.30387],[103.78824,1.3041],[103.78814,1.30434],[103.78803,1.30457],[103.78793,1.30477],[103.78785,1.30498],[103.78781,1.30518],[103.78776,1.30541],[103.7877,1.30565],[103.78766,1.30588],[103.78761,1.30612],[103.78756,1.30635],[103.78751,1.30659],[103.78747,1.30682],[103.78742,1.30705],[103.78738,1.30729],[103.78734,1.30752],[103.78732,1.30776],[103.78733,1.30799],[103.78737,1.30823],[103.78744,1.30846],[103.7875,1.3087],[103.78756,1.30893],[103.78763,1.30916],[103.78769,1.3094],[103.78775,1.30963],[103.78781,1.30986],[103.78786,1.31006],[103.78791,1.31029],[103.78796,1.31052],[103.788,1.31072],[103.78798,1.31093],[103.78778,1.31115],[103.78754,1.31136],[103.78732,1.31156],[103.78711,1.31173],[103.7869,1.31188],[103.78668,1.31204],[103.78646,1.3122],[103.78625,1.31234],[103.78603,1.31247],[103.78582,1.3126],[103.78558,1.31273],[103.78537,1.31284],[103.78514,1.31296],[103.78493,1.31307],[103.78471,1.31323],[103.7845,1.31342],[103.78427,1.31362],[103.78407,1.31382],[103.7839,1.31403],[103.78372,1.31427],[103.78355,1.3145],[103.7834,1.31471],[103.78324,1.31493],[103.78309,1.31516],[103.78294,1.31537],[103.78279,1.3156],[103.78265,1.31582],[103.78251,1.31604],[103.78237,1.31627],[103.78224,1.31648],[103.78211,1.31669],[103.782,1.3169],[103.7819,1.31712],[103.78179,1.31733],[103.78169,1.31754],[103.78157,1.31776],[103.78146,1.31798],[103.78135,1.31819],[103.78124,1.31842],[103.78113,1.31864],[103.78103,1.31884],[103.78092,1.31907],[103.7808,1.3193],[103.78069,1.31952],[103.78061,1.31976],[103.78057,1.31999],[103.78058,1.32023],[103.78061,1.32046],[103.78065,1.3207],[103.78068,1.32093],[103.78071,1.32116],[103.78074,1.3214],[103.78077,1.32163],[103.7808,1.32187],[103.78083,1.3221],[103.78086,1.32234],[103.78088,1.32257],[103.78091,1.3228],[103.78094,1.32304],[103.78097,1.32327],[103.78101,1.32351],[103.78104,1.32374],[103.78106,1.32398],[103.78108,1.32419],[103.78111,1.32441],[103.78112,1.32462],[103.78114,1.32483],[103.78116,1.32506],[103.78117,1.3253],[103.78119,1.32552],[103.78124,1.32575],[103.78135,1.32597],[103.78152,1.32619],[103.78173,1.32637],[103.78195,1.32649],[103.78218,1.32656],[103.78241,1.32657],[103.78261,1.32658],[103.78283,1.3266],[103.78303,1.32662],[103.78324,1.32664],[103.78345,1.32667],[103.78368,1.32671],[103.78391,1.32676],[103.78415,1.32684],[103.78438,1.32694],[103.78462,1.32705],[103.78485,1.32709],[103.78507,1.32702],[103.78529,1.32686],[103.78551,1.32668],[103.7856,1.3266]],[[103.82366,1.27584],[103.82344,1.27564],[103.82326,1.27544],[103.8231,1.27524],[103.82297,1.27502],[103.82296,1.2748],[103.82315,1.27459],[103.82335,1.27441],[103.82358,1.27422],[103.82379,1.27405],[103.82401,1.27404],[103.82422,1.2741],[103.82443,1.27416],[103.82463,1.27426],[103.82485,1.27438],[103.82507,1.27452],[103.82529,1.27466],[103.82549,1.27484],[103.82529,1.27504],[103.82507,1.27519],[103.82485,1.27534],[103.82463,1.27549],[103.82442,1.27563],[103.8242,1.27579],[103.824,1.27591],[103.82378,1.27591],[103.82366,1.27584]]],[[[103.84823,1.33322],[103.84846,1.33311],[103.8487,1.33301],[103.84893,1.3329],[103.84915,1.33279],[103.84936,1.33269],[103.84957,1.33258],[103.84979,1.33247],[103.84999,1.33236],[103.8502,1.33225],[103.85043,1.33212],[103.85065,1.332],[103.85086,1.33188],[103.85065,1.33168],[103.85043,1.3315],[103.85021,1.33132],[103.85,1.33115],[103.84979,1.33102],[103.84957,1.33089],[103.84933,1.33076],[103.84912,1.33065],[103.84889,1.33054],[103.84867,1.33043],[103.84846,1.33034],[103.84823,1.33026],[103.84803,1.3302],[103.84781,1.33019],[103.8476,1.33027],[103.8474,1.33039],[103.8472,1.33052],[103.84698,1.3307],[103.84676,1.3309],[103.84655,1.33109],[103.84636,1.3313],[103.84621,1.33152],[103.84609,1.33173],[103.84609,1.33195],[103.84629,1.33217],[103.8465,1.33236],[103.84672,1.33254],[103.84693,1.3327],[103.84713,1.33286],[103.84735,1.33301],[103.84757,1.33316],[103.84777,1.3333],[103.84798,1.33333],[103.84818,1.33324],[103.84823,1.33322]]],[[[103.92024,1.34052],[103.92033,1.3403],[103.92042,1.34009],[103.92055,1.33988],[103.92071,1.33966],[103.92091,1.33946],[103.92112,1.33929],[103.92134,1.33917],[103.92155,1.33907],[103.92177,1.33898],[103.92201,1.3389],[103.92224,1.33883],[103.92248,1.33877],[103.92271,1.33873],[103.92295,1.33869],[103.92318,1.33867],[103.92341,1.33866],[103.92363,1.33865],[103.92386,1.33864],[103.92406,1.33863],[103.92427,1.33862],[103.92449,1.33861],[103.92473,1.3386],[103.92496,1.33859],[103.9252,1.33858],[103.92543,1.33856],[103.92566,1.33855],[103.9259,1.33854],[103.92613,1.33852],[103.92637,1.3385],[103.9266,1.33848],[103.92684,1.33846],[103.92707,1.33843],[103.9273,1.33841],[103.92754,1.33839],[103.92777,1.33836],[103.92801,1.33834],[103.92824,1.33832],[103.92848,1.33829],[103.92871,1.33827],[103.92895,1.33827],[103.92918,1.33828],[103.92941,1.33831],[103.92965,1.33833],[103.92988,1.33836],[103.93012,1.33838],[103.93035,1.3384],[103.93059,1.33842],[103.93082,1.33845],[103.93105,1.33847],[103.93129,1.33849],[103.93152,1.33851],[103.93176,1.33853],[103.93199,1.33855],[103.93223,1.33857],[103.93245,1.33858],[103.93265,1.33859],[103.93286,1.33861],[103.93308,1.33862],[103.93329,1.33864],[103.93352,1.33865],[103.93373,1.33866],[103.93396,1.33868],[103.9342,1.33869],[103.93443,1.33871],[103.93465,1.33872],[103.93487,1.33871],[103.93508,1.3386],[103.9353,1.3384],[103.93551,1.33818],[103.93568,1.33797],[103.9357,1.33775],[103.93564,1.33753],[103.93559,1.33733],[103.93553,1.33712],[103.93546,1.3369],[103.93538,1.33668],[103.9353,1.33645],[103.93521,1.33621],[103.93512,1.33598],[103.93504,1.33577],[103.93495,1.33556],[103.93472,1.33539],[103.93448,1.33534],[103.93424,1.33529],[103.93401,1.33525],[103.93377,1.3352],[103.93354,1.33514],[103.9333,1.33508],[103.93307,1.33501],[103.93285,1.33495],[103.93264,1.33488],[103.93243,1.33483],[103.93223,1.33478],[103.93199,1.33473],[103.93176,1.33469],[103.93152,1.33466],[103.93129,1.33463],[103.93105,1.33461],[103.93082,1.33458],[103.93059,1.33456],[103.93035,1.33453],[103.93012,1.3345],[103.92988,1.33448],[103.92965,1.33446],[103.92941,1.33443],[103.92918,1.33441],[103.92895,1.33438],[103.92871,1.33435],[103.92848,1.33432],[103.92824,1.33428],[103.92801,1.33425],[103.92777,1.33421],[103.92756,1.33418],[103.92735,1.33414],[103.92714,1.33411],[103.92691,1.33407],[103.92667,1.33402],[103.92646,1.33399],[103.92623,1.33394],[103.92599,1.33389],[103.92576,1.33382],[103.92552,1.33374],[103.9253,1.33365],[103.9251,1.33358],[103.92489,1.33349],[103.92467,1.33339],[103.92446,1.3333],[103.92423,1.33318],[103.92402,1.33308],[103.9238,1.33296],[103.92358,1.33284],[103.92337,1.33273],[103.92315,1.3326],[103.92293,1.33247],[103.92269,1.33243],[103.92248,1.33243],[103.92224,1.33244],[103.92201,1.33245],[103.92177,1.33246],[103.92154,1.33247],[103.9213,1.33248],[103.92107,1.3325],[103.92084,1.33251],[103.9206,1.33254],[103.92037,1.33256],[103.92014,1.33259],[103.91994,1.33262],[103.91976,1.33282],[103.91963,1.33302],[103.9195,1.33324],[103.91936,1.33345],[103.91921,1.33366],[103.91904,1.33387],[103.91887,1.33408],[103.91867,1.33429],[103.91846,1.33452],[103.91825,1.33471],[103.91809,1.33492],[103.91799,1.33514],[103.91792,1.33537],[103.91786,1.3356],[103.9178,1.33584],[103.91776,1.33607],[103.91772,1.3363],[103.91769,1.33654],[103.91766,1.33677],[103.91764,1.33699],[103.91762,1.33721],[103.9176,1.33743],[103.91759,1.33765],[103.91758,1.33785],[103.91767,1.33806],[103.91779,1.33828],[103.9179,1.33849],[103.91801,1.3387],[103.91814,1.33893],[103.91825,1.33915],[103.91837,1.33936],[103.91848,1.33957],[103.91859,1.33977],[103.91871,1.34],[103.91883,1.34022],[103.91894,1.34043],[103.91905,1.34064],[103.91917,1.34084],[103.91939,1.34094],[103.91963,1.34102],[103.91983,1.34105],[103.92005,1.34093],[103.92016,1.34073],[103.92024,1.34052]]],[[[103.7102,1.34127],[103.71037,1.34104],[103.71045,1.3408],[103.71041,1.34057],[103.71031,1.34034],[103.7102,1.34013],[103.71007,1.33991],[103.70992,1.33969],[103.70972,1.3395],[103.70951,1.33936],[103.7093,1.33918],[103.70912,1.33896],[103.70898,1.33875],[103.70889,1.33852],[103.70881,1.33832],[103.70874,1.3381],[103.70862,1.33789],[103.70842,1.33776],[103.70819,1.33769],[103.70798,1.33763],[103.70774,1.33757],[103.70751,1.33753],[103.70727,1.33749],[103.70704,1.33747],[103.7068,1.33748],[103.70657,1.33752],[103.70634,1.33758],[103.7061,1.33765],[103.70587,1.33772],[103.70564,1.33779],[103.70544,1.33786],[103.70548,1.33807],[103.70559,1.33827],[103.70571,1.33851],[103.70583,1.33874],[103.70594,1.33898],[103.70604,1.33918],[103.70613,1.33938],[103.70622,1.3396],[103.7063,1.33982],[103.70639,1.34005],[103.70648,1.34029],[103.70656,1.34052],[103.70664,1.34073],[103.70675,1.34094],[103.70696,1.34108],[103.70718,1.34114],[103.70741,1.34118],[103.70765,1.34121],[103.70788,1.34125],[103.70812,1.34129],[103.70835,1.34133],[103.70859,1.34138],[103.70882,1.34142],[103.70905,1.34146],[103.70929,1.34151],[103.70952,1.34155],[103.70974,1.3416],[103.70995,1.34154],[103.71016,1.34132],[103.7102,1.34127]]],[[[103.93805,1.34127],[103.93814,1.34105],[103.93815,1.34084],[103.938,1.34064],[103.93779,1.34061],[103.9376,1.34084],[103.93761,1.34105],[103.9377,1.34127],[103.93781,1.34149],[103.93803,1.34132],[103.93805,1.34127]]],[[[103.87549,1.34306],[103.8757,1.34292],[103.87593,1.34274],[103.87615,1.34256],[103.87636,1.34239],[103.8765,1.34218],[103.87663,1.34198],[103.87676,1.34174],[103.87688,1.34151],[103.87698,1.34127],[103.87705,1.34107],[103.87712,1.34087],[103.87697,1.34065],[103.87682,1.34043],[103.87666,1.3402],[103.87649,1.33999],[103.87628,1.33981],[103.87607,1.33964],[103.87586,1.33948],[103.87565,1.33933],[103.87544,1.33922],[103.87523,1.33912],[103.87499,1.33903],[103.87476,1.33899],[103.87452,1.33899],[103.87429,1.33903],[103.87405,1.33907],[103.87382,1.33911],[103.87359,1.33916],[103.87339,1.33921],[103.87317,1.33928],[103.87297,1.33935],[103.87276,1.33943],[103.87255,1.33957],[103.87232,1.33975],[103.8721,1.33993],[103.87189,1.34011],[103.87183,1.34032],[103.87179,1.34052],[103.87175,1.34076],[103.87175,1.34099],[103.87179,1.34123],[103.87183,1.34143],[103.87188,1.34163],[103.87208,1.34185],[103.87227,1.34207],[103.87246,1.34228],[103.87267,1.34246],[103.87289,1.34259],[103.87312,1.34272],[103.87334,1.34284],[103.87357,1.34294],[103.87378,1.34302],[103.87399,1.3431],[103.8742,1.34316],[103.87443,1.34322],[103.87466,1.34327],[103.87486,1.34328],[103.87508,1.34324],[103.87528,1.34316],[103.87549,1.34306]]],[[[103.93528,1.34432],[103.93549,1.34411],[103.93569,1.34391],[103.93547,1.34372],[103.93523,1.3436],[103.93501,1.34354],[103.93479,1.34356],[103.93458,1.34376],[103.93453,1.34397],[103.93458,1.34418],[103.93468,1.3444],[103.93478,1.3446],[103.935,1.34461],[103.93521,1.3444],[103.93528,1.34432]]],[[[103.73061,1.34659],[103.73079,1.34637],[103.7309,1.34615],[103.73094,1.34594],[103.73098,1.34573],[103.73103,1.34549],[103.73108,1.34526],[103.73114,1.34502],[103.73121,1.34479],[103.73128,1.34455],[103.73137,1.34432],[103.73144,1.34409],[103.73145,1.34385],[103.73138,1.34362],[103.73126,1.34339],[103.73112,1.34317],[103.73095,1.34296],[103.73073,1.3429],[103.73052,1.3429],[103.73029,1.34292],[103.73005,1.34293],[103.72982,1.34294],[103.72959,1.34295],[103.72935,1.34295],[103.72912,1.34296],[103.72888,1.34296],[103.72865,1.34297],[103.72841,1.34297],[103.72818,1.34297],[103.72795,1.34299],[103.72773,1.34305],[103.72752,1.34319],[103.72731,1.34339],[103.72712,1.34361],[103.72701,1.34383],[103.72695,1.34406],[103.7269,1.34427],[103.72685,1.34451],[103.72678,1.34474],[103.7267,1.34498],[103.72661,1.34519],[103.72651,1.3454],[103.72632,1.34561],[103.72611,1.34575],[103.72589,1.34588],[103.72566,1.346],[103.72545,1.34608],[103.72523,1.34614],[103.72502,1.34618],[103.72481,1.34618],[103.72459,1.34613],[103.72438,1.34606],[103.72417,1.34597],[103.72395,1.34582],[103.72373,1.34565],[103.72351,1.34548],[103.72333,1.34527],[103.72323,1.34507],[103.72313,1.34484],[103.72304,1.3446],[103.72297,1.34437],[103.72292,1.34413],[103.72291,1.3439],[103.72295,1.34366],[103.72303,1.34343],[103.72311,1.34323],[103.72322,1.343],[103.72336,1.34279],[103.72354,1.34257],[103.72375,1.34238],[103.72397,1.34222],[103.72419,1.3421],[103.72443,1.34199],[103.72466,1.3419],[103.72488,1.34181],[103.7251,1.3417],[103.72531,1.34156],[103.72552,1.34136],[103.72567,1.34115],[103.72577,1.34094],[103.7258,1.34074],[103.72582,1.34052],[103.72582,1.34029],[103.72582,1.34005],[103.72582,1.33982],[103.72582,1.33959],[103.72582,1.33935],[103.72582,1.33912],[103.72582,1.33888],[103.72582,1.33865],[103.72582,1.33841],[103.72582,1.33818],[103.72584,1.33795],[103.72588,1.33771],[103.72594,1.33748],[103.72602,1.33725],[103.72611,1.33705],[103.72622,1.33682],[103.72635,1.33661],[103.72651,1.3364],[103.72673,1.33622],[103.72696,1.33606],[103.72716,1.33594],[103.72738,1.33583],[103.72761,1.33574],[103.72782,1.33566],[103.72802,1.3355],[103.72824,1.33528],[103.72844,1.33508],[103.72863,1.33488],[103.72863,1.33467],[103.72861,1.33445],[103.7286,1.33422],[103.72858,1.33399],[103.72857,1.33377],[103.72855,1.33354],[103.72854,1.3333],[103.72852,1.33307],[103.7285,1.33284],[103.72849,1.3326],[103.72847,1.33237],[103.72845,1.33213],[103.72846,1.3319],[103.72848,1.33166],[103.72852,1.33143],[103.72857,1.33121],[103.72861,1.33101],[103.72867,1.33078],[103.72873,1.33057],[103.7288,1.33033],[103.72888,1.33012],[103.72896,1.32988],[103.72905,1.32966],[103.72915,1.32945],[103.72924,1.32925],[103.72935,1.32904],[103.72942,1.32883],[103.72942,1.32861],[103.7294,1.32839],[103.72938,1.32819],[103.72935,1.32796],[103.72931,1.32773],[103.72926,1.32749],[103.72919,1.32726],[103.72909,1.32702],[103.72899,1.32681],[103.72885,1.32659],[103.72864,1.32641],[103.72844,1.32632],[103.72823,1.32623],[103.72799,1.32615],[103.72776,1.32607],[103.72752,1.326],[103.72732,1.32593],[103.72712,1.32587],[103.7269,1.32585],[103.72668,1.32583],[103.72645,1.3258],[103.72621,1.32577],[103.72598,1.32575],[103.72574,1.32573],[103.72551,1.3257],[103.72527,1.32568],[103.72505,1.32567],[103.72482,1.32569],[103.72461,1.32578],[103.72439,1.326],[103.72427,1.32621],[103.72416,1.32643],[103.72406,1.32664],[103.72397,1.32685],[103.72387,1.32707],[103.72377,1.3273],[103.72366,1.32754],[103.72356,1.32777],[103.72346,1.328],[103.72337,1.32821],[103.72328,1.32844],[103.7232,1.32865],[103.72313,1.32886],[103.72308,1.32909],[103.72304,1.32932],[103.72301,1.32955],[103.72297,1.32979],[103.72294,1.33002],[103.72291,1.33026],[103.72288,1.33049],[103.72285,1.33073],[103.72282,1.33096],[103.7228,1.3312],[103.72277,1.33143],[103.72275,1.33166],[103.72275,1.3319],[103.72277,1.33213],[103.72282,1.33237],[103.72287,1.3326],[103.72292,1.33284],[103.72297,1.33307],[103.72302,1.3333],[103.72307,1.33354],[103.72313,1.33377],[103.72318,1.33401],[103.72323,1.33424],[103.72328,1.33448],[103.72332,1.33471],[103.72332,1.33495],[103.72327,1.33518],[103.72319,1.33541],[103.72311,1.33565],[103.72302,1.33588],[103.72293,1.33611],[103.72285,1.33632],[103.72276,1.33652],[103.72266,1.33674],[103.72256,1.33694],[103.72245,1.33716],[103.72233,1.33739],[103.7222,1.33761],[103.72207,1.33782],[103.72192,1.33803],[103.72174,1.33824],[103.72155,1.33847],[103.72139,1.33867],[103.72121,1.33889],[103.72104,1.3391],[103.72086,1.33933],[103.72069,1.33954],[103.72053,1.33974],[103.72037,1.33995],[103.72021,1.34015],[103.72003,1.34039],[103.71987,1.34061],[103.71974,1.34082],[103.71966,1.34104],[103.71963,1.34126],[103.71962,1.34146],[103.7196,1.34167],[103.71959,1.34189],[103.71957,1.34212],[103.71955,1.34235],[103.71954,1.34259],[103.71952,1.34282],[103.7195,1.34305],[103.71949,1.34329],[103.71947,1.34352],[103.71947,1.34374],[103.71949,1.34395],[103.71957,1.34417],[103.71966,1.34438],[103.71976,1.3446],[103.71985,1.34481],[103.71994,1.34502],[103.72004,1.34525],[103.72013,1.34547],[103.72022,1.34569],[103.72032,1.3459],[103.7204,1.3461],[103.72049,1.34632],[103.72058,1.34652],[103.72069,1.34673],[103.72087,1.34694],[103.72108,1.34707],[103.7213,1.34717],[103.72152,1.34727],[103.72176,1.34736],[103.72199,1.34742],[103.72223,1.34745],[103.72246,1.34746],[103.7227,1.34746],[103.72293,1.34747],[103.72316,1.34748],[103.7234,1.34749],[103.72363,1.3475],[103.72387,1.34751],[103.7241,1.34751],[103.72434,1.34752],[103.72457,1.34753],[103.7248,1.34753],[103.72504,1.34752],[103.72527,1.34751],[103.72551,1.34749],[103.72574,1.34746],[103.72598,1.34744],[103.72621,1.34742],[103.72645,1.3474],[103.72668,1.34737],[103.72691,1.34735],[103.72715,1.34733],[103.72738,1.3473],[103.72762,1.34728],[103.72785,1.34725],[103.72809,1.34722],[103.72832,1.34719],[103.72855,1.34716],[103.72879,1.34712],[103.72902,1.34709],[103.72926,1.34705],[103.72949,1.34702],[103.72973,1.34698],[103.72994,1.34695],[103.73016,1.34691],[103.73037,1.34683],[103.73058,1.34663],[103.73061,1.34659]]],[[[103.92861,1.34973],[103.92881,1.34959],[103.92903,1.34936],[103.92921,1.34914],[103.9294,1.34892],[103.92961,1.34872],[103.92983,1.34852],[103.93005,1.34836],[103.93026,1.34822],[103.93048,1.34809],[103.93068,1.34799],[103.9309,1.34787],[103.93112,1.34777],[103.93133,1.34768],[103.93154,1.3476],[103.93174,1.34753],[103.93197,1.34743],[103.93218,1.34733],[103.93241,1.34722],[103.93263,1.3471],[103.93284,1.34697],[103.93286,1.34676],[103.93266,1.3466],[103.93245,1.34649],[103.93223,1.3464],[103.93199,1.34632],[103.93176,1.34625],[103.93152,1.34621],[103.93131,1.34617],[103.9311,1.34614],[103.93089,1.34611],[103.93066,1.34608],[103.93042,1.34605],[103.93021,1.34602],[103.92998,1.34599],[103.92974,1.34596],[103.92951,1.34593],[103.92927,1.3459],[103.92905,1.34589],[103.92884,1.34592],[103.92864,1.34603],[103.92843,1.34622],[103.92822,1.34643],[103.92803,1.34664],[103.92791,1.34684],[103.92786,1.34705],[103.92783,1.34727],[103.92782,1.34751],[103.92779,1.34774],[103.92776,1.34798],[103.92772,1.3482],[103.92766,1.34841],[103.92755,1.34863],[103.92738,1.34884],[103.92716,1.34898],[103.92694,1.34906],[103.92673,1.34913],[103.9265,1.34915],[103.92627,1.34917],[103.92604,1.34922],[103.92582,1.34932],[103.9256,1.34948],[103.92543,1.34969],[103.92537,1.3499],[103.92545,1.3501],[103.92569,1.35033],[103.92591,1.35045],[103.92613,1.35047],[103.92637,1.35043],[103.9266,1.35038],[103.92684,1.35032],[103.92707,1.35026],[103.9273,1.3502],[103.92754,1.35013],[103.92777,1.35006],[103.92798,1.35],[103.92818,1.34994],[103.92839,1.34985],[103.92861,1.34973]]],[[[103.78816,1.35627],[103.7883,1.35604],[103.78835,1.3558],[103.7883,1.35557],[103.78818,1.35535],[103.78806,1.35514],[103.78791,1.35494],[103.78785,1.35514],[103.78784,1.35535],[103.78782,1.35557],[103.78781,1.3558],[103.78782,1.35604],[103.78784,1.35627],[103.78786,1.35649],[103.78809,1.35636],[103.78816,1.35627]]],[[[103.81823,1.35718],[103.81844,1.35706],[103.81865,1.35692],[103.81887,1.35671],[103.81903,1.35648],[103.81916,1.35627],[103.81927,1.35607],[103.81936,1.35587],[103.81915,1.35578],[103.81893,1.35569],[103.8187,1.3556],[103.81846,1.35551],[103.81823,1.35543],[103.818,1.3554],[103.8178,1.35545],[103.81758,1.35561],[103.81743,1.35584],[103.81737,1.35605],[103.81739,1.35627],[103.81744,1.35651],[103.81753,1.35674],[103.81765,1.35698],[103.81776,1.35718],[103.81798,1.35732],[103.81818,1.35721],[103.81823,1.35718]]],[[[103.80292,1.35872],[103.80282,1.3585],[103.80268,1.35829],[103.80252,1.35807],[103.80237,1.35784],[103.80225,1.35764],[103.80213,1.35743],[103.80203,1.35722],[103.80193,1.35698],[103.80183,1.35674],[103.80175,1.35651],[103.80167,1.35627],[103.8016,1.35607],[103.80149,1.35585],[103.80126,1.35574],[103.80102,1.35564],[103.80079,1.35554],[103.80055,1.35545],[103.80032,1.35536],[103.80009,1.35529],[103.79986,1.35521],[103.79965,1.35516],[103.79943,1.35512],[103.79921,1.35506],[103.79898,1.35499],[103.79877,1.35491],[103.79855,1.35482],[103.79833,1.35472],[103.7981,1.35458],[103.79788,1.35443],[103.79768,1.35426],[103.79751,1.35403],[103.79737,1.35382],[103.79724,1.35358],[103.79714,1.35337],[103.79706,1.35314],[103.79697,1.35292],[103.79676,1.35297],[103.79668,1.35318],[103.7966,1.35341],[103.7965,1.35363],[103.79639,1.35384],[103.79624,1.35407],[103.79611,1.35428],[103.79589,1.35448],[103.79568,1.35464],[103.79544,1.35481],[103.79522,1.35494],[103.79501,1.35504],[103.7948,1.35512],[103.7946,1.35519],[103.79436,1.35525],[103.79413,1.35531],[103.7939,1.35536],[103.79366,1.3554],[103.79343,1.35543],[103.7932,1.35547],[103.79296,1.35551],[103.79273,1.35557],[103.79251,1.35563],[103.7923,1.3557],[103.79209,1.35582],[103.7923,1.35597],[103.79251,1.35603],[103.79273,1.35609],[103.79296,1.35615],[103.7932,1.35621],[103.79343,1.35627],[103.79366,1.35632],[103.7939,1.35636],[103.79413,1.35639],[103.79437,1.3564],[103.7946,1.35642],[103.79484,1.35643],[103.79507,1.35644],[103.7953,1.35646],[103.79554,1.35647],[103.79577,1.35648],[103.79601,1.3565],[103.79624,1.35651],[103.79648,1.35652],[103.79669,1.35653],[103.7969,1.35656],[103.79712,1.3566],[103.79733,1.35667],[103.79755,1.35675],[103.79776,1.35685],[103.79798,1.35697],[103.79819,1.3571],[103.79839,1.35723],[103.79859,1.35746],[103.79872,1.35768],[103.79885,1.35791],[103.79897,1.35814],[103.79906,1.35835],[103.79913,1.35857],[103.7992,1.35879],[103.79935,1.359],[103.79956,1.35923],[103.79978,1.35939],[103.8,1.35948],[103.80023,1.35948],[103.80046,1.35945],[103.8007,1.3594],[103.80093,1.35936],[103.80116,1.35932],[103.8014,1.35928],[103.80163,1.35923],[103.80187,1.35918],[103.8021,1.35913],[103.80234,1.35908],[103.80257,1.35903],[103.80278,1.35897],[103.80293,1.35876],[103.80292,1.35872]]],[[[103.81642,1.35882],[103.81622,1.35869],[103.81598,1.35856],[103.81574,1.35846],[103.81551,1.35838],[103.81527,1.35833],[103.81504,1.35832],[103.81483,1.35838],[103.81463,1.35851],[103.81444,1.35874],[103.81443,1.35897],[103.81459,1.3592],[103.81483,1.35936],[103.81504,1.3594],[103.81527,1.35935],[103.81551,1.35927],[103.81574,1.35918],[103.81598,1.35909],[103.81619,1.359],[103.8164,1.35891],[103.81642,1.35882]]],[[[103.76713,1.37127],[103.76724,1.37105],[103.76735,1.37084],[103.76747,1.37062],[103.76758,1.37041],[103.7677,1.37021],[103.76784,1.36998],[103.76796,1.36977],[103.76809,1.36956],[103.76823,1.36934],[103.76837,1.36913],[103.76852,1.36892],[103.76868,1.3687],[103.76884,1.36848],[103.76901,1.36826],[103.76917,1.36805],[103.76935,1.36784],[103.76954,1.36763],[103.76976,1.36744],[103.76996,1.36735],[103.77018,1.36735],[103.77041,1.3674],[103.77065,1.36745],[103.77088,1.3675],[103.77112,1.36755],[103.77135,1.3676],[103.77159,1.36764],[103.77182,1.36769],[103.77205,1.36773],[103.77229,1.36777],[103.77252,1.36781],[103.77274,1.36785],[103.77296,1.36787],[103.77318,1.36784],[103.77341,1.36782],[103.77365,1.36779],[103.77388,1.36776],[103.77412,1.36774],[103.77435,1.36771],[103.77459,1.36768],[103.77482,1.36766],[103.77505,1.36763],[103.77529,1.36761],[103.77552,1.36758],[103.77575,1.36754],[103.77597,1.36746],[103.77617,1.36735],[103.77637,1.3672],[103.77656,1.36698],[103.77663,1.36677],[103.77668,1.36656],[103.77671,1.36636],[103.77674,1.36611],[103.77676,1.36588],[103.77678,1.36565],[103.77679,1.36541],[103.7768,1.36518],[103.77679,1.36495],[103.77671,1.36474],[103.77653,1.36453],[103.77633,1.36433],[103.77613,1.36413],[103.77591,1.36397],[103.77569,1.36387],[103.77548,1.36379],[103.77525,1.36371],[103.77505,1.36362],[103.77484,1.36351],[103.77463,1.3634],[103.77442,1.36326],[103.7742,1.36305],[103.774,1.36284],[103.77381,1.36263],[103.77366,1.36242],[103.77354,1.3622],[103.77342,1.36198],[103.77326,1.36177],[103.77305,1.36155],[103.77283,1.36137],[103.77262,1.36124],[103.77241,1.36113],[103.77219,1.36098],[103.77198,1.36077],[103.77177,1.36053],[103.7716,1.36031],[103.77148,1.36011],[103.77136,1.35989],[103.77127,1.35967],[103.7712,1.35944],[103.77113,1.35923],[103.77108,1.35899],[103.77104,1.35876],[103.77103,1.35852],[103.77103,1.35829],[103.77102,1.35805],[103.77102,1.35782],[103.77102,1.35759],[103.77102,1.35735],[103.77101,1.35712],[103.77101,1.35688],[103.77101,1.35665],[103.77101,1.35641],[103.771,1.35618],[103.771,1.35595],[103.77099,1.35571],[103.77097,1.35548],[103.77096,1.35524],[103.77094,1.35501],[103.77092,1.35477],[103.77091,1.35454],[103.77089,1.3543],[103.77087,1.35407],[103.77085,1.35384],[103.77083,1.3536],[103.77082,1.35337],[103.7708,1.35313],[103.77079,1.3529],[103.77079,1.35266],[103.77081,1.35243],[103.77083,1.3522],[103.77085,1.35196],[103.77088,1.35173],[103.77092,1.35149],[103.77098,1.35126],[103.77105,1.35102],[103.77112,1.35081],[103.77122,1.35059],[103.7714,1.35039],[103.77164,1.35025],[103.77187,1.35013],[103.7721,1.35004],[103.77234,1.34997],[103.77257,1.34993],[103.7728,1.3499],[103.77304,1.34988],[103.77327,1.34987],[103.77351,1.34987],[103.77374,1.34987],[103.77398,1.34987],[103.77421,1.34987],[103.77445,1.34987],[103.77468,1.34987],[103.77491,1.34987],[103.77515,1.34987],[103.77538,1.34987],[103.77561,1.34987],[103.77581,1.34987],[103.77604,1.34984],[103.77627,1.34979],[103.77651,1.34974],[103.77674,1.34967],[103.77698,1.3496],[103.77721,1.34952],[103.77743,1.34943],[103.77764,1.34933],[103.77787,1.34921],[103.77807,1.3491],[103.77828,1.34888],[103.77849,1.34865],[103.77868,1.34845],[103.77883,1.34825],[103.77896,1.34803],[103.7791,1.34781],[103.77929,1.34759],[103.77949,1.34742],[103.77972,1.34729],[103.77993,1.34719],[103.78016,1.34711],[103.7804,1.34703],[103.78063,1.34697],[103.78086,1.34693],[103.78106,1.34689],[103.78123,1.34668],[103.78134,1.34648],[103.78146,1.34624],[103.78157,1.34601],[103.78169,1.34577],[103.78178,1.34557],[103.78188,1.34537],[103.78192,1.34515],[103.78197,1.34493],[103.78206,1.34471],[103.78221,1.34448],[103.78242,1.34428],[103.78267,1.34413],[103.78288,1.34405],[103.78312,1.344],[103.78335,1.34397],[103.78359,1.34394],[103.78382,1.34392],[103.78405,1.34391],[103.78429,1.3439],[103.78452,1.34389],[103.78476,1.3439],[103.78499,1.34393],[103.78523,1.34399],[103.78546,1.34408],[103.78568,1.34419],[103.78589,1.34433],[103.78611,1.3445],[103.78631,1.34468],[103.78643,1.34489],[103.78652,1.34509],[103.78662,1.34533],[103.78669,1.34554],[103.78675,1.34577],[103.7868,1.34601],[103.78684,1.34624],[103.78688,1.34648],[103.78691,1.34671],[103.78696,1.34692],[103.78701,1.34713],[103.78708,1.34734],[103.78714,1.34755],[103.78722,1.34775],[103.78731,1.34798],[103.78741,1.34821],[103.78751,1.34845],[103.78762,1.34868],[103.78774,1.3489],[103.78784,1.3491],[103.78807,1.34917],[103.78827,1.34917],[103.78851,1.34918],[103.78874,1.3492],[103.78898,1.34921],[103.78921,1.34924],[103.78945,1.34928],[103.78968,1.34934],[103.7899,1.34941],[103.79011,1.34953],[103.79029,1.34974],[103.79044,1.34997],[103.79058,1.35018],[103.79072,1.3504],[103.79086,1.35061],[103.7909,1.3504],[103.79092,1.35018],[103.79094,1.34995],[103.79095,1.34971],[103.79094,1.34948],[103.79093,1.34924],[103.79092,1.34901],[103.7909,1.34877],[103.79089,1.34857],[103.79087,1.34837],[103.79083,1.34815],[103.7908,1.34793],[103.79076,1.3477],[103.79074,1.34746],[103.79072,1.34723],[103.79069,1.34699],[103.79065,1.34676],[103.79059,1.34652],[103.79051,1.34629],[103.79043,1.34605],[103.79035,1.34582],[103.79028,1.3456],[103.7902,1.34538],[103.79012,1.34517],[103.79004,1.34495],[103.78995,1.34474],[103.78985,1.3445],[103.78976,1.34427],[103.78966,1.34406],[103.78955,1.34386],[103.78932,1.34366],[103.78911,1.3435],[103.78889,1.34334],[103.78868,1.34319],[103.78847,1.34305],[103.78826,1.34291],[103.78803,1.34279],[103.7878,1.34269],[103.78757,1.34262],[103.78734,1.34258],[103.78711,1.34252],[103.78689,1.34245],[103.78668,1.34236],[103.78648,1.34223],[103.78628,1.342],[103.78614,1.34177],[103.78605,1.34154],[103.78598,1.34132],[103.78592,1.34109],[103.78586,1.34086],[103.78579,1.34065],[103.78571,1.34044],[103.78563,1.34023],[103.78556,1.34003],[103.78547,1.33982],[103.78538,1.33959],[103.78529,1.33935],[103.7852,1.33912],[103.78511,1.33889],[103.78502,1.33866],[103.78494,1.33845],[103.78484,1.33823],[103.78475,1.33802],[103.78471,1.33782],[103.7847,1.33761],[103.7847,1.33738],[103.78471,1.33715],[103.78472,1.33691],[103.78473,1.33668],[103.78474,1.33645],[103.78476,1.33621],[103.78477,1.33598],[103.78479,1.33574],[103.78481,1.33551],[103.78483,1.33527],[103.78485,1.33507],[103.78487,1.33487],[103.78475,1.33465],[103.78463,1.33443],[103.78451,1.3342],[103.78439,1.33399],[103.78428,1.33378],[103.78417,1.33356],[103.78406,1.33335],[103.78397,1.33315],[103.78386,1.33293],[103.78375,1.3327],[103.78364,1.33246],[103.78353,1.33223],[103.78343,1.33201],[103.78321,1.33183],[103.78298,1.33177],[103.78274,1.33171],[103.78251,1.33166],[103.78227,1.33162],[103.78204,1.33159],[103.7818,1.33157],[103.78157,1.33156],[103.78134,1.33156],[103.7811,1.33156],[103.78087,1.33155],[103.78063,1.33155],[103.7804,1.33154],[103.78016,1.33152],[103.77993,1.3315],[103.77972,1.33146],[103.77952,1.33137],[103.7793,1.33116],[103.77922,1.33095],[103.77918,1.33073],[103.77916,1.33049],[103.77914,1.33026],[103.77913,1.33002],[103.77913,1.32979],[103.77912,1.32955],[103.77912,1.32932],[103.77911,1.3291],[103.77907,1.32889],[103.77887,1.3287],[103.77868,1.32892],[103.77866,1.32914],[103.77867,1.32937],[103.77869,1.3296],[103.77871,1.32984],[103.77873,1.33007],[103.77875,1.3303],[103.77877,1.33054],[103.77878,1.33077],[103.7788,1.33101],[103.77882,1.33124],[103.77884,1.33148],[103.77886,1.33171],[103.77886,1.33195],[103.77886,1.33218],[103.77884,1.33241],[103.77882,1.33265],[103.77881,1.33288],[103.77879,1.33312],[103.77877,1.33335],[103.77875,1.33359],[103.77872,1.33382],[103.7787,1.33405],[103.77867,1.33429],[103.77864,1.33452],[103.77861,1.33476],[103.77858,1.33499],[103.77856,1.33523],[103.77854,1.33546],[103.77852,1.3357],[103.7785,1.33593],[103.77847,1.33616],[103.77845,1.3364],[103.77843,1.33663],[103.77841,1.33687],[103.77839,1.3371],[103.77837,1.33734],[103.77835,1.33757],[103.77832,1.33777],[103.77826,1.338],[103.77814,1.33822],[103.77801,1.33843],[103.77787,1.33864],[103.77768,1.33887],[103.7775,1.33908],[103.77731,1.33929],[103.7771,1.33946],[103.77687,1.33964],[103.77665,1.33979],[103.77644,1.33993],[103.77622,1.34005],[103.776,1.34016],[103.77577,1.34033],[103.77556,1.34053],[103.77534,1.34074],[103.77514,1.34094],[103.77498,1.34117],[103.77481,1.3414],[103.77465,1.3416],[103.7745,1.34181],[103.77434,1.34201],[103.77417,1.34224],[103.77401,1.34244],[103.77383,1.34267],[103.77367,1.34288],[103.77351,1.34308],[103.77333,1.34331],[103.77316,1.34352],[103.77298,1.34374],[103.77279,1.34396],[103.77257,1.34418],[103.77235,1.34439],[103.77215,1.34459],[103.77192,1.34479],[103.77172,1.34496],[103.77149,1.34515],[103.77128,1.34533],[103.77107,1.34548],[103.77087,1.34563],[103.77066,1.34578],[103.77044,1.34594],[103.77022,1.34608],[103.77001,1.34622],[103.7698,1.34627],[103.76957,1.34625],[103.76935,1.34621],[103.76913,1.34618],[103.76891,1.34614],[103.76871,1.34611],[103.76849,1.34607],[103.76828,1.34604],[103.76807,1.34601],[103.76784,1.34597],[103.7676,1.34594],[103.76737,1.3459],[103.76713,1.34587],[103.7669,1.34585],[103.76666,1.34584],[103.76643,1.34584],[103.7662,1.34585],[103.76596,1.34586],[103.76573,1.34586],[103.76549,1.34587],[103.76526,1.34588],[103.76502,1.34589],[103.76479,1.3459],[103.76455,1.34591],[103.76432,1.34592],[103.76409,1.34592],[103.76385,1.34591],[103.76362,1.34587],[103.76338,1.34581],[103.76315,1.34575],[103.76291,1.34569],[103.76268,1.34563],[103.76245,1.34557],[103.76221,1.34551],[103.76198,1.34546],[103.76176,1.34541],[103.76154,1.34536],[103.76132,1.34531],[103.7611,1.34526],[103.76089,1.34525],[103.76067,1.34545],[103.76045,1.34568],[103.76025,1.3459],[103.76006,1.3461],[103.75983,1.34629],[103.7596,1.34648],[103.75938,1.34667],[103.75917,1.34688],[103.75916,1.3471],[103.75919,1.34732],[103.75923,1.34755],[103.75927,1.34779],[103.75931,1.34802],[103.75935,1.34824],[103.75939,1.34846],[103.75943,1.34868],[103.75947,1.34891],[103.75951,1.34915],[103.75955,1.34938],[103.75959,1.34961],[103.75959,1.34982],[103.75954,1.35002],[103.75942,1.35023],[103.75927,1.35043],[103.75908,1.35065],[103.75886,1.35087],[103.75865,1.35105],[103.75842,1.35122],[103.75822,1.35135],[103.758,1.35147],[103.75777,1.35151],[103.75757,1.3515],[103.75734,1.35147],[103.75711,1.35144],[103.75689,1.35141],[103.75668,1.35138],[103.75647,1.35134],[103.75627,1.35131],[103.75602,1.35127],[103.75579,1.35123],[103.75555,1.35119],[103.75532,1.35115],[103.7551,1.35112],[103.75487,1.35115],[103.75466,1.35137],[103.75448,1.35159],[103.75429,1.35181],[103.7541,1.35202],[103.75389,1.3522],[103.75366,1.35238],[103.75345,1.35255],[103.75323,1.3527],[103.75305,1.3529],[103.7532,1.3531],[103.75343,1.35324],[103.75364,1.35332],[103.75387,1.35337],[103.7541,1.35341],[103.75434,1.35344],[103.75457,1.35346],[103.75479,1.35349],[103.755,1.35352],[103.75523,1.35357],[103.75543,1.35362],[103.75564,1.35368],[103.75585,1.35378],[103.75607,1.35389],[103.75627,1.354],[103.75649,1.35415],[103.7567,1.35438],[103.75684,1.3546],[103.75696,1.35482],[103.75707,1.35502],[103.75715,1.35523],[103.7572,1.35543],[103.75725,1.35566],[103.75727,1.35587],[103.75724,1.35611],[103.75716,1.35633],[103.75708,1.35654],[103.75696,1.35674],[103.75679,1.35698],[103.75664,1.35719],[103.75648,1.35739],[103.75625,1.35756],[103.75602,1.3577],[103.75579,1.35782],[103.75558,1.35792],[103.75537,1.358],[103.75516,1.35807],[103.75495,1.35814],[103.75475,1.35814],[103.75453,1.3581],[103.75431,1.35805],[103.75408,1.35798],[103.75386,1.35791],[103.75364,1.35782],[103.7534,1.3577],[103.75319,1.35756],[103.753,1.35735],[103.75286,1.35714],[103.75273,1.3569],[103.75263,1.35669],[103.75257,1.35647],[103.75251,1.35623],[103.75247,1.35599],[103.75243,1.35576],[103.7524,1.35552],[103.75238,1.35529],[103.75234,1.35505],[103.75229,1.35482],[103.75223,1.3546],[103.75215,1.35438],[103.752,1.35417],[103.7518,1.35424],[103.75173,1.35444],[103.75166,1.35468],[103.75158,1.35491],[103.75151,1.35515],[103.75145,1.35538],[103.75139,1.35562],[103.75135,1.35585],[103.75133,1.35609],[103.75133,1.35632],[103.75134,1.35655],[103.75135,1.35679],[103.75136,1.35702],[103.75137,1.35726],[103.75138,1.35749],[103.75139,1.35773],[103.7514,1.35796],[103.75141,1.3582],[103.75142,1.35843],[103.75143,1.35866],[103.75143,1.3589],[103.75142,1.35913],[103.75142,1.35937],[103.75141,1.3596],[103.7514,1.35984],[103.75139,1.36007],[103.75138,1.3603],[103.75137,1.36054],[103.75136,1.36077],[103.75135,1.36101],[103.75134,1.36124],[103.75133,1.36148],[103.75132,1.36171],[103.75132,1.36195],[103.75131,1.36218],[103.7513,1.36241],[103.75129,1.36265],[103.75128,1.36288],[103.75128,1.36312],[103.75126,1.36335],[103.75125,1.36359],[103.75124,1.36382],[103.75122,1.36405],[103.75119,1.36429],[103.75117,1.36452],[103.75114,1.36474],[103.75116,1.36496],[103.75124,1.36518],[103.75133,1.36541],[103.75142,1.36565],[103.7515,1.36588],[103.75159,1.36611],[103.75167,1.36632],[103.75175,1.36654],[103.75188,1.36675],[103.7521,1.36678],[103.75232,1.36672],[103.75255,1.36665],[103.75279,1.36658],[103.75302,1.36653],[103.75324,1.36648],[103.75347,1.36644],[103.7537,1.3664],[103.75392,1.36637],[103.75414,1.36634],[103.75435,1.36632],[103.75457,1.36629],[103.7548,1.3662],[103.75497,1.366],[103.75506,1.36576],[103.75513,1.36555],[103.75519,1.36532],[103.75526,1.36509],[103.75531,1.36485],[103.75536,1.36462],[103.7554,1.36438],[103.75545,1.36415],[103.7555,1.36393],[103.75555,1.36371],[103.75561,1.36349],[103.75568,1.36327],[103.75577,1.36307],[103.75587,1.36284],[103.75598,1.36263],[103.75613,1.3624],[103.7563,1.36218],[103.75649,1.36197],[103.75669,1.36177],[103.75691,1.36156],[103.75711,1.36137],[103.75731,1.36122],[103.75751,1.36108],[103.75773,1.36096],[103.75793,1.36088],[103.75814,1.36082],[103.75837,1.36077],[103.7586,1.36072],[103.75884,1.36067],[103.75907,1.36062],[103.7593,1.36057],[103.75954,1.36051],[103.75977,1.36046],[103.75999,1.36041],[103.76021,1.36035],[103.76043,1.3603],[103.76066,1.36025],[103.76088,1.36023],[103.76108,1.36026],[103.7613,1.36032],[103.76151,1.36039],[103.76171,1.36051],[103.76193,1.36068],[103.76215,1.36084],[103.76237,1.36102],[103.76251,1.36125],[103.76262,1.36148],[103.76273,1.3617],[103.76285,1.36192],[103.76301,1.36214],[103.76316,1.36236],[103.76328,1.36257],[103.76339,1.36281],[103.76348,1.36302],[103.76357,1.36326],[103.76365,1.36349],[103.76372,1.36373],[103.76377,1.36394],[103.76383,1.36416],[103.76388,1.36437],[103.76397,1.36458],[103.76406,1.36481],[103.7641,1.36505],[103.7641,1.36527],[103.7641,1.36551],[103.7641,1.36574],[103.7641,1.36598],[103.7641,1.36621],[103.7641,1.36645],[103.7641,1.36668],[103.76409,1.36691],[103.76409,1.36715],[103.76409,1.36738],[103.76409,1.36761],[103.76407,1.36782],[103.76401,1.36804],[103.76393,1.36826],[103.76384,1.36846],[103.76376,1.36867],[103.76366,1.36889],[103.76356,1.36912],[103.76346,1.36934],[103.76336,1.36954],[103.76324,1.36976],[103.76312,1.36997],[103.76299,1.37019],[103.76285,1.37039],[103.7627,1.37061],[103.76265,1.37083],[103.76288,1.37102],[103.76308,1.37109],[103.76329,1.37115],[103.76352,1.37119],[103.76376,1.37123],[103.76399,1.37125],[103.76423,1.37127],[103.76446,1.37128],[103.7647,1.3713],[103.76493,1.37132],[103.76516,1.37134],[103.7654,1.37136],[103.76563,1.3714],[103.76586,1.37143],[103.76607,1.37147],[103.76629,1.37153],[103.76649,1.37159],[103.76669,1.37168],[103.76689,1.37173],[103.76702,1.37151],[103.76713,1.37127]],[[103.7638,1.35214],[103.7636,1.35209],[103.76337,1.35203],[103.76313,1.35194],[103.76291,1.35185],[103.76268,1.35174],[103.76245,1.35162],[103.76224,1.35148],[103.76205,1.35126],[103.76189,1.35103],[103.76175,1.35083],[103.76162,1.35063],[103.76154,1.3504],[103.76148,1.35018],[103.76144,1.34995],[103.76144,1.34971],[103.76149,1.34948],[103.76155,1.34925],[103.76162,1.34904],[103.76173,1.34882],[103.76185,1.3486],[103.76198,1.34838],[103.76215,1.34816],[103.76237,1.34795],[103.76258,1.34778],[103.76279,1.34765],[103.763,1.34754],[103.76323,1.34745],[103.76348,1.34737],[103.76371,1.34732],[103.76395,1.3473],[103.76418,1.34733],[103.76441,1.34738],[103.76461,1.34744],[103.76483,1.34751],[103.76503,1.34759],[103.76524,1.34769],[103.76547,1.34786],[103.76568,1.34805],[103.76589,1.34825],[103.76607,1.34846],[103.76617,1.34866],[103.76627,1.34889],[103.76636,1.34913],[103.76643,1.34934],[103.76649,1.34957],[103.76651,1.3498],[103.76648,1.35004],[103.7664,1.35027],[103.76631,1.35048],[103.76621,1.35069],[103.76605,1.3509],[103.76586,1.35111],[103.76567,1.35132],[103.76546,1.3515],[103.76523,1.35163],[103.76502,1.35174],[103.76479,1.35185],[103.76458,1.35194],[103.76438,1.35201],[103.76416,1.35208],[103.76396,1.35214],[103.7638,1.35214]]],[[[103.78528,1.37352],[103.7853,1.37329],[103.78532,1.37305],[103.78534,1.37282],[103.78536,1.37259],[103.78538,1.37235],[103.78539,1.37212],[103.78541,1.37188],[103.78543,1.37165],[103.78545,1.37141],[103.78546,1.37118],[103.78543,1.37096],[103.78533,1.37075],[103.78512,1.37051],[103.78492,1.37039],[103.78471,1.37035],[103.78448,1.3704],[103.78424,1.37048],[103.78401,1.37057],[103.78377,1.37066],[103.78356,1.37075],[103.78335,1.37084],[103.78343,1.37105],[103.78358,1.37128],[103.78372,1.37148],[103.78384,1.3717],[103.78394,1.37191],[103.78403,1.37212],[103.78412,1.37233],[103.78418,1.37253],[103.78425,1.37277],[103.78431,1.37301],[103.78437,1.37324],[103.78442,1.37348],[103.78448,1.3737],[103.78457,1.37391],[103.78475,1.37411],[103.78496,1.37414],[103.78517,1.37391],[103.78525,1.3737],[103.78528,1.37352]]],[[[103.90064,1.37379],[103.90044,1.37372],[103.9002,1.37362],[103.89998,1.37352],[103.89976,1.37343],[103.89954,1.37332],[103.89934,1.37321],[103.89912,1.37308],[103.89891,1.37298],[103.89871,1.373],[103.89851,1.37308],[103.8983,1.37316],[103.89808,1.37326],[103.89786,1.37337],[103.89764,1.37348],[103.89743,1.37358],[103.89721,1.37369],[103.897,1.37385],[103.89721,1.37406],[103.89743,1.37414],[103.89764,1.37419],[103.89787,1.37423],[103.8981,1.37426],[103.89834,1.37428],[103.89857,1.3743],[103.8988,1.3743],[103.89904,1.3743],[103.89927,1.37429],[103.89951,1.37428],[103.89974,1.37425],[103.89998,1.37422],[103.9002,1.37418],[103.9004,1.37412],[103.90061,1.37403],[103.90071,1.37383],[103.90064,1.37379]]],[[[103.80318,1.37652],[103.80318,1.37629],[103.80318,1.37605],[103.80318,1.37582],[103.80318,1.37559],[103.80318,1.37535],[103.80318,1.37512],[103.80318,1.37488],[103.80318,1.37465],[103.80318,1.37441],[103.80318,1.37418],[103.80317,1.37395],[103.80314,1.37371],[103.80309,1.37348],[103.80303,1.37327],[103.80297,1.37304],[103.80276,1.37316],[103.8027,1.37339],[103.80264,1.37362],[103.8026,1.37385],[103.80257,1.37409],[103.80257,1.37432],[103.80257,1.37455],[103.80257,1.37479],[103.80257,1.37502],[103.80257,1.37526],[103.80257,1.37549],[103.80257,1.37573],[103.80257,1.37596],[103.80257,1.3762],[103.80257,1.37643],[103.80257,1.37665],[103.80262,1.37687],[103.80277,1.37707],[103.80298,1.37707],[103.80313,1.37687],[103.80318,1.37665],[103.80318,1.37652]]],[[[103.9023,1.37652],[103.90225,1.37629],[103.9022,1.37605],[103.90214,1.37582],[103.90209,1.37559],[103.90203,1.37537],[103.90198,1.37517],[103.9019,1.37495],[103.90168,1.37509],[103.90157,1.37533],[103.9015,1.37554],[103.90146,1.37577],[103.90143,1.37601],[103.90141,1.37624],[103.9014,1.37648],[103.9014,1.3767],[103.90147,1.3769],[103.90161,1.37711],[103.90183,1.37725],[103.90205,1.37719],[103.90224,1.37697],[103.90231,1.37674],[103.9023,1.37652]]],[[[103.84561,1.37836],[103.84581,1.37816],[103.84605,1.37792],[103.84627,1.3777],[103.84646,1.3775],[103.84668,1.37726],[103.84686,1.37704],[103.84698,1.37684],[103.84707,1.37662],[103.84711,1.37641],[103.84715,1.37621],[103.8472,1.37598],[103.84724,1.37577],[103.84729,1.37554],[103.84733,1.3753],[103.84738,1.37507],[103.84743,1.37484],[103.84748,1.3746],[103.84754,1.37437],[103.84759,1.37413],[103.84763,1.3739],[103.84767,1.37366],[103.84771,1.37343],[103.84774,1.3732],[103.84778,1.37296],[103.84782,1.37273],[103.84785,1.37251],[103.84807,1.37231],[103.84827,1.37224],[103.84851,1.37217],[103.84874,1.37211],[103.84898,1.37207],[103.84921,1.37203],[103.84945,1.372],[103.84968,1.37197],[103.84991,1.37195],[103.85015,1.37193],[103.85038,1.37191],[103.85061,1.37189],[103.85084,1.37185],[103.85105,1.37173],[103.85125,1.37156],[103.85147,1.37138],[103.8517,1.37119],[103.85191,1.371],[103.85194,1.3708],[103.85172,1.37061],[103.85149,1.37045],[103.85128,1.3703],[103.85105,1.37014],[103.85084,1.37004],[103.85064,1.37007],[103.85042,1.37012],[103.85021,1.37016],[103.84998,1.3702],[103.84977,1.37024],[103.84954,1.37028],[103.8493,1.37032],[103.84907,1.37036],[103.84884,1.3704],[103.8486,1.37044],[103.84837,1.37047],[103.84813,1.3705],[103.8479,1.37048],[103.84766,1.37042],[103.84743,1.3703],[103.84723,1.3702],[103.84701,1.3701],[103.84679,1.37004],[103.84657,1.36997],[103.84635,1.36991],[103.84612,1.36986],[103.84588,1.36981],[103.84565,1.36976],[103.84541,1.36973],[103.84518,1.36969],[103.84495,1.36967],[103.84471,1.36965],[103.84448,1.36964],[103.84424,1.36964],[103.84401,1.36964],[103.84377,1.36964],[103.84354,1.36964],[103.8433,1.36963],[103.84307,1.36963],[103.84284,1.36962],[103.8426,1.36962],[103.84237,1.36961],[103.84213,1.36961],[103.84191,1.36965],[103.84168,1.36975],[103.84147,1.36991],[103.84126,1.37008],[103.84111,1.37029],[103.84102,1.3705],[103.84092,1.37073],[103.84078,1.37094],[103.84058,1.37117],[103.84037,1.37138],[103.84017,1.37158],[103.83995,1.3718],[103.83974,1.37201],[103.83954,1.37221],[103.83933,1.37242],[103.83911,1.37264],[103.83891,1.37286],[103.83878,1.37307],[103.83869,1.37327],[103.8386,1.37348],[103.83853,1.37371],[103.83849,1.37395],[103.83849,1.37418],[103.83852,1.37441],[103.83855,1.37465],[103.83858,1.37488],[103.83861,1.37512],[103.83864,1.37535],[103.83868,1.37559],[103.83871,1.37582],[103.83875,1.37605],[103.83878,1.37629],[103.83882,1.37652],[103.83885,1.37674],[103.83907,1.37692],[103.83927,1.37696],[103.83951,1.37701],[103.83974,1.37706],[103.83998,1.37712],[103.84021,1.37718],[103.84045,1.37725],[103.84068,1.37732],[103.84091,1.37739],[103.84114,1.37747],[103.84135,1.37755],[103.84157,1.37764],[103.84179,1.37774],[103.84202,1.37785],[103.84223,1.37796],[103.84245,1.37808],[103.84268,1.37819],[103.84289,1.37829],[103.84311,1.37839],[103.84333,1.37848],[103.84356,1.37857],[103.84377,1.37865],[103.84401,1.37873],[103.84424,1.37881],[103.84448,1.37889],[103.84471,1.37893],[103.84494,1.37889],[103.84517,1.37875],[103.84538,1.37857],[103.84559,1.37838],[103.84561,1.37836]]],[[[104.00436,1.37952],[104.00435,1.37929],[104.00434,1.37905],[104.00433,1.37882],[104.00432,1.37859],[104.00431,1.37835],[104.0043,1.37812],[104.00429,1.37788],[104.00428,1.37765],[104.00427,1.37741],[104.00426,1.37718],[104.00425,1.37695],[104.00425,1.37671],[104.00424,1.37648],[104.00423,1.37624],[104.00422,1.37601],[104.00421,1.37577],[104.00419,1.37554],[104.00416,1.3753],[104.00412,1.37507],[104.00408,1.37485],[104.00402,1.37464],[104.0039,1.37444],[104.00378,1.37464],[104.0037,1.37485],[104.00362,1.37507],[104.00354,1.3753],[104.00345,1.37554],[104.00336,1.37577],[104.00328,1.37598],[104.0032,1.37619],[104.00312,1.37641],[104.00304,1.37662],[104.00295,1.37685],[104.00288,1.37709],[104.00282,1.37732],[104.00275,1.37755],[104.00268,1.37779],[104.00261,1.37802],[104.00254,1.37823],[104.00246,1.37845],[104.00238,1.37866],[104.00228,1.37889],[104.00218,1.37911],[104.00206,1.37934],[104.00194,1.37957],[104.0019,1.37977],[104.00199,1.37998],[104.00221,1.3801],[104.00241,1.38018],[104.00263,1.38024],[104.00287,1.38028],[104.0031,1.38031],[104.00334,1.38033],[104.00357,1.38035],[104.00378,1.38032],[104.00401,1.38022],[104.00422,1.38001],[104.00433,1.37978],[104.00436,1.37957],[104.00436,1.37952]]],[[[103.87331,1.3806],[103.87353,1.38051],[103.87377,1.38041],[103.87401,1.38031],[103.87424,1.3802],[103.87448,1.38008],[103.87468,1.37997],[103.87448,1.37978],[103.87424,1.37973],[103.87401,1.37969],[103.87377,1.37966],[103.87354,1.37964],[103.8733,1.37962],[103.87307,1.37961],[103.87284,1.3796],[103.8726,1.37959],[103.87237,1.37958],[103.87213,1.37958],[103.8719,1.37958],[103.87166,1.37958],[103.87143,1.3796],[103.8712,1.37962],[103.87096,1.37964],[103.87073,1.37966],[103.87049,1.37969],[103.87026,1.37973],[103.87002,1.37977],[103.86981,1.3798],[103.8696,1.37985],[103.86974,1.38005],[103.86998,1.3802],[103.8702,1.38033],[103.87041,1.38045],[103.87062,1.38056],[103.87083,1.38066],[103.87106,1.38076],[103.87126,1.38084],[103.87148,1.38092],[103.87171,1.38099],[103.87195,1.38101],[103.87218,1.38098],[103.87241,1.38091],[103.87263,1.38084],[103.87284,1.38077],[103.87307,1.38069],[103.87328,1.38062],[103.87331,1.3806]]],[[[103.76155,1.38131],[103.76178,1.38112],[103.76202,1.38092],[103.76224,1.38074],[103.76245,1.38059],[103.76265,1.38046],[103.76287,1.38033],[103.76308,1.3802],[103.76332,1.38007],[103.76352,1.37996],[103.76373,1.37981],[103.76388,1.3796],[103.76399,1.37937],[103.76407,1.37915],[103.76416,1.37895],[103.76426,1.37873],[103.76435,1.37851],[103.76445,1.37828],[103.76455,1.37807],[103.76465,1.37785],[103.76476,1.37764],[103.76488,1.3774],[103.765,1.37718],[103.76505,1.37697],[103.76499,1.37675],[103.76477,1.37655],[103.76455,1.37641],[103.76434,1.3763],[103.76414,1.37621],[103.76393,1.37613],[103.76372,1.37606],[103.76348,1.37598],[103.76324,1.3759],[103.76301,1.3758],[103.76277,1.37569],[103.76256,1.37558],[103.76235,1.37546],[103.76214,1.37526],[103.76195,1.37505],[103.76175,1.37483],[103.76159,1.37463],[103.76149,1.3744],[103.76139,1.37418],[103.7613,1.37395],[103.76123,1.37371],[103.76118,1.37348],[103.76114,1.37325],[103.76108,1.37304],[103.76099,1.3728],[103.76078,1.37274],[103.76067,1.37296],[103.76058,1.37316],[103.76048,1.37338],[103.76038,1.37361],[103.76029,1.37384],[103.7602,1.37406],[103.76011,1.37427],[103.76001,1.37449],[103.7599,1.37472],[103.7598,1.37493],[103.75969,1.37516],[103.75957,1.37538],[103.75946,1.3756],[103.75934,1.37581],[103.75921,1.37603],[103.75906,1.37626],[103.75893,1.37648],[103.75879,1.37669],[103.75866,1.3769],[103.75859,1.37711],[103.75852,1.37734],[103.75844,1.37758],[103.75837,1.37779],[103.75829,1.37802],[103.7582,1.37825],[103.75811,1.37847],[103.75802,1.37868],[103.75793,1.37889],[103.75784,1.3791],[103.75776,1.37931],[103.75769,1.37952],[103.75764,1.37973],[103.75766,1.37995],[103.75788,1.38016],[103.75808,1.38031],[103.75829,1.38044],[103.75851,1.38058],[103.75873,1.38072],[103.75893,1.38084],[103.75916,1.38098],[103.75939,1.38113],[103.7596,1.38125],[103.75982,1.38139],[103.76004,1.38152],[103.76027,1.38166],[103.76048,1.38178],[103.76071,1.38188],[103.76092,1.38187],[103.76116,1.38172],[103.76135,1.3815],[103.76155,1.38131]]],[[[103.89905,1.38102],[103.89916,1.38079],[103.89925,1.38055],[103.89932,1.38032],[103.89936,1.38009],[103.89933,1.37988],[103.8992,1.37965],[103.89899,1.37946],[103.89879,1.37935],[103.89857,1.37929],[103.89834,1.37927],[103.89811,1.37924],[103.89789,1.37921],[103.89768,1.37917],[103.89747,1.37913],[103.89725,1.379],[103.89702,1.37883],[103.89682,1.37867],[103.89661,1.37848],[103.89654,1.37826],[103.89648,1.37802],[103.89643,1.37779],[103.89639,1.37755],[103.89636,1.37732],[103.89634,1.37709],[103.89632,1.37685],[103.8963,1.37662],[103.89628,1.37638],[103.89626,1.37615],[103.89624,1.37591],[103.8962,1.37568],[103.89615,1.37547],[103.89607,1.37524],[103.89595,1.37504],[103.89574,1.37514],[103.89564,1.37535],[103.89555,1.37555],[103.89544,1.37577],[103.89535,1.37599],[103.89526,1.37619],[103.89517,1.37639],[103.89508,1.37661],[103.89502,1.37682],[103.89504,1.37702],[103.89512,1.37723],[103.89519,1.37744],[103.89526,1.37765],[103.89533,1.37789],[103.89539,1.37812],[103.89544,1.37835],[103.89549,1.37859],[103.89554,1.37882],[103.89558,1.37905],[103.89562,1.37929],[103.89566,1.37952],[103.8957,1.37973],[103.89575,1.37994],[103.89586,1.38015],[103.8961,1.3803],[103.89632,1.38039],[103.89652,1.38046],[103.89673,1.38054],[103.89695,1.38063],[103.89718,1.38071],[103.8974,1.38079],[103.89764,1.38089],[103.89787,1.38098],[103.8981,1.38107],[103.89834,1.38116],[103.89857,1.38125],[103.89877,1.38133],[103.89897,1.38118],[103.89905,1.38102]]],[[[103.94443,1.38557],[103.94455,1.38536],[103.94468,1.38515],[103.9449,1.38494],[103.94514,1.38473],[103.94536,1.38454],[103.94556,1.3844],[103.94578,1.38429],[103.94602,1.38418],[103.94626,1.38409],[103.94648,1.38402],[103.9467,1.38394],[103.94691,1.38385],[103.94711,1.38372],[103.94732,1.38353],[103.94753,1.38332],[103.94772,1.38311],[103.94785,1.38291],[103.94792,1.3827],[103.94798,1.38248],[103.94803,1.38224],[103.94809,1.38201],[103.94816,1.38177],[103.94822,1.38156],[103.94829,1.38134],[103.94838,1.38112],[103.94847,1.38092],[103.94859,1.38069],[103.94874,1.38047],[103.94889,1.38026],[103.94904,1.38006],[103.94922,1.37985],[103.94943,1.37966],[103.94964,1.37949],[103.94986,1.3793],[103.95006,1.37914],[103.95025,1.37891],[103.95041,1.3787],[103.95057,1.37848],[103.95067,1.37827],[103.95073,1.37807],[103.95079,1.37784],[103.95084,1.3776],[103.95089,1.37737],[103.95093,1.37713],[103.95097,1.3769],[103.95102,1.37666],[103.95108,1.37643],[103.95114,1.37622],[103.95122,1.37599],[103.95131,1.37577],[103.95142,1.37556],[103.95157,1.37535],[103.95177,1.37515],[103.95199,1.37495],[103.9522,1.37479],[103.95242,1.37467],[103.95263,1.37458],[103.95284,1.37452],[103.95305,1.3745],[103.95327,1.37451],[103.95351,1.37452],[103.95374,1.37454],[103.95398,1.37457],[103.95418,1.3746],[103.95439,1.37464],[103.95454,1.37485],[103.9547,1.37507],[103.95484,1.3753],[103.95492,1.37554],[103.95496,1.37577],[103.95498,1.37601],[103.95499,1.37624],[103.955,1.37648],[103.95501,1.37671],[103.95499,1.37695],[103.95496,1.37718],[103.95492,1.37741],[103.95488,1.37765],[103.95482,1.37788],[103.95477,1.37812],[103.95471,1.37835],[103.95463,1.37859],[103.95456,1.37882],[103.95448,1.37904],[103.9544,1.37924],[103.95428,1.37947],[103.95417,1.37967],[103.95414,1.37988],[103.95435,1.38005],[103.95456,1.38016],[103.95477,1.38027],[103.95499,1.38038],[103.95521,1.38048],[103.95542,1.38056],[103.95563,1.38065],[103.95585,1.38071],[103.95606,1.38074],[103.95627,1.38076],[103.95651,1.38078],[103.95674,1.38079],[103.95698,1.38081],[103.95721,1.38082],[103.95745,1.38084],[103.95768,1.38086],[103.95791,1.38087],[103.95815,1.38089],[103.95838,1.3809],[103.95862,1.38091],[103.95885,1.38092],[103.95909,1.38091],[103.95932,1.3809],[103.95955,1.38088],[103.95979,1.38086],[103.96002,1.38084],[103.96026,1.38083],[103.96049,1.38081],[103.96073,1.38079],[103.96096,1.38077],[103.9612,1.38075],[103.96143,1.38073],[103.96166,1.38071],[103.9619,1.38069],[103.96213,1.38068],[103.96237,1.38066],[103.96258,1.38065],[103.96279,1.38065],[103.963,1.38063],[103.96321,1.38062],[103.96343,1.38061],[103.96364,1.3806],[103.96387,1.38059],[103.9641,1.38058],[103.96434,1.38057],[103.96457,1.38056],[103.9648,1.38053],[103.96504,1.38049],[103.96527,1.38044],[103.96551,1.38037],[103.96574,1.38031],[103.96598,1.38024],[103.96621,1.38016],[103.96643,1.38009],[103.96664,1.38002],[103.96684,1.37991],[103.96664,1.37973],[103.96643,1.37966],[103.96621,1.37959],[103.96598,1.37951],[103.96574,1.37944],[103.96551,1.37938],[103.96527,1.37931],[103.96505,1.37926],[103.96484,1.3792],[103.96463,1.37915],[103.96442,1.3791],[103.96419,1.37904],[103.96399,1.37897],[103.96377,1.37889],[103.96354,1.3788],[103.96332,1.3787],[103.96311,1.37859],[103.96289,1.37847],[103.96269,1.37834],[103.96247,1.37812],[103.96225,1.3779],[103.96207,1.3777],[103.96189,1.37749],[103.96169,1.37736],[103.96148,1.37727],[103.96125,1.37717],[103.96105,1.37708],[103.96084,1.37699],[103.96062,1.3769],[103.9604,1.37684],[103.96019,1.3768],[103.95998,1.37676],[103.95974,1.37672],[103.95951,1.37667],[103.95927,1.37663],[103.95904,1.37659],[103.9588,1.37653],[103.95857,1.37645],[103.95835,1.37637],[103.95813,1.37628],[103.95792,1.37619],[103.95771,1.37608],[103.95751,1.37597],[103.95729,1.37582],[103.95706,1.37565],[103.95685,1.37548],[103.95664,1.3753],[103.95647,1.37509],[103.95628,1.37486],[103.95612,1.37464],[103.95598,1.37443],[103.9558,1.37421],[103.95559,1.37405],[103.95544,1.37385],[103.95545,1.37361],[103.95553,1.37339],[103.95562,1.37318],[103.95572,1.37297],[103.95583,1.37275],[103.95589,1.37255],[103.95592,1.37234],[103.95595,1.37211],[103.95598,1.37188],[103.95601,1.37165],[103.95604,1.37141],[103.95607,1.37118],[103.95609,1.37095],[103.95608,1.37071],[103.95605,1.37048],[103.95602,1.37024],[103.95598,1.37001],[103.95594,1.36977],[103.95591,1.36957],[103.95587,1.36937],[103.95572,1.36915],[103.95557,1.36893],[103.95543,1.36872],[103.9553,1.36851],[103.95518,1.36829],[103.95507,1.36808],[103.95491,1.36787],[103.95469,1.36773],[103.95446,1.36762],[103.95425,1.36755],[103.95402,1.3675],[103.95379,1.36746],[103.95355,1.36743],[103.95332,1.36741],[103.95309,1.36739],[103.95287,1.36735],[103.95266,1.36729],[103.95243,1.3672],[103.95222,1.36711],[103.952,1.36696],[103.95177,1.36678],[103.95157,1.3666],[103.95136,1.36643],[103.95124,1.36622],[103.9511,1.36598],[103.95099,1.36574],[103.95089,1.36551],[103.95081,1.36527],[103.95075,1.36504],[103.95074,1.3648],[103.95077,1.36457],[103.95084,1.36434],[103.95092,1.3641],[103.95102,1.36387],[103.95112,1.36364],[103.95122,1.36343],[103.95135,1.36323],[103.95155,1.36302],[103.95175,1.36282],[103.95196,1.36263],[103.95218,1.36249],[103.95239,1.3624],[103.95261,1.3623],[103.95284,1.36218],[103.95304,1.36202],[103.95309,1.36181],[103.95287,1.3616],[103.95265,1.36149],[103.95243,1.36141],[103.95223,1.36133],[103.952,1.36124],[103.95179,1.36114],[103.95158,1.36102],[103.95136,1.36087],[103.95116,1.36071],[103.95095,1.36053],[103.95073,1.36034],[103.95056,1.36013],[103.95041,1.3599],[103.95026,1.35967],[103.95014,1.35945],[103.95004,1.35923],[103.94994,1.35901],[103.94971,1.35885],[103.94948,1.35882],[103.94924,1.35878],[103.94901,1.35874],[103.94877,1.35869],[103.94854,1.35863],[103.9483,1.35855],[103.94807,1.35846],[103.94785,1.35836],[103.94763,1.35825],[103.94742,1.35809],[103.94724,1.35786],[103.94707,1.35764],[103.94692,1.35744],[103.94671,1.35726],[103.94648,1.35709],[103.94627,1.35694],[103.94605,1.35679],[103.94585,1.35663],[103.94565,1.35648],[103.94544,1.35633],[103.94523,1.35616],[103.94502,1.356],[103.94481,1.35586],[103.94461,1.3558],[103.9444,1.35573],[103.94418,1.35566],[103.94395,1.35563],[103.94371,1.35564],[103.94348,1.35571],[103.94325,1.35579],[103.94304,1.35588],[103.94282,1.3561],[103.94264,1.35632],[103.94247,1.35652],[103.9423,1.35673],[103.94214,1.35693],[103.94198,1.35715],[103.94183,1.35736],[103.94167,1.35758],[103.94154,1.35779],[103.9414,1.358],[103.94126,1.35822],[103.94114,1.35843],[103.94101,1.35865],[103.94089,1.35886],[103.94084,1.35907],[103.94079,1.35927],[103.94074,1.35951],[103.94068,1.35974],[103.94062,1.35998],[103.94054,1.36021],[103.94046,1.36045],[103.94036,1.36068],[103.94025,1.3609],[103.94015,1.3611],[103.93999,1.36131],[103.93979,1.36154],[103.93959,1.36176],[103.93943,1.36197],[103.93928,1.3622],[103.93913,1.36243],[103.93899,1.36263],[103.93882,1.36286],[103.93866,1.36308],[103.93849,1.36329],[103.93829,1.36352],[103.9381,1.36373],[103.93792,1.36393],[103.9378,1.36414],[103.93768,1.36435],[103.93757,1.36457],[103.93748,1.3648],[103.93744,1.36504],[103.93744,1.36527],[103.93746,1.36551],[103.93749,1.36574],[103.93751,1.36598],[103.93753,1.36621],[103.93756,1.36645],[103.93758,1.36668],[103.93761,1.36691],[103.93763,1.36715],[103.93766,1.36738],[103.93768,1.36761],[103.93772,1.36782],[103.93793,1.36802],[103.93814,1.36804],[103.93837,1.36804],[103.9386,1.36804],[103.93884,1.36804],[103.93907,1.36804],[103.9393,1.36804],[103.93954,1.36804],[103.93977,1.36804],[103.94001,1.36804],[103.94024,1.36804],[103.94048,1.36804],[103.94071,1.36804],[103.94095,1.36803],[103.94118,1.36801],[103.94141,1.36798],[103.94165,1.36796],[103.94188,1.36793],[103.94211,1.36791],[103.94231,1.36788],[103.94254,1.36783],[103.94277,1.36778],[103.94301,1.36771],[103.94324,1.36765],[103.94348,1.36757],[103.94369,1.36753],[103.94389,1.36757],[103.94404,1.36778],[103.9442,1.36799],[103.94443,1.3682],[103.94463,1.36838],[103.94485,1.36856],[103.94506,1.36872],[103.94529,1.36888],[103.94549,1.36902],[103.94573,1.36918],[103.94593,1.3693],[103.94613,1.36943],[103.94635,1.36955],[103.94657,1.36967],[103.9468,1.36978],[103.94704,1.36988],[103.94727,1.36996],[103.9475,1.37004],[103.94771,1.37011],[103.94793,1.37021],[103.94816,1.37032],[103.94836,1.37043],[103.94857,1.37055],[103.94878,1.37069],[103.94892,1.37089],[103.9489,1.37114],[103.94878,1.37137],[103.94867,1.37159],[103.94857,1.37179],[103.94847,1.37202],[103.94838,1.37223],[103.9483,1.37244],[103.94824,1.37264],[103.94816,1.37287],[103.94809,1.3731],[103.94802,1.37334],[103.94796,1.37357],[103.94788,1.3738],[103.94776,1.37401],[103.94756,1.37422],[103.94735,1.37444],[103.94715,1.37463],[103.94695,1.3748],[103.94673,1.3749],[103.94652,1.37496],[103.94629,1.37501],[103.94605,1.37506],[103.94582,1.37511],[103.94559,1.37516],[103.94535,1.3752],[103.94512,1.37524],[103.94489,1.37528],[103.94466,1.37532],[103.94445,1.37535],[103.94423,1.37539],[103.94402,1.37542],[103.94378,1.37555],[103.94358,1.37572],[103.94337,1.37592],[103.94316,1.37612],[103.94301,1.37634],[103.94286,1.37658],[103.94276,1.37681],[103.9427,1.37704],[103.9427,1.37727],[103.94271,1.37751],[103.94273,1.37774],[103.94274,1.37798],[103.94276,1.37821],[103.94277,1.37845],[103.94279,1.37868],[103.94281,1.37891],[103.94282,1.37915],[103.94284,1.37938],[103.94285,1.37962],[103.94283,1.37985],[103.94278,1.38009],[103.94269,1.38032],[103.9426,1.38053],[103.94251,1.38074],[103.94242,1.38095],[103.94232,1.38116],[103.94222,1.38138],[103.94211,1.3816],[103.942,1.38182],[103.94189,1.38203],[103.94179,1.38223],[103.94167,1.38243],[103.94155,1.38264],[103.94147,1.38284],[103.94144,1.38305],[103.94145,1.38327],[103.94148,1.38351],[103.9415,1.38374],[103.94153,1.38398],[103.94155,1.38419],[103.94158,1.3844],[103.94162,1.38462],[103.94166,1.38483],[103.94171,1.38504],[103.94178,1.38526],[103.94185,1.38548],[103.94194,1.38568],[103.94213,1.3859],[103.94234,1.38595],[103.94255,1.38599],[103.94277,1.38604],[103.94301,1.38609],[103.94324,1.38613],[103.94348,1.38618],[103.9437,1.3862],[103.94391,1.38616],[103.94412,1.386],[103.94429,1.38579],[103.94443,1.38557]],[[103.94652,1.36523],[103.94631,1.36514],[103.94609,1.36503],[103.94594,1.36483],[103.94612,1.36461],[103.94632,1.36441],[103.94654,1.36419],[103.94675,1.36399],[103.94695,1.36399],[103.94708,1.3642],[103.9472,1.36443],[103.9473,1.36466],[103.94731,1.36486],[103.94721,1.36508],[103.94699,1.36523],[103.94679,1.36528],[103.94657,1.36525],[103.94652,1.36523]]],[[[104.0011,1.38552],[104.0011,1.38529],[104.00109,1.38505],[104.00109,1.38482],[104.00108,1.38459],[104.00107,1.38435],[104.00107,1.38412],[104.00106,1.38388],[104.00106,1.38365],[104.00105,1.38341],[104.00104,1.38318],[104.00103,1.38295],[104.00102,1.38271],[104.001,1.38248],[104.00097,1.38226],[104.00094,1.38204],[104.0009,1.38182],[104.00079,1.38204],[104.00073,1.38226],[104.00067,1.38248],[104.00062,1.38271],[104.00058,1.38295],[104.00057,1.38318],[104.00058,1.38341],[104.00059,1.38365],[104.0006,1.38388],[104.0006,1.38412],[104.00061,1.38435],[104.00062,1.38459],[104.00062,1.38482],[104.00063,1.38505],[104.00063,1.38529],[104.00063,1.38552],[104.00065,1.38573],[104.00071,1.38593],[104.00091,1.38605],[104.00108,1.38583],[104.0011,1.38561],[104.0011,1.38552]]],[[[103.8339,1.38852],[103.83398,1.3883],[103.83407,1.38808],[103.8342,1.38785],[103.83433,1.38763],[103.83447,1.38743],[103.8347,1.38723],[103.83491,1.38705],[103.83513,1.38689],[103.83534,1.38677],[103.83555,1.38667],[103.83575,1.38659],[103.83598,1.3864],[103.83616,1.38619],[103.83629,1.38597],[103.83633,1.38575],[103.83629,1.38552],[103.8362,1.38529],[103.83611,1.38505],[103.83603,1.38482],[103.83595,1.3846],[103.83588,1.38439],[103.83565,1.38424],[103.83543,1.38412],[103.83522,1.384],[103.83501,1.38386],[103.83481,1.38372],[103.83459,1.38356],[103.83439,1.38338],[103.83417,1.38317],[103.83397,1.38298],[103.83376,1.38284],[103.83355,1.38278],[103.83332,1.38272],[103.83309,1.38265],[103.83285,1.38256],[103.83262,1.38243],[103.83239,1.38229],[103.83219,1.38216],[103.83204,1.38196],[103.83193,1.38173],[103.83182,1.38149],[103.83174,1.38126],[103.83168,1.38102],[103.83163,1.38079],[103.83159,1.38055],[103.83156,1.38032],[103.83154,1.38009],[103.83152,1.37985],[103.83152,1.37962],[103.83152,1.37938],[103.83152,1.37915],[103.83152,1.37891],[103.83153,1.37868],[103.83153,1.37845],[103.83153,1.37821],[103.83153,1.37798],[103.83154,1.37774],[103.83154,1.37751],[103.83154,1.37727],[103.83154,1.37704],[103.83156,1.3768],[103.83159,1.37657],[103.83163,1.37634],[103.83166,1.3761],[103.8317,1.37587],[103.83173,1.37563],[103.83176,1.3754],[103.83179,1.37516],[103.83182,1.37493],[103.83185,1.3747],[103.83188,1.37446],[103.8319,1.37423],[103.83193,1.37399],[103.83195,1.37376],[103.83198,1.37352],[103.83201,1.37329],[103.83204,1.37305],[103.83207,1.37282],[103.83209,1.3726],[103.83212,1.37239],[103.83216,1.37218],[103.83219,1.37198],[103.83223,1.37174],[103.83227,1.37151],[103.83231,1.37127],[103.83237,1.37104],[103.83244,1.3708],[103.83252,1.37057],[103.83262,1.37035],[103.83272,1.37014],[103.83286,1.36993],[103.8331,1.36981],[103.83332,1.36975],[103.83355,1.36968],[103.83379,1.36962],[103.83402,1.36955],[103.83424,1.3695],[103.83444,1.36945],[103.83464,1.3694],[103.83486,1.36935],[103.83506,1.36931],[103.83526,1.36926],[103.83548,1.36922],[103.83571,1.36917],[103.83595,1.36913],[103.83618,1.3691],[103.83641,1.36907],[103.83665,1.36904],[103.83688,1.369],[103.83712,1.36896],[103.83735,1.36891],[103.83759,1.36885],[103.83782,1.36879],[103.83804,1.36872],[103.83825,1.36865],[103.83848,1.36853],[103.83868,1.36841],[103.8389,1.36828],[103.83912,1.36813],[103.83933,1.36798],[103.83953,1.36784],[103.83974,1.36773],[103.83998,1.36761],[103.84021,1.36751],[103.84045,1.36741],[103.84068,1.36733],[103.8409,1.36726],[103.84111,1.3672],[103.84131,1.36714],[103.84152,1.36709],[103.84174,1.36704],[103.84197,1.36696],[103.84218,1.36686],[103.84241,1.36674],[103.84262,1.36663],[103.84284,1.36652],[103.84306,1.36642],[103.84326,1.36633],[103.84349,1.36624],[103.84373,1.36614],[103.84396,1.36605],[103.8442,1.36596],[103.84443,1.36587],[103.84465,1.36579],[103.84486,1.3657],[103.84499,1.36547],[103.8451,1.36523],[103.84518,1.36499],[103.84521,1.36476],[103.84521,1.36452],[103.84518,1.36429],[103.84516,1.36405],[103.84513,1.36382],[103.8451,1.36359],[103.84507,1.36335],[103.84504,1.36312],[103.84501,1.36288],[103.84498,1.36265],[103.84495,1.36241],[103.84492,1.36218],[103.84489,1.36198],[103.84468,1.36183],[103.84448,1.36177],[103.84424,1.36171],[103.84401,1.36165],[103.84377,1.36158],[103.84354,1.3615],[103.8433,1.36142],[103.84307,1.36134],[103.84285,1.36125],[103.84265,1.36117],[103.84243,1.36107],[103.84223,1.36097],[103.84202,1.36088],[103.8418,1.36086],[103.84157,1.3609],[103.84135,1.36098],[103.84113,1.36106],[103.84092,1.36114],[103.84069,1.36124],[103.84046,1.36133],[103.84025,1.36142],[103.84002,1.36151],[103.8398,1.36161],[103.83958,1.36171],[103.83938,1.3618],[103.83916,1.36194],[103.83897,1.36214],[103.83881,1.36236],[103.83868,1.36256],[103.83861,1.36276],[103.83855,1.36298],[103.8385,1.36321],[103.83847,1.36345],[103.83844,1.36368],[103.83842,1.36391],[103.83841,1.36415],[103.8384,1.36438],[103.83839,1.36462],[103.83837,1.36485],[103.83836,1.36509],[103.83834,1.36532],[103.83832,1.36555],[103.83829,1.36579],[103.83825,1.36602],[103.83821,1.36622],[103.83817,1.36643],[103.83801,1.36664],[103.83781,1.36682],[103.83759,1.367],[103.83738,1.36714],[103.83715,1.36718],[103.83693,1.36722],[103.8367,1.36725],[103.83646,1.36727],[103.83623,1.36729],[103.836,1.36729],[103.83577,1.36727],[103.83555,1.36723],[103.83533,1.36716],[103.83513,1.3671],[103.8349,1.36698],[103.83468,1.36686],[103.83448,1.36674],[103.83426,1.36659],[103.83406,1.36638],[103.83392,1.36617],[103.83379,1.36597],[103.83367,1.36575],[103.83357,1.36553],[103.83351,1.36532],[103.83344,1.36509],[103.83336,1.36485],[103.83328,1.36462],[103.8332,1.36439],[103.8331,1.36416],[103.83298,1.36394],[103.83276,1.36379],[103.83252,1.36376],[103.83229,1.36375],[103.83205,1.36373],[103.83182,1.36372],[103.83159,1.36369],[103.83137,1.36364],[103.83116,1.36357],[103.83093,1.36346],[103.83071,1.36332],[103.83062,1.36311],[103.83057,1.36288],[103.83054,1.36266],[103.83052,1.36245],[103.8305,1.36223],[103.83049,1.36202],[103.83052,1.36181],[103.83063,1.36159],[103.83073,1.36138],[103.83083,1.36115],[103.83092,1.36091],[103.83101,1.36068],[103.83109,1.36045],[103.83116,1.36021],[103.83123,1.35998],[103.83128,1.35977],[103.83134,1.35956],[103.83139,1.35934],[103.83144,1.35913],[103.83148,1.35891],[103.83151,1.3587],[103.83154,1.35848],[103.83157,1.35824],[103.8316,1.35801],[103.83163,1.35777],[103.83167,1.35754],[103.8317,1.3573],[103.83174,1.35707],[103.83179,1.35684],[103.83183,1.3566],[103.83188,1.35637],[103.83193,1.35614],[103.83199,1.35594],[103.83216,1.35573],[103.83239,1.35555],[103.83261,1.35537],[103.83282,1.3552],[103.83305,1.35504],[103.83325,1.35489],[103.83346,1.35474],[103.83368,1.35458],[103.8339,1.35441],[103.83412,1.35423],[103.83433,1.35404],[103.83455,1.35385],[103.83475,1.35367],[103.83495,1.35348],[103.83517,1.35326],[103.83537,1.35305],[103.83559,1.35283],[103.83581,1.35262],[103.83603,1.35241],[103.83625,1.3522],[103.83645,1.352],[103.83665,1.35179],[103.83684,1.35158],[103.83703,1.35137],[103.83721,1.35116],[103.83739,1.35094],[103.83756,1.35074],[103.83771,1.35054],[103.83787,1.35032],[103.83803,1.35011],[103.83817,1.3499],[103.83828,1.34969],[103.83838,1.34948],[103.83849,1.34926],[103.83862,1.34903],[103.83876,1.3488],[103.83891,1.34858],[103.83908,1.34836],[103.83923,1.34815],[103.83939,1.34793],[103.83953,1.34773],[103.83967,1.34752],[103.8398,1.3473],[103.83991,1.34708],[103.83999,1.34685],[103.84003,1.34662],[103.84002,1.34638],[103.84001,1.34615],[103.84,1.34591],[103.83999,1.34568],[103.83999,1.34545],[103.83998,1.34521],[103.83997,1.34498],[103.83997,1.34474],[103.83996,1.34451],[103.83996,1.34427],[103.83994,1.34405],[103.83989,1.34384],[103.8398,1.34362],[103.83967,1.3434],[103.83955,1.34319],[103.83943,1.34298],[103.83931,1.34277],[103.83919,1.34255],[103.83907,1.34234],[103.83894,1.34213],[103.83874,1.34194],[103.8385,1.3418],[103.83829,1.34169],[103.83807,1.34156],[103.83786,1.34142],[103.83764,1.34128],[103.83741,1.34113],[103.8372,1.34097],[103.837,1.34084],[103.83678,1.34073],[103.83657,1.34062],[103.83636,1.3405],[103.83614,1.34037],[103.83591,1.34025],[103.83571,1.34016],[103.83548,1.34011],[103.83527,1.34005],[103.83507,1.34],[103.83486,1.33995],[103.83463,1.33989],[103.8344,1.33983],[103.83416,1.33977],[103.83393,1.33971],[103.8337,1.33965],[103.83346,1.3396],[103.83323,1.33954],[103.83299,1.33951],[103.83276,1.33955],[103.83252,1.33963],[103.8323,1.33975],[103.83206,1.33987],[103.83186,1.33999],[103.83165,1.34012],[103.83144,1.34026],[103.83123,1.34041],[103.83102,1.34057],[103.83082,1.34073],[103.83079,1.34093],[103.83102,1.341],[103.83126,1.34107],[103.83149,1.34114],[103.83173,1.34121],[103.83196,1.34127],[103.8322,1.34133],[103.83243,1.34138],[103.83266,1.34144],[103.83289,1.34149],[103.83312,1.34154],[103.83333,1.34158],[103.83353,1.34162],[103.83375,1.3417],[103.83398,1.34182],[103.83419,1.34194],[103.83442,1.3421],[103.83459,1.34231],[103.83469,1.34252],[103.83477,1.34273],[103.83484,1.34296],[103.8349,1.3432],[103.83495,1.34343],[103.83498,1.34366],[103.83501,1.3439],[103.83502,1.34413],[103.83502,1.34437],[103.83502,1.3446],[103.83502,1.34484],[103.83502,1.34507],[103.83502,1.3453],[103.83502,1.34554],[103.83502,1.34577],[103.83502,1.34601],[103.83502,1.34624],[103.83502,1.34648],[103.835,1.34671],[103.83494,1.34695],[103.83484,1.34718],[103.83471,1.3474],[103.83458,1.3476],[103.8344,1.34781],[103.83419,1.34796],[103.83398,1.3481],[103.83375,1.34824],[103.83354,1.34835],[103.83334,1.34842],[103.83312,1.34849],[103.83292,1.34858],[103.83271,1.3487],[103.83248,1.34886],[103.83226,1.34903],[103.83205,1.34924],[103.8319,1.34944],[103.83173,1.34966],[103.8316,1.34986],[103.83149,1.35008],[103.83141,1.35028],[103.83131,1.35049],[103.83114,1.35072],[103.83095,1.35093],[103.83075,1.35115],[103.83054,1.35134],[103.83033,1.35144],[103.83012,1.35154],[103.82992,1.35161],[103.82971,1.35164],[103.82948,1.35165],[103.82924,1.35165],[103.82901,1.35165],[103.82877,1.35165],[103.82854,1.35165],[103.8283,1.35165],[103.82807,1.35165],[103.82784,1.35165],[103.8276,1.35165],[103.82737,1.35165],[103.82713,1.35166],[103.8269,1.35168],[103.82666,1.35171],[103.82643,1.35177],[103.8262,1.35183],[103.82596,1.3519],[103.82573,1.35197],[103.8255,1.35205],[103.8253,1.35211],[103.82507,1.3522],[103.82484,1.3523],[103.82463,1.3524],[103.82441,1.35251],[103.82418,1.35263],[103.82397,1.35274],[103.82376,1.35295],[103.82363,1.35318],[103.8235,1.35341],[103.82337,1.35364],[103.82325,1.35386],[103.82313,1.35406],[103.82299,1.35427],[103.82285,1.35448],[103.8227,1.35468],[103.82255,1.3549],[103.82241,1.3551],[103.82222,1.35533],[103.82205,1.35553],[103.82189,1.35576],[103.82178,1.35599],[103.82172,1.35623],[103.82169,1.35644],[103.82166,1.35665],[103.82164,1.35686],[103.82161,1.35707],[103.82158,1.35729],[103.82155,1.35751],[103.82152,1.35773],[103.82149,1.35796],[103.82145,1.3582],[103.82142,1.35843],[103.82139,1.35865],[103.82142,1.35887],[103.82164,1.35906],[103.82185,1.35918],[103.82207,1.3593],[103.82227,1.3594],[103.8225,1.35951],[103.82272,1.35961],[103.82293,1.35969],[103.82315,1.35977],[103.82339,1.35985],[103.82362,1.35992],[103.82385,1.36],[103.82409,1.36009],[103.82432,1.36019],[103.82453,1.36028],[103.82475,1.36039],[103.82496,1.36054],[103.82519,1.36071],[103.82539,1.36088],[103.82559,1.36108],[103.82575,1.36131],[103.82589,1.36152],[103.82603,1.36175],[103.82613,1.36196],[103.82617,1.36219],[103.82621,1.3624],[103.82626,1.36261],[103.82631,1.36284],[103.82637,1.36307],[103.82642,1.3633],[103.82648,1.36354],[103.82654,1.36377],[103.82661,1.36401],[103.82668,1.36424],[103.82675,1.36448],[103.82681,1.36471],[103.82683,1.36495],[103.82682,1.36518],[103.82679,1.36541],[103.82675,1.36565],[103.82671,1.36588],[103.82668,1.36612],[103.82664,1.36635],[103.82661,1.36659],[103.82658,1.36682],[103.82654,1.36705],[103.82651,1.36729],[103.82648,1.36752],[103.82645,1.36776],[103.82643,1.36799],[103.8264,1.36823],[103.82638,1.36846],[103.82635,1.3687],[103.82633,1.36893],[103.82631,1.36916],[103.82629,1.3694],[103.82627,1.36963],[103.82624,1.36987],[103.82622,1.3701],[103.8262,1.37034],[103.82618,1.37057],[103.82616,1.37078],[103.8261,1.37098],[103.82596,1.37122],[103.82584,1.37143],[103.82572,1.37163],[103.82559,1.37187],[103.82546,1.37208],[103.82534,1.37229],[103.82522,1.3725],[103.82508,1.37273],[103.82494,1.37294],[103.82482,1.37315],[103.82468,1.37337],[103.82455,1.37358],[103.82444,1.37379],[103.82444,1.374],[103.82453,1.37422],[103.82463,1.37443],[103.82472,1.37465],[103.82481,1.37489],[103.82489,1.37512],[103.82497,1.37535],[103.82504,1.37559],[103.8251,1.37582],[103.82516,1.37605],[103.82522,1.37629],[103.82528,1.37652],[103.82532,1.37673],[103.82536,1.37693],[103.82538,1.37714],[103.8254,1.37736],[103.82541,1.37756],[103.82544,1.3778],[103.82546,1.37802],[103.82548,1.37826],[103.8255,1.37849],[103.82553,1.37873],[103.82555,1.37896],[103.82558,1.3792],[103.8256,1.37943],[103.82563,1.37966],[103.82566,1.3799],[103.82568,1.38013],[103.82571,1.38037],[103.82574,1.3806],[103.82577,1.38084],[103.8258,1.38107],[103.82583,1.3813],[103.82586,1.38154],[103.82589,1.38177],[103.82593,1.38201],[103.82596,1.38224],[103.826,1.38248],[103.82603,1.38271],[103.82604,1.38295],[103.82604,1.38318],[103.82603,1.38341],[103.82601,1.38365],[103.82599,1.38388],[103.82596,1.38412],[103.82592,1.38435],[103.82587,1.38459],[103.82582,1.38482],[103.82574,1.38503],[103.82563,1.38526],[103.82547,1.38548],[103.82526,1.38567],[103.82506,1.38579],[103.82528,1.38594],[103.82551,1.38598],[103.82573,1.38601],[103.82596,1.38605],[103.8262,1.38608],[103.82643,1.38612],[103.82666,1.38615],[103.8269,1.38617],[103.82713,1.38618],[103.82737,1.38617],[103.8276,1.38617],[103.82784,1.38616],[103.82807,1.38615],[103.8283,1.38614],[103.82854,1.38613],[103.82877,1.38611],[103.82901,1.38609],[103.82924,1.38604],[103.82948,1.38599],[103.82971,1.38595],[103.82995,1.38598],[103.83018,1.38608],[103.8304,1.38623],[103.83061,1.38638],[103.83081,1.38657],[103.83097,1.38677],[103.83111,1.38698],[103.83125,1.38718],[103.83138,1.38738],[103.83147,1.3876],[103.83155,1.38782],[103.83164,1.38805],[103.83171,1.38829],[103.83178,1.38852],[103.83186,1.38875],[103.83207,1.38895],[103.83227,1.38905],[103.83248,1.38914],[103.83271,1.38922],[103.83295,1.38923],[103.83318,1.38917],[103.8334,1.38907],[103.83361,1.38896],[103.83381,1.38875],[103.8339,1.38852]],[[103.82952,1.36508],[103.82929,1.36507],[103.82905,1.36506],[103.82882,1.36505],[103.82859,1.36504],[103.82835,1.36502],[103.82812,1.36501],[103.82788,1.36499],[103.82765,1.36497],[103.82741,1.36494],[103.82719,1.36491],[103.82741,1.36482],[103.82765,1.36479],[103.82788,1.36476],[103.82812,1.36473],[103.82835,1.36468],[103.82859,1.36463],[103.82882,1.36458],[103.82905,1.3645],[103.82929,1.36441],[103.82952,1.3643],[103.82974,1.36425],[103.82994,1.36433],[103.83009,1.36457],[103.83016,1.36479],[103.83003,1.365],[103.82981,1.36506],[103.82957,1.36508],[103.82952,1.36508]]],[[[103.77654,1.38955],[103.77671,1.38934],[103.77688,1.38911],[103.777,1.38888],[103.77704,1.38866],[103.77703,1.38843],[103.77701,1.3882],[103.777,1.38796],[103.77698,1.38773],[103.77696,1.38749],[103.77694,1.38726],[103.77692,1.38702],[103.7769,1.38679],[103.77688,1.38655],[103.77686,1.38632],[103.77684,1.38609],[103.77683,1.38585],[103.77683,1.38562],[103.77684,1.38538],[103.77684,1.38515],[103.77685,1.38491],[103.77686,1.38468],[103.77687,1.38445],[103.77688,1.38421],[103.77689,1.38398],[103.7769,1.38374],[103.77691,1.38351],[103.77692,1.38327],[103.77692,1.38304],[103.77693,1.3828],[103.77693,1.38257],[103.77693,1.38234],[103.77693,1.3821],[103.77693,1.38187],[103.77693,1.38163],[103.77693,1.3814],[103.77693,1.38116],[103.77693,1.38093],[103.77693,1.3807],[103.77693,1.38046],[103.77693,1.38023],[103.77694,1.37999],[103.77696,1.37976],[103.777,1.37952],[103.77705,1.37929],[103.7771,1.37905],[103.77717,1.37882],[103.77725,1.3786],[103.77732,1.3784],[103.77745,1.37819],[103.77763,1.37797],[103.77781,1.37776],[103.77801,1.37756],[103.77824,1.37744],[103.77848,1.37734],[103.77869,1.37725],[103.7789,1.37713],[103.7791,1.37693],[103.77917,1.37669],[103.77917,1.37648],[103.77917,1.37624],[103.77916,1.37601],[103.77916,1.37577],[103.77915,1.37554],[103.77915,1.3753],[103.77914,1.37507],[103.77913,1.37484],[103.77913,1.3746],[103.77912,1.37437],[103.77912,1.37413],[103.77912,1.3739],[103.77914,1.37366],[103.77917,1.37343],[103.7792,1.3732],[103.77924,1.37296],[103.77928,1.37273],[103.77933,1.37249],[103.77939,1.37226],[103.77945,1.37202],[103.77952,1.37181],[103.77959,1.37161],[103.77971,1.37138],[103.77984,1.37117],[103.77992,1.37095],[103.7799,1.37075],[103.77974,1.37054],[103.77958,1.37033],[103.77945,1.37011],[103.77936,1.3699],[103.77926,1.36968],[103.77917,1.36945],[103.77909,1.36921],[103.77902,1.36898],[103.77897,1.36877],[103.77892,1.36857],[103.77869,1.36846],[103.77849,1.36854],[103.77828,1.36863],[103.77806,1.36877],[103.77786,1.36894],[103.77764,1.36914],[103.77744,1.36932],[103.77729,1.36954],[103.77716,1.36977],[103.77704,1.37001],[103.77694,1.37024],[103.77686,1.37048],[103.77679,1.37069],[103.77671,1.37089],[103.77659,1.3711],[103.77641,1.37133],[103.77623,1.37155],[103.77602,1.37176],[103.77586,1.37197],[103.77577,1.37217],[103.7757,1.37239],[103.77564,1.37259],[103.77557,1.37282],[103.7755,1.37305],[103.77543,1.37329],[103.77537,1.37352],[103.77531,1.37374],[103.77524,1.37397],[103.77518,1.3742],[103.77511,1.37442],[103.77504,1.37464],[103.77498,1.37485],[103.77492,1.37507],[103.77485,1.3753],[103.77478,1.37554],[103.77471,1.37577],[103.77464,1.37601],[103.77456,1.37624],[103.77449,1.37648],[103.77443,1.37668],[103.77437,1.37688],[103.77429,1.3771],[103.7742,1.37732],[103.77411,1.37755],[103.77402,1.37779],[103.77393,1.37802],[103.77385,1.37824],[103.77377,1.37847],[103.77369,1.3787],[103.77361,1.37892],[103.77353,1.37914],[103.77346,1.37935],[103.77339,1.37957],[103.77331,1.3798],[103.77325,1.38004],[103.77318,1.38027],[103.77312,1.38051],[103.77306,1.38074],[103.77299,1.38098],[103.77293,1.38118],[103.77287,1.38138],[103.77281,1.3816],[103.77275,1.38182],[103.77267,1.38205],[103.77259,1.38229],[103.77249,1.38252],[103.7724,1.38273],[103.77229,1.38294],[103.77211,1.38316],[103.77195,1.38337],[103.77178,1.38358],[103.77162,1.38379],[103.77144,1.38401],[103.77127,1.38423],[103.77111,1.38444],[103.77094,1.38466],[103.77079,1.38487],[103.77063,1.38508],[103.77048,1.38528],[103.7703,1.38552],[103.77018,1.38576],[103.77013,1.38599],[103.77017,1.38623],[103.77026,1.38646],[103.77034,1.3867],[103.77043,1.38693],[103.77051,1.38715],[103.77058,1.38736],[103.77065,1.38757],[103.77072,1.38779],[103.77079,1.38799],[103.77086,1.3882],[103.77093,1.38843],[103.77101,1.38865],[103.77113,1.38887],[103.77133,1.38901],[103.77156,1.38912],[103.77177,1.38922],[103.772,1.38932],[103.77223,1.38941],[103.77245,1.38949],[103.77268,1.38957],[103.77289,1.38964],[103.7731,1.38968],[103.77332,1.38971],[103.77355,1.38975],[103.77379,1.38979],[103.77402,1.38982],[103.77426,1.38986],[103.77449,1.38989],[103.77473,1.38992],[103.77496,1.38995],[103.7752,1.38998],[103.77543,1.39001],[103.77566,1.39003],[103.77588,1.38999],[103.77611,1.38988],[103.77632,1.38973],[103.77653,1.38956],[103.77654,1.38955]]],[[[103.99064,1.39156],[103.99048,1.39135],[103.9903,1.39114],[103.99009,1.39096],[103.98986,1.39077],[103.98965,1.3906],[103.98943,1.39045],[103.98923,1.39034],[103.98902,1.39024],[103.98881,1.39022],[103.98859,1.39027],[103.98838,1.39035],[103.98817,1.39043],[103.98794,1.39051],[103.98773,1.39058],[103.98749,1.39065],[103.98726,1.39072],[103.98702,1.39079],[103.98679,1.39086],[103.98655,1.39092],[103.98632,1.39098],[103.9861,1.39103],[103.98589,1.39109],[103.98567,1.39132],[103.98549,1.39152],[103.98537,1.39174],[103.98539,1.39194],[103.9856,1.3921],[103.98582,1.39219],[103.98604,1.39225],[103.98627,1.39228],[103.98651,1.39229],[103.98674,1.39231],[103.98698,1.39232],[103.98721,1.39233],[103.98745,1.39235],[103.98768,1.39236],[103.98791,1.39238],[103.98815,1.39239],[103.98838,1.3924],[103.98862,1.39242],[103.98885,1.39241],[103.98909,1.39238],[103.98932,1.39232],[103.98955,1.39226],[103.98979,1.3922],[103.99002,1.39214],[103.99024,1.39207],[103.99047,1.392],[103.99069,1.39192],[103.99073,1.39171],[103.99064,1.39156]]],[[[103.82103,1.39784],[103.8208,1.3978],[103.82057,1.39779],[103.82034,1.39779],[103.8201,1.39778],[103.81987,1.39778],[103.81963,1.39777],[103.8194,1.39775],[103.81916,1.39772],[103.81893,1.39768],[103.81871,1.39759],[103.81855,1.39736],[103.8185,1.39715],[103.81847,1.39695],[103.81846,1.39673],[103.81845,1.39649],[103.81845,1.39626],[103.81844,1.39602],[103.81844,1.39579],[103.81844,1.39555],[103.81844,1.39532],[103.81842,1.39509],[103.81836,1.39488],[103.8182,1.39465],[103.818,1.39448],[103.81779,1.39447],[103.81758,1.39461],[103.81742,1.39484],[103.81735,1.39505],[103.81734,1.39527],[103.81736,1.39551],[103.81738,1.39574],[103.8174,1.39598],[103.81742,1.39621],[103.81746,1.39645],[103.81749,1.39668],[103.81754,1.39691],[103.8176,1.39715],[103.81768,1.39738],[103.81777,1.39761],[103.81785,1.39781],[103.81807,1.39788],[103.81827,1.39789],[103.81851,1.39789],[103.81874,1.3979],[103.81898,1.39791],[103.81921,1.39791],[103.81945,1.39792],[103.81968,1.39793],[103.81991,1.39793],[103.82015,1.39794],[103.82038,1.39794],[103.82061,1.39795],[103.82084,1.39794],[103.82105,1.39791],[103.82103,1.39784]]],[[[103.8812,1.39752],[103.88121,1.39729],[103.88122,1.39705],[103.88122,1.39682],[103.88123,1.39659],[103.88123,1.39635],[103.88124,1.39612],[103.88124,1.39588],[103.88124,1.39565],[103.88125,1.39541],[103.88125,1.39518],[103.88123,1.39495],[103.8812,1.39471],[103.88115,1.39448],[103.88109,1.39426],[103.88102,1.39405],[103.88091,1.39384],[103.8807,1.39405],[103.88058,1.39426],[103.88045,1.39448],[103.88034,1.39471],[103.88028,1.39495],[103.88027,1.39518],[103.8803,1.39541],[103.88033,1.39565],[103.88037,1.39588],[103.88041,1.39612],[103.88044,1.39635],[103.88048,1.39659],[103.88052,1.39682],[103.88056,1.39705],[103.88061,1.39729],[103.88065,1.39752],[103.8807,1.39774],[103.88075,1.39794],[103.88086,1.39815],[103.88107,1.398],[103.88116,1.39777],[103.88119,1.39757],[103.8812,1.39752]]],[[[103.89107,1.40214],[103.89129,1.40194],[103.8915,1.40174],[103.89169,1.40153],[103.89186,1.40133],[103.89202,1.40112],[103.89218,1.40092],[103.89215,1.40071],[103.89207,1.4005],[103.89198,1.40027],[103.8919,1.40004],[103.89182,1.39982],[103.89174,1.39959],[103.89165,1.39935],[103.89157,1.39912],[103.89149,1.39889],[103.89141,1.39868],[103.89134,1.39848],[103.89126,1.39824],[103.89118,1.39803],[103.89104,1.3978],[103.89087,1.39759],[103.89068,1.39739],[103.89049,1.39717],[103.89031,1.39694],[103.89014,1.39673],[103.88998,1.39651],[103.88977,1.39633],[103.88957,1.39626],[103.88934,1.39616],[103.8891,1.39605],[103.88887,1.39593],[103.88864,1.39579],[103.88844,1.39566],[103.88823,1.39546],[103.88801,1.39523],[103.88781,1.39501],[103.8876,1.39485],[103.88736,1.39478],[103.88714,1.39472],[103.88692,1.3947],[103.88672,1.3948],[103.88662,1.39502],[103.88658,1.39523],[103.88653,1.39546],[103.88648,1.3957],[103.88643,1.39593],[103.88637,1.39616],[103.88631,1.39637],[103.88624,1.3966],[103.88616,1.39682],[103.88608,1.39703],[103.88596,1.39724],[103.88581,1.39748],[103.88571,1.39769],[103.88573,1.39791],[103.88593,1.39805],[103.88617,1.39815],[103.88639,1.39822],[103.88662,1.3983],[103.88685,1.39837],[103.88709,1.39844],[103.88732,1.39851],[103.88753,1.39857],[103.88773,1.39866],[103.88797,1.39883],[103.88817,1.39898],[103.88837,1.39915],[103.88853,1.39937],[103.88864,1.3996],[103.88874,1.39982],[103.88882,1.40005],[103.88889,1.40029],[103.88894,1.40052],[103.88899,1.40073],[103.88904,1.40094],[103.8891,1.40115],[103.88917,1.40136],[103.88925,1.40158],[103.88933,1.4018],[103.88942,1.40202],[103.88952,1.40225],[103.88962,1.40246],[103.88973,1.40269],[103.88995,1.40284],[103.89018,1.40278],[103.8904,1.40264],[103.89062,1.4025],[103.89084,1.40234],[103.89107,1.40214]]],[[[103.92914,1.40364],[103.92892,1.4035],[103.9287,1.40356],[103.92852,1.40377],[103.92852,1.40398],[103.9287,1.40419],[103.92892,1.40425],[103.92914,1.40411],[103.92925,1.40389],[103.92917,1.40367],[103.92914,1.40364]]],[[[103.82285,1.40455],[103.82306,1.40449],[103.8233,1.40442],[103.82352,1.40436],[103.82376,1.40426],[103.82396,1.40405],[103.82403,1.40385],[103.82409,1.40361],[103.82414,1.40338],[103.8242,1.40315],[103.82426,1.40291],[103.82433,1.40268],[103.8244,1.40247],[103.82448,1.40226],[103.82458,1.40204],[103.82469,1.40183],[103.82483,1.40163],[103.82502,1.40142],[103.82521,1.40122],[103.82542,1.40102],[103.82554,1.40082],[103.82533,1.40065],[103.82511,1.40049],[103.82489,1.40032],[103.82469,1.40017],[103.82446,1.4],[103.82423,1.39983],[103.82402,1.39972],[103.8238,1.39975],[103.82365,1.39997],[103.82356,1.40021],[103.82349,1.40043],[103.82343,1.40066],[103.82339,1.4009],[103.82335,1.40113],[103.82333,1.40137],[103.8233,1.4016],[103.82326,1.40184],[103.82321,1.40207],[103.82317,1.40228],[103.82307,1.40248],[103.82284,1.40272],[103.82261,1.40295],[103.8224,1.40313],[103.82218,1.40319],[103.82198,1.40323],[103.82174,1.40327],[103.82151,1.40331],[103.82127,1.40334],[103.82104,1.40336],[103.8208,1.40337],[103.82057,1.40337],[103.82034,1.40338],[103.8201,1.40338],[103.81987,1.40338],[103.81963,1.40338],[103.8194,1.40338],[103.81916,1.40338],[103.81893,1.40338],[103.8187,1.40338],[103.81846,1.40338],[103.81823,1.40338],[103.81799,1.40338],[103.81776,1.40341],[103.81752,1.40344],[103.81729,1.40349],[103.81705,1.40355],[103.81682,1.40361],[103.8166,1.40369],[103.81639,1.40376],[103.81619,1.40387],[103.81639,1.40405],[103.8166,1.40419],[103.81682,1.40432],[103.81704,1.40446],[103.81726,1.40459],[103.81748,1.40471],[103.81769,1.40482],[103.81792,1.4049],[103.81814,1.40494],[103.81837,1.40495],[103.8186,1.40496],[103.81884,1.40498],[103.81907,1.40499],[103.8193,1.40501],[103.81954,1.40502],[103.81977,1.40504],[103.82001,1.40505],[103.82024,1.40507],[103.82048,1.40508],[103.82071,1.40509],[103.82095,1.40507],[103.82118,1.40503],[103.82141,1.40496],[103.82165,1.4049],[103.82188,1.40483],[103.82211,1.40477],[103.82233,1.40471],[103.82253,1.40465],[103.82273,1.40459],[103.82285,1.40455]]],[[[103.75547,1.40652],[103.75546,1.40629],[103.75546,1.40605],[103.75546,1.40582],[103.75545,1.40559],[103.75545,1.40535],[103.75545,1.40512],[103.75545,1.40488],[103.75544,1.40465],[103.75544,1.40441],[103.75544,1.40418],[103.75545,1.40396],[103.75549,1.40376],[103.75555,1.40354],[103.75562,1.40332],[103.75568,1.40309],[103.75573,1.40286],[103.75578,1.40263],[103.75582,1.4024],[103.75586,1.40216],[103.7559,1.40193],[103.75594,1.4017],[103.75597,1.40146],[103.756,1.40123],[103.75601,1.40099],[103.75601,1.40076],[103.75598,1.40052],[103.75594,1.40029],[103.75591,1.40005],[103.75588,1.39982],[103.75585,1.39959],[103.75582,1.39935],[103.7558,1.39912],[103.75578,1.39888],[103.75575,1.39865],[103.75573,1.39841],[103.75571,1.39818],[103.7557,1.39795],[103.75569,1.39771],[103.75568,1.39748],[103.75568,1.39724],[103.75568,1.39701],[103.75568,1.39677],[103.75567,1.39654],[103.75567,1.3963],[103.75567,1.39607],[103.75567,1.39584],[103.75566,1.3956],[103.75566,1.39537],[103.75565,1.39513],[103.75566,1.3949],[103.75568,1.39466],[103.75571,1.39443],[103.75574,1.3942],[103.75577,1.39396],[103.7558,1.39373],[103.75583,1.39349],[103.75586,1.39326],[103.75589,1.39302],[103.75592,1.39279],[103.75594,1.39255],[103.75597,1.39232],[103.75599,1.39209],[103.75601,1.39185],[103.756,1.39162],[103.75599,1.39138],[103.75597,1.39115],[103.75595,1.39091],[103.75593,1.39068],[103.7559,1.39045],[103.75587,1.39021],[103.75583,1.38998],[103.7558,1.38975],[103.75575,1.38954],[103.7557,1.38931],[103.75564,1.3891],[103.75556,1.3889],[103.75532,1.38872],[103.75511,1.38859],[103.75489,1.3885],[103.75466,1.38846],[103.75443,1.38848],[103.7542,1.3885],[103.75396,1.38853],[103.75373,1.38856],[103.75349,1.3886],[103.75326,1.38863],[103.75302,1.38867],[103.75279,1.3887],[103.75255,1.38875],[103.75232,1.38879],[103.75209,1.38883],[103.75185,1.38883],[103.75162,1.3888],[103.75138,1.38874],[103.75115,1.38866],[103.75091,1.38857],[103.75068,1.38846],[103.75045,1.38834],[103.75024,1.38821],[103.75003,1.38801],[103.74986,1.38781],[103.74969,1.38759],[103.74955,1.38738],[103.74945,1.38715],[103.74937,1.38693],[103.74929,1.3867],[103.74922,1.38646],[103.74916,1.38623],[103.74911,1.38599],[103.74906,1.38576],[103.74903,1.38552],[103.749,1.38529],[103.74897,1.38505],[103.74893,1.38482],[103.74891,1.3846],[103.74888,1.38439],[103.74865,1.38447],[103.74843,1.38455],[103.7482,1.38464],[103.74796,1.38471],[103.74773,1.38478],[103.74749,1.38484],[103.74726,1.38489],[103.74702,1.38494],[103.74679,1.38499],[103.74655,1.38502],[103.74632,1.38506],[103.7461,1.38509],[103.74589,1.38512],[103.74581,1.38535],[103.74576,1.38557],[103.7457,1.3858],[103.74565,1.38604],[103.74562,1.38627],[103.74558,1.38651],[103.74555,1.38674],[103.74551,1.38698],[103.74547,1.38721],[103.74543,1.38745],[103.74539,1.38768],[103.74535,1.38791],[103.74531,1.38815],[103.74527,1.38838],[103.74524,1.38862],[103.74525,1.38885],[103.74532,1.38909],[103.74544,1.38932],[103.74557,1.38955],[103.74567,1.38979],[103.74576,1.39002],[103.74583,1.39024],[103.74604,1.39039],[103.74627,1.39041],[103.74651,1.39043],[103.74674,1.39045],[103.74698,1.39047],[103.74721,1.3905],[103.74745,1.39052],[103.74768,1.39054],[103.74791,1.39057],[103.74815,1.39059],[103.74838,1.39062],[103.74861,1.39065],[103.74883,1.39073],[103.74902,1.39094],[103.74911,1.39114],[103.7492,1.39139],[103.74926,1.39161],[103.74934,1.39182],[103.74944,1.39204],[103.74956,1.39226],[103.74966,1.39246],[103.74975,1.39267],[103.74983,1.39289],[103.74991,1.39312],[103.74998,1.39335],[103.75005,1.39359],[103.75011,1.39382],[103.75016,1.39405],[103.75021,1.39429],[103.75026,1.39452],[103.75028,1.39476],[103.75027,1.39499],[103.75023,1.39523],[103.75017,1.39546],[103.75011,1.3957],[103.75005,1.39593],[103.74999,1.39616],[103.74992,1.3964],[103.74986,1.39663],[103.7498,1.39686],[103.74975,1.39707],[103.7497,1.39727],[103.74964,1.39748],[103.74959,1.39768],[103.74956,1.39791],[103.74955,1.39814],[103.74956,1.39837],[103.74957,1.3986],[103.74959,1.39884],[103.7496,1.39907],[103.74961,1.3993],[103.74962,1.39952],[103.74963,1.39973],[103.74964,1.39994],[103.74965,1.40014],[103.74966,1.40039],[103.74967,1.40062],[103.74971,1.40085],[103.74978,1.40109],[103.74986,1.40132],[103.74996,1.40155],[103.75005,1.40179],[103.75015,1.40202],[103.75023,1.40223],[103.75032,1.40244],[103.7504,1.40267],[103.75049,1.40287],[103.75057,1.40309],[103.75065,1.4033],[103.75074,1.40352],[103.75082,1.40376],[103.75089,1.40399],[103.75095,1.40423],[103.751,1.40445],[103.75104,1.40466],[103.75109,1.40487],[103.75115,1.40508],[103.75121,1.40531],[103.75127,1.40551],[103.75133,1.40573],[103.7514,1.40596],[103.75148,1.4062],[103.75156,1.40643],[103.75164,1.40665],[103.75172,1.40687],[103.75183,1.40707],[103.75206,1.40714],[103.75227,1.40713],[103.75251,1.40711],[103.75274,1.4071],[103.75298,1.40708],[103.75321,1.40707],[103.75345,1.40707],[103.75368,1.40706],[103.75391,1.40705],[103.75415,1.40705],[103.75438,1.40704],[103.75462,1.40704],[103.75484,1.40702],[103.75504,1.40699],[103.75526,1.40692],[103.75544,1.40672],[103.75547,1.40652]]],[[[103.92617,1.40661],[103.92595,1.40644],[103.92575,1.40637],[103.92552,1.40636],[103.92529,1.40639],[103.92505,1.40643],[103.92482,1.40647],[103.92459,1.40652],[103.92436,1.40659],[103.92414,1.40667],[103.92392,1.40678],[103.9241,1.40699],[103.92432,1.40706],[103.92454,1.40712],[103.92477,1.40718],[103.92501,1.40723],[103.92524,1.40729],[103.92548,1.40734],[103.9257,1.40737],[103.92591,1.40732],[103.92614,1.40717],[103.92628,1.40696],[103.92627,1.40675],[103.92617,1.40661]]],[[[103.90838,1.40877],[103.90845,1.40854],[103.90851,1.4083],[103.90855,1.40807],[103.90859,1.40785],[103.90862,1.40764],[103.90864,1.40743],[103.90866,1.40721],[103.90867,1.40699],[103.90867,1.40679],[103.90865,1.40656],[103.90863,1.40634],[103.9086,1.40613],[103.90856,1.4059],[103.90852,1.40568],[103.90846,1.40545],[103.90839,1.40521],[103.90831,1.40498],[103.90821,1.40477],[103.9081,1.40456],[103.9079,1.40437],[103.9077,1.40439],[103.90749,1.4045],[103.90728,1.40462],[103.90706,1.40475],[103.90686,1.40486],[103.90664,1.40499],[103.90643,1.4051],[103.90623,1.40521],[103.90601,1.40533],[103.90581,1.40544],[103.90559,1.40556],[103.90536,1.40568],[103.90514,1.4058],[103.90493,1.40592],[103.90473,1.4061],[103.9045,1.40633],[103.9043,1.40653],[103.90408,1.40675],[103.90396,1.40696],[103.90395,1.40718],[103.90397,1.40741],[103.90399,1.40765],[103.90403,1.40788],[103.90407,1.40811],[103.90411,1.40831],[103.90432,1.40847],[103.90452,1.40857],[103.90476,1.40869],[103.90499,1.4088],[103.90523,1.40891],[103.90544,1.409],[103.90564,1.40909],[103.90586,1.40917],[103.90607,1.40923],[103.90628,1.4093],[103.9065,1.40936],[103.90673,1.40942],[103.90696,1.40947],[103.9072,1.40953],[103.90743,1.40957],[103.90766,1.4096],[103.90788,1.40955],[103.90809,1.40938],[103.90822,1.40916],[103.90832,1.40895],[103.90838,1.40877]]],[[[103.785,1.40952],[103.78502,1.40929],[103.78504,1.40905],[103.78507,1.40882],[103.78509,1.40859],[103.78511,1.40835],[103.78514,1.40812],[103.78516,1.40788],[103.78518,1.40765],[103.7852,1.40741],[103.78522,1.40718],[103.78524,1.40695],[103.78526,1.40671],[103.78528,1.40648],[103.7853,1.40624],[103.78532,1.40601],[103.78536,1.40577],[103.7854,1.40555],[103.78546,1.40533],[103.78554,1.40512],[103.78572,1.4049],[103.78593,1.40475],[103.78614,1.40464],[103.78634,1.40458],[103.78656,1.40455],[103.78677,1.40452],[103.78701,1.40449],[103.78724,1.40447],[103.78748,1.40446],[103.7877,1.40445],[103.78792,1.40448],[103.78813,1.40455],[103.78835,1.40465],[103.78857,1.40478],[103.78878,1.40495],[103.78901,1.40514],[103.78922,1.40533],[103.78939,1.40553],[103.78952,1.40576],[103.78966,1.40599],[103.78976,1.40621],[103.78985,1.40643],[103.78994,1.40665],[103.79002,1.40686],[103.79018,1.40706],[103.79037,1.40727],[103.79058,1.40747],[103.79079,1.40767],[103.79099,1.40764],[103.7912,1.40744],[103.79141,1.40723],[103.79161,1.40702],[103.79175,1.40681],[103.79183,1.40661],[103.79191,1.40638],[103.79201,1.40616],[103.79211,1.40594],[103.79222,1.40574],[103.79234,1.40553],[103.79251,1.40532],[103.79273,1.40512],[103.79296,1.40491],[103.79318,1.40473],[103.79339,1.4046],[103.79363,1.40449],[103.79384,1.40442],[103.79405,1.40437],[103.79427,1.40435],[103.79451,1.40434],[103.79474,1.40432],[103.79498,1.40431],[103.79521,1.40429],[103.79545,1.40428],[103.79568,1.40426],[103.79591,1.40425],[103.79615,1.40423],[103.79638,1.40422],[103.79661,1.4042],[103.79684,1.40414],[103.79704,1.40402],[103.79709,1.40381],[103.79687,1.40362],[103.79665,1.40356],[103.79643,1.40354],[103.7962,1.40352],[103.79596,1.40351],[103.79573,1.40349],[103.79549,1.40348],[103.79526,1.40346],[103.79502,1.40345],[103.79479,1.40343],[103.79455,1.40342],[103.79432,1.4034],[103.79409,1.40338],[103.79387,1.40334],[103.79365,1.40329],[103.79342,1.4032],[103.79321,1.40312],[103.793,1.40301],[103.79277,1.40288],[103.79255,1.40275],[103.79234,1.40262],[103.79213,1.40247],[103.79192,1.40229],[103.79171,1.40208],[103.79152,1.40187],[103.79136,1.40166],[103.79122,1.40145],[103.79108,1.40123],[103.79095,1.40101],[103.79074,1.4011],[103.79061,1.40132],[103.79048,1.40152],[103.79033,1.40175],[103.79014,1.40196],[103.78993,1.40217],[103.78971,1.40237],[103.78951,1.40252],[103.78931,1.40265],[103.78907,1.40279],[103.78885,1.40291],[103.78865,1.40302],[103.78844,1.40311],[103.78822,1.40319],[103.78802,1.40326],[103.78779,1.40332],[103.78757,1.40336],[103.78734,1.40339],[103.7871,1.40342],[103.78687,1.40346],[103.78663,1.40349],[103.7864,1.40353],[103.78616,1.40357],[103.78593,1.40361],[103.7857,1.40365],[103.78546,1.40369],[103.78523,1.40373],[103.78499,1.40375],[103.78476,1.40374],[103.78452,1.4037],[103.78429,1.40363],[103.78405,1.40356],[103.78382,1.40348],[103.78359,1.4034],[103.78339,1.40333],[103.78319,1.40325],[103.78297,1.40315],[103.78276,1.40304],[103.78255,1.40292],[103.78232,1.40276],[103.78209,1.40263],[103.78187,1.4026],[103.78166,1.4027],[103.78144,1.40292],[103.78124,1.40313],[103.78102,1.40335],[103.78081,1.40354],[103.78061,1.40379],[103.78053,1.404],[103.78054,1.40423],[103.7806,1.40446],[103.78066,1.4047],[103.78072,1.40493],[103.78077,1.40516],[103.78083,1.4054],[103.78088,1.40563],[103.78094,1.40587],[103.78099,1.40608],[103.78103,1.40629],[103.78108,1.4065],[103.78113,1.40671],[103.78119,1.40693],[103.78128,1.40714],[103.78138,1.40737],[103.78148,1.4076],[103.78157,1.40784],[103.78165,1.40807],[103.78172,1.40827],[103.7818,1.4085],[103.78192,1.40871],[103.78214,1.40884],[103.78236,1.40892],[103.78258,1.409],[103.78279,1.40909],[103.78299,1.40919],[103.78321,1.40929],[103.78343,1.40942],[103.78364,1.40955],[103.78386,1.4097],[103.78406,1.40983],[103.78429,1.40993],[103.78452,1.41002],[103.78475,1.41008],[103.78495,1.40986],[103.78498,1.40965],[103.785,1.40952]]],[[[103.80896,1.41252],[103.80901,1.41229],[103.80907,1.41205],[103.80914,1.41182],[103.80921,1.41159],[103.80929,1.41135],[103.80938,1.41112],[103.80947,1.41089],[103.80956,1.41067],[103.80968,1.41046],[103.80982,1.41023],[103.80994,1.41002],[103.81002,1.4098],[103.81006,1.40957],[103.81008,1.40934],[103.81011,1.4091],[103.81014,1.40887],[103.81017,1.40864],[103.81021,1.40843],[103.81027,1.40821],[103.81034,1.40799],[103.81043,1.40779],[103.81063,1.40758],[103.81085,1.40744],[103.81108,1.40732],[103.8113,1.40725],[103.81152,1.4072],[103.81175,1.40713],[103.81196,1.40697],[103.812,1.40676],[103.81199,1.40652],[103.81197,1.40629],[103.81195,1.40605],[103.81193,1.40582],[103.8119,1.4056],[103.81188,1.40539],[103.81165,1.40543],[103.81143,1.40547],[103.8112,1.40552],[103.81096,1.40557],[103.81073,1.40561],[103.81049,1.40565],[103.81026,1.40569],[103.81002,1.40573],[103.80979,1.40576],[103.80955,1.40579],[103.80932,1.40582],[103.8091,1.40585],[103.8089,1.40594],[103.80885,1.40614],[103.80884,1.40635],[103.80882,1.40657],[103.80879,1.4068],[103.80876,1.40704],[103.80873,1.40727],[103.80869,1.40751],[103.80866,1.40774],[103.80862,1.40798],[103.80859,1.40821],[103.80856,1.40845],[103.80853,1.40868],[103.8085,1.40891],[103.80847,1.40915],[103.80844,1.40938],[103.80841,1.40962],[103.80839,1.40985],[103.80838,1.41009],[103.80838,1.41032],[103.80838,1.41055],[103.80838,1.41079],[103.80838,1.41102],[103.80839,1.41126],[103.80839,1.41149],[103.8084,1.41173],[103.80842,1.41196],[103.80849,1.4122],[103.8086,1.41243],[103.80873,1.41265],[103.80886,1.41286],[103.80893,1.41265],[103.80896,1.41252]]],[[[103.90223,1.41413],[103.90244,1.41397],[103.90264,1.41383],[103.90286,1.41367],[103.90308,1.4135],[103.90331,1.41333],[103.90352,1.41316],[103.90372,1.41298],[103.90383,1.41278],[103.90386,1.41257],[103.90385,1.41234],[103.90384,1.4121],[103.90383,1.41187],[103.90381,1.41163],[103.90381,1.4114],[103.9038,1.41116],[103.90379,1.41093],[103.90378,1.4107],[103.90377,1.41046],[103.90376,1.41023],[103.90373,1.40999],[103.90367,1.40976],[103.90357,1.40952],[103.90347,1.40932],[103.90333,1.40912],[103.90311,1.40907],[103.90288,1.40903],[103.90265,1.40899],[103.90241,1.40897],[103.90218,1.40895],[103.90195,1.40896],[103.90174,1.40904],[103.90153,1.40918],[103.90133,1.4093],[103.90111,1.40942],[103.90091,1.40952],[103.90068,1.40962],[103.90048,1.4097],[103.90025,1.40979],[103.90004,1.40994],[103.89995,1.41014],[103.89989,1.41037],[103.89984,1.4106],[103.89978,1.41084],[103.89971,1.41107],[103.89966,1.41127],[103.89958,1.41148],[103.8995,1.41168],[103.89941,1.41191],[103.89929,1.41215],[103.89917,1.41238],[103.89903,1.41261],[103.89891,1.41281],[103.89914,1.41297],[103.89937,1.41305],[103.8996,1.41315],[103.89984,1.41324],[103.90007,1.41334],[103.9003,1.41345],[103.90052,1.41355],[103.90073,1.41366],[103.90094,1.41377],[103.90114,1.41389],[103.90139,1.41405],[103.90161,1.4142],[103.90181,1.41433],[103.90204,1.41426],[103.90223,1.41413]]],[[[103.9143,1.41934],[103.9145,1.41914],[103.91469,1.41893],[103.91474,1.41872],[103.91475,1.41848],[103.91477,1.41824],[103.91478,1.41801],[103.91479,1.41777],[103.91481,1.41754],[103.91482,1.4173],[103.91483,1.41707],[103.91484,1.41684],[103.91486,1.4166],[103.91487,1.41637],[103.91488,1.41614],[103.91486,1.41592],[103.9148,1.41569],[103.91469,1.41546],[103.91458,1.41525],[103.91443,1.41504],[103.91426,1.41482],[103.91409,1.4146],[103.91393,1.41439],[103.91372,1.41436],[103.91352,1.41441],[103.9133,1.41446],[103.91308,1.41453],[103.91286,1.4146],[103.91264,1.4147],[103.91243,1.41479],[103.91222,1.41491],[103.91201,1.41508],[103.91181,1.41527],[103.91165,1.41548],[103.91152,1.4157],[103.91145,1.4159],[103.91143,1.41614],[103.91144,1.41637],[103.91145,1.4166],[103.91145,1.41684],[103.91146,1.41707],[103.91147,1.4173],[103.91148,1.41754],[103.91149,1.41777],[103.9115,1.41801],[103.91151,1.41824],[103.91152,1.41848],[103.91154,1.41868],[103.91158,1.41889],[103.91178,1.41899],[103.91202,1.41909],[103.91226,1.41919],[103.91249,1.41929],[103.91273,1.41937],[103.91295,1.41945],[103.91316,1.41952],[103.91336,1.41959],[103.91357,1.41965],[103.91378,1.4197],[103.91399,1.41964],[103.9142,1.41944],[103.9143,1.41934]]],[[[103.7552,1.42077],[103.75536,1.42056],[103.75553,1.42035],[103.75569,1.42013],[103.75585,1.4199],[103.756,1.41969],[103.75616,1.41946],[103.7563,1.41925],[103.75643,1.41905],[103.75653,1.41883],[103.75658,1.41861],[103.75662,1.41838],[103.75666,1.41815],[103.75669,1.41791],[103.75673,1.41768],[103.75677,1.41745],[103.75681,1.41721],[103.75686,1.41698],[103.7569,1.41674],[103.75695,1.41651],[103.75699,1.41627],[103.75701,1.41605],[103.75692,1.41584],[103.7567,1.41567],[103.75648,1.41556],[103.75625,1.41547],[103.75602,1.41539],[103.75579,1.41533],[103.75555,1.41528],[103.75532,1.41523],[103.75509,1.4152],[103.75485,1.41519],[103.75462,1.4152],[103.75438,1.41523],[103.75415,1.41527],[103.75391,1.41532],[103.75368,1.41538],[103.75345,1.41546],[103.75322,1.41556],[103.753,1.41568],[103.75279,1.41582],[103.75263,1.41603],[103.75256,1.41625],[103.75249,1.41647],[103.7524,1.41671],[103.75232,1.41693],[103.75222,1.41716],[103.75213,1.41736],[103.75203,1.41758],[103.75193,1.41778],[103.75186,1.41799],[103.75182,1.4182],[103.75178,1.41843],[103.75175,1.41866],[103.75175,1.41889],[103.75177,1.4191],[103.75182,1.41931],[103.75189,1.41952],[103.75211,1.41972],[103.75232,1.41986],[103.75255,1.42002],[103.75276,1.42016],[103.75298,1.42029],[103.75319,1.42041],[103.75339,1.42052],[103.7536,1.42062],[103.75382,1.42073],[103.75404,1.42083],[103.75425,1.42093],[103.75448,1.42102],[103.75468,1.42111],[103.75488,1.42117],[103.75507,1.42093],[103.7552,1.42077]]],[[[103.93037,1.42188],[103.93015,1.42179],[103.92993,1.42171],[103.9297,1.42163],[103.92946,1.42155],[103.92923,1.42148],[103.92901,1.42145],[103.92878,1.42151],[103.92856,1.4217],[103.9285,1.42192],[103.92864,1.42214],[103.92885,1.42227],[103.92905,1.4223],[103.92927,1.42225],[103.92951,1.42218],[103.92974,1.4221],[103.92998,1.42202],[103.93018,1.42195],[103.93037,1.42188]]],[[[103.76127,1.42847],[103.76148,1.42836],[103.7617,1.42824],[103.76193,1.42812],[103.76215,1.428],[103.76236,1.42788],[103.7624,1.42768],[103.76242,1.42748],[103.76245,1.42724],[103.76248,1.42701],[103.76251,1.42677],[103.76254,1.42654],[103.76258,1.4263],[103.76262,1.42607],[103.76266,1.42584],[103.76271,1.4256],[103.76276,1.42537],[103.76281,1.42514],[103.76279,1.42493],[103.76258,1.42476],[103.76236,1.42467],[103.76216,1.42458],[103.76193,1.42447],[103.76173,1.42437],[103.7615,1.42426],[103.76129,1.42414],[103.76108,1.42401],[103.76088,1.42394],[103.76077,1.42417],[103.76071,1.42439],[103.76064,1.42462],[103.76059,1.42485],[103.76055,1.42509],[103.76052,1.42532],[103.76049,1.42555],[103.76046,1.42579],[103.76043,1.42602],[103.76039,1.42626],[103.76034,1.42649],[103.76029,1.42673],[103.76024,1.42694],[103.76018,1.42715],[103.76011,1.42737],[103.76001,1.42759],[103.75994,1.4278],[103.76004,1.428],[103.76026,1.42817],[103.7605,1.42836],[103.76071,1.42853],[103.76091,1.42865],[103.76113,1.42854],[103.76127,1.42847]]],[[[103.84232,1.42924],[103.84255,1.42913],[103.84275,1.42903],[103.84298,1.42892],[103.84319,1.42882],[103.8434,1.42872],[103.84361,1.42862],[103.84382,1.42853],[103.84402,1.42843],[103.84426,1.42832],[103.84448,1.42822],[103.84469,1.42812],[103.8449,1.42801],[103.84511,1.42783],[103.8453,1.4276],[103.84549,1.42738],[103.84565,1.42718],[103.84582,1.42697],[103.84601,1.42673],[103.84619,1.4265],[103.84635,1.42629],[103.84651,1.42606],[103.84667,1.42584],[103.84682,1.42563],[103.84697,1.42543],[103.84711,1.42523],[103.84725,1.42501],[103.84729,1.42479],[103.84722,1.42458],[103.84712,1.42437],[103.84703,1.42416],[103.84694,1.42394],[103.84685,1.42373],[103.84676,1.42349],[103.84666,1.42326],[103.84657,1.42302],[103.84649,1.42281],[103.84641,1.42261],[103.84633,1.42239],[103.84625,1.42218],[103.84614,1.42195],[103.84599,1.42174],[103.84578,1.42152],[103.84556,1.42131],[103.84536,1.4211],[103.84518,1.42089],[103.84498,1.42069],[103.84474,1.42056],[103.84452,1.4205],[103.84429,1.42047],[103.84405,1.42045],[103.84382,1.42042],[103.8436,1.4204],[103.84339,1.42038],[103.84318,1.42036],[103.84298,1.42033],[103.84274,1.42031],[103.84251,1.42029],[103.84227,1.42026],[103.84206,1.42025],[103.84185,1.42027],[103.84163,1.42045],[103.8414,1.42064],[103.8412,1.42081],[103.84098,1.42098],[103.84077,1.42112],[103.84056,1.42125],[103.84035,1.42137],[103.84011,1.4215],[103.83989,1.42161],[103.83967,1.42172],[103.83945,1.42183],[103.83934,1.42203],[103.83931,1.42227],[103.83929,1.42251],[103.83928,1.42274],[103.83926,1.42298],[103.83925,1.42321],[103.83923,1.42345],[103.83921,1.42368],[103.8392,1.42391],[103.83918,1.42415],[103.83916,1.42438],[103.83915,1.42462],[103.83915,1.42485],[103.83916,1.42509],[103.8392,1.42532],[103.83924,1.42555],[103.83928,1.42579],[103.83932,1.42602],[103.83936,1.42626],[103.83939,1.42649],[103.83943,1.42673],[103.83947,1.42696],[103.83951,1.4272],[103.83955,1.42743],[103.83959,1.42765],[103.83962,1.42786],[103.83982,1.42807],[103.84002,1.42827],[103.84024,1.42849],[103.84046,1.42868],[103.84068,1.42883],[103.84091,1.42897],[103.84112,1.4291],[103.84134,1.42922],[103.84156,1.42932],[103.84176,1.42942],[103.84197,1.42942],[103.84219,1.42931],[103.84232,1.42924]]],[[[103.78022,1.43832],[103.78045,1.43822],[103.78068,1.43812],[103.78091,1.43802],[103.78112,1.43791],[103.78134,1.4378],[103.78155,1.43768],[103.78175,1.43755],[103.78194,1.43733],[103.78203,1.43712],[103.78208,1.4369],[103.78198,1.4367],[103.78177,1.43654],[103.78152,1.43641],[103.78131,1.43631],[103.7811,1.43621],[103.78089,1.43611],[103.78067,1.43598],[103.78045,1.43586],[103.78022,1.43571],[103.78001,1.43558],[103.77981,1.43545],[103.7796,1.4353],[103.77936,1.43512],[103.77913,1.43495],[103.77891,1.43489],[103.7787,1.43494],[103.7785,1.43511],[103.77829,1.43532],[103.7781,1.43552],[103.7779,1.43575],[103.77771,1.43597],[103.77753,1.43619],[103.77736,1.43639],[103.7772,1.43661],[103.7771,1.43681],[103.77718,1.43703],[103.7774,1.43723],[103.77761,1.43743],[103.77781,1.43762],[103.77802,1.43783],[103.77822,1.43804],[103.77842,1.43825],[103.77861,1.43845],[103.77882,1.43864],[103.77906,1.43868],[103.77927,1.43863],[103.77949,1.43857],[103.77971,1.4385],[103.77992,1.43843],[103.78013,1.43835],[103.78022,1.43832]]],[[[103.72876,1.43985],[103.72855,1.43979],[103.72832,1.43973],[103.72809,1.43967],[103.72788,1.43966],[103.72765,1.43971],[103.72751,1.43992],[103.72773,1.43999],[103.72796,1.44001],[103.72818,1.43999],[103.7284,1.43996],[103.72861,1.43993],[103.72881,1.43988],[103.72876,1.43985]]],[[[103.83711,1.43956],[103.83727,1.43935],[103.83742,1.43915],[103.83757,1.43893],[103.83771,1.43873],[103.83785,1.43852],[103.83799,1.43831],[103.83813,1.43809],[103.83827,1.43788],[103.83841,1.43765],[103.83856,1.43741],[103.83869,1.43718],[103.83881,1.43698],[103.83868,1.43676],[103.83848,1.43664],[103.83825,1.43651],[103.83805,1.4364],[103.83784,1.43627],[103.83762,1.43614],[103.8374,1.43602],[103.83719,1.43589],[103.83698,1.43577],[103.83677,1.43565],[103.83654,1.43552],[103.83632,1.43539],[103.8361,1.43526],[103.83588,1.43519],[103.83567,1.43523],[103.83547,1.43533],[103.83526,1.43543],[103.83505,1.43553],[103.83482,1.43563],[103.83459,1.43574],[103.83436,1.43584],[103.83414,1.43594],[103.83393,1.43602],[103.83372,1.43611],[103.8335,1.4362],[103.83327,1.43629],[103.83305,1.43639],[103.83284,1.43652],[103.83263,1.43673],[103.83256,1.43693],[103.83255,1.43714],[103.83258,1.43737],[103.83262,1.4376],[103.83265,1.43784],[103.83267,1.43807],[103.83269,1.4383],[103.83271,1.43854],[103.83273,1.43877],[103.83275,1.43901],[103.83276,1.43924],[103.83277,1.43948],[103.83279,1.43969],[103.83282,1.43991],[103.83303,1.44004],[103.83327,1.44006],[103.83351,1.44008],[103.83374,1.4401],[103.83398,1.44012],[103.83421,1.44014],[103.83445,1.44016],[103.83468,1.44019],[103.83491,1.44021],[103.83515,1.44024],[103.83538,1.44027],[103.83562,1.4403],[103.83585,1.44029],[103.83609,1.44023],[103.83632,1.44013],[103.83655,1.44003],[103.83676,1.43993],[103.83697,1.43974],[103.83711,1.43956]]],[[[103.7221,1.44552],[103.72219,1.44529],[103.72229,1.44507],[103.7224,1.44486],[103.72253,1.44464],[103.72266,1.44444],[103.72284,1.44424],[103.72306,1.44402],[103.72327,1.44382],[103.72348,1.44363],[103.72371,1.44349],[103.72395,1.44336],[103.72416,1.44325],[103.72438,1.44315],[103.72461,1.44306],[103.72483,1.44297],[103.72492,1.44275],[103.72482,1.44254],[103.72465,1.44234],[103.72445,1.44213],[103.72423,1.44191],[103.72402,1.44171],[103.72381,1.4415],[103.72359,1.4413],[103.72338,1.44111],[103.72318,1.44094],[103.72296,1.44074],[103.72274,1.44056],[103.72254,1.4404],[103.72232,1.44022],[103.7221,1.44005],[103.72189,1.43989],[103.72168,1.43989],[103.72148,1.43991],[103.72124,1.43993],[103.72101,1.43995],[103.72077,1.43997],[103.72054,1.44],[103.7203,1.44002],[103.72007,1.44004],[103.71984,1.44007],[103.7196,1.44009],[103.71937,1.44012],[103.71914,1.44015],[103.71891,1.44023],[103.71871,1.44041],[103.71856,1.44062],[103.71838,1.44086],[103.71821,1.44109],[103.71805,1.44129],[103.71786,1.44152],[103.71766,1.44176],[103.71748,1.44197],[103.71729,1.44218],[103.71709,1.44239],[103.71688,1.44261],[103.71668,1.44281],[103.71682,1.44302],[103.71702,1.44317],[103.71726,1.44332],[103.71749,1.44341],[103.71773,1.44346],[103.71796,1.44347],[103.7182,1.44347],[103.71843,1.44348],[103.71866,1.44349],[103.71887,1.44351],[103.71909,1.44354],[103.71931,1.4436],[103.71951,1.44366],[103.71974,1.44375],[103.71998,1.44385],[103.7202,1.44395],[103.7204,1.44406],[103.72061,1.44419],[103.72083,1.44435],[103.72104,1.44454],[103.7212,1.44475],[103.72135,1.44496],[103.72148,1.44518],[103.72158,1.44539],[103.72168,1.44561],[103.72178,1.44583],[103.72199,1.44578],[103.72208,1.44557],[103.7221,1.44552]]],[[[103.73435,1.44552],[103.73441,1.4453],[103.73448,1.44508],[103.73457,1.44486],[103.73467,1.44465],[103.7348,1.44444],[103.73499,1.44422],[103.73522,1.44399],[103.73542,1.44382],[103.73563,1.44368],[103.73584,1.44358],[103.73605,1.44349],[103.73626,1.44342],[103.73648,1.44336],[103.7367,1.44329],[103.73691,1.44318],[103.73711,1.443],[103.73715,1.44278],[103.73707,1.44254],[103.73695,1.44231],[103.73674,1.44211],[103.73651,1.442],[103.73631,1.44191],[103.7361,1.4418],[103.73589,1.44167],[103.73568,1.44154],[103.73547,1.44139],[103.73525,1.44117],[103.73505,1.44095],[103.73486,1.44073],[103.7347,1.44053],[103.73457,1.44031],[103.73446,1.44009],[103.73429,1.43988],[103.73407,1.43974],[103.73386,1.43969],[103.73366,1.43968],[103.73343,1.43972],[103.73321,1.43976],[103.73298,1.4398],[103.73278,1.43984],[103.73257,1.43995],[103.73242,1.44017],[103.73231,1.44038],[103.73221,1.44059],[103.73211,1.4408],[103.73202,1.44102],[103.73193,1.44126],[103.73184,1.44149],[103.73176,1.44173],[103.73169,1.44193],[103.73162,1.44213],[103.73156,1.44235],[103.7315,1.44257],[103.73144,1.4428],[103.73137,1.44304],[103.73131,1.44327],[103.73123,1.44351],[103.73115,1.44374],[103.73105,1.44398],[103.73096,1.44418],[103.73087,1.44438],[103.73085,1.4446],[103.73083,1.44482],[103.7308,1.44505],[103.73077,1.44529],[103.73075,1.44552],[103.73074,1.44576],[103.7308,1.44596],[103.73103,1.44604],[103.73127,1.44607],[103.73151,1.44608],[103.73174,1.4461],[103.73198,1.44612],[103.73221,1.44614],[103.73245,1.44615],[103.73268,1.44617],[103.73291,1.44619],[103.73315,1.4462],[103.73338,1.44622],[103.73361,1.44623],[103.73385,1.44619],[103.73405,1.44607],[103.73422,1.44585],[103.73432,1.44561],[103.73435,1.44552]]],[[[103.71605,1.44852],[103.71616,1.44829],[103.71625,1.44805],[103.71631,1.44782],[103.71635,1.44759],[103.71638,1.44735],[103.71641,1.44712],[103.71643,1.44688],[103.71644,1.44665],[103.71646,1.44641],[103.71647,1.44618],[103.71648,1.44595],[103.71648,1.44571],[103.71648,1.44548],[103.71648,1.44524],[103.71647,1.44501],[103.71646,1.44477],[103.71643,1.44454],[103.71634,1.4443],[103.71621,1.44407],[103.71605,1.44385],[103.71589,1.44364],[103.7158,1.44385],[103.71573,1.44407],[103.71566,1.4443],[103.7156,1.44454],[103.71553,1.44477],[103.71547,1.44501],[103.71541,1.44524],[103.71535,1.44548],[103.71531,1.44571],[103.7153,1.44595],[103.71531,1.44618],[103.71535,1.44641],[103.7154,1.44665],[103.71544,1.44688],[103.71548,1.44712],[103.71553,1.44735],[103.71558,1.44759],[103.71563,1.44782],[103.71568,1.44805],[103.71573,1.44829],[103.71579,1.44852],[103.71584,1.44874],[103.71605,1.44852]]],[[[103.82447,1.45027],[103.82469,1.4501],[103.82491,1.44993],[103.82514,1.44976],[103.82534,1.4496],[103.82557,1.44944],[103.82577,1.4493],[103.82598,1.44915],[103.82618,1.44901],[103.82632,1.44879],[103.8263,1.44857],[103.82624,1.44835],[103.82619,1.44814],[103.82614,1.44794],[103.82609,1.44773],[103.82605,1.44751],[103.826,1.44728],[103.82596,1.44707],[103.82592,1.44684],[103.82587,1.4466],[103.82583,1.44637],[103.82579,1.44614],[103.82571,1.44592],[103.82553,1.44572],[103.82531,1.44558],[103.82507,1.44542],[103.82485,1.44528],[103.82465,1.44515],[103.82445,1.44504],[103.82421,1.44491],[103.824,1.44483],[103.82379,1.44484],[103.82358,1.44498],[103.82337,1.44518],[103.82316,1.44537],[103.82295,1.44557],[103.82275,1.44578],[103.82261,1.44601],[103.82252,1.44623],[103.82247,1.44644],[103.82241,1.44664],[103.82232,1.44686],[103.82223,1.44707],[103.82214,1.44728],[103.82203,1.4475],[103.8219,1.44773],[103.82177,1.44793],[103.82164,1.44814],[103.82143,1.44834],[103.82123,1.44854],[103.82101,1.44875],[103.82096,1.44896],[103.82118,1.44918],[103.8214,1.4494],[103.82161,1.44961],[103.82182,1.44975],[103.82202,1.44989],[103.82224,1.45003],[103.82247,1.45017],[103.8227,1.45029],[103.82292,1.45039],[103.82314,1.45049],[103.82335,1.45056],[103.82357,1.45064],[103.82378,1.45067],[103.824,1.45063],[103.8242,1.45048],[103.82441,1.45031],[103.82447,1.45027]]],[[[103.78272,1.45152],[103.78272,1.45129],[103.78271,1.45105],[103.7827,1.45082],[103.78269,1.45059],[103.78268,1.45035],[103.78268,1.45012],[103.78267,1.44988],[103.78266,1.44965],[103.78265,1.44941],[103.78264,1.44918],[103.78267,1.44895],[103.78274,1.44871],[103.78286,1.44848],[103.783,1.44826],[103.78313,1.44804],[103.78327,1.44783],[103.78342,1.44762],[103.78357,1.4474],[103.78375,1.44717],[103.78391,1.44697],[103.78407,1.44676],[103.78425,1.44655],[103.78447,1.44632],[103.78466,1.4461],[103.78486,1.44589],[103.78499,1.44568],[103.78511,1.44548],[103.78524,1.44526],[103.78538,1.44505],[103.78554,1.44484],[103.78572,1.44463],[103.78592,1.44443],[103.78613,1.44423],[103.78635,1.44406],[103.78659,1.44389],[103.78681,1.44375],[103.78702,1.44361],[103.78725,1.4435],[103.78748,1.44339],[103.78769,1.44328],[103.78791,1.44311],[103.78799,1.44291],[103.78798,1.44268],[103.78793,1.44244],[103.78786,1.44223],[103.78763,1.44202],[103.78742,1.44185],[103.78722,1.44168],[103.78701,1.4415],[103.78681,1.44131],[103.78658,1.44108],[103.78638,1.44087],[103.78619,1.44066],[103.78599,1.44044],[103.78581,1.44021],[103.78564,1.44],[103.78543,1.4398],[103.78523,1.43964],[103.78502,1.43952],[103.7848,1.43947],[103.78457,1.4395],[103.78435,1.43959],[103.78414,1.43969],[103.78394,1.43983],[103.78373,1.44001],[103.78352,1.4402],[103.78331,1.44039],[103.78309,1.44058],[103.78288,1.44077],[103.78266,1.44095],[103.78246,1.44112],[103.78226,1.44128],[103.78206,1.44145],[103.78183,1.44156],[103.78161,1.44159],[103.78138,1.4416],[103.78115,1.44161],[103.78091,1.44161],[103.78068,1.44162],[103.78045,1.44162],[103.78021,1.44163],[103.77998,1.44164],[103.77974,1.44164],[103.77951,1.44165],[103.77927,1.44166],[103.77907,1.44169],[103.77886,1.44183],[103.77882,1.44204],[103.77879,1.44226],[103.77876,1.44248],[103.77874,1.44271],[103.77872,1.44295],[103.77872,1.44318],[103.77873,1.44341],[103.77874,1.44365],[103.77876,1.44388],[103.77878,1.44411],[103.7788,1.44432],[103.77882,1.44454],[103.77886,1.44476],[103.7789,1.44496],[103.77896,1.44517],[103.779,1.44539],[103.77906,1.44561],[103.77916,1.44583],[103.77938,1.44601],[103.77959,1.44612],[103.77983,1.44627],[103.78004,1.44642],[103.78026,1.44657],[103.78047,1.44678],[103.78065,1.447],[103.78081,1.4472],[103.78097,1.44743],[103.7811,1.44764],[103.7812,1.44786],[103.78129,1.44807],[103.78138,1.4483],[103.78145,1.44852],[103.78151,1.44876],[103.78153,1.44899],[103.78152,1.44923],[103.78149,1.44946],[103.78145,1.4497],[103.78141,1.44993],[103.78136,1.45016],[103.78131,1.45039],[103.78125,1.4506],[103.78118,1.45083],[103.78112,1.45104],[103.78102,1.45125],[103.7809,1.45148],[103.7808,1.45169],[103.78081,1.45189],[103.78104,1.45202],[103.78126,1.4521],[103.78148,1.45218],[103.78171,1.45223],[103.78195,1.45223],[103.78218,1.45216],[103.7824,1.45205],[103.7826,1.45195],[103.78272,1.45172],[103.78272,1.45152]]],[[[103.83955,1.46352],[103.83956,1.46329],[103.83957,1.46305],[103.83958,1.46282],[103.83959,1.46259],[103.8396,1.46237],[103.83962,1.46215],[103.83963,1.46194],[103.83965,1.46172],[103.83968,1.46149],[103.8397,1.46127],[103.83973,1.46105],[103.83972,1.46084],[103.83966,1.46062],[103.83958,1.46041],[103.83951,1.4602],[103.83944,1.45999],[103.83937,1.45977],[103.8393,1.45954],[103.83923,1.4593],[103.83917,1.45907],[103.83911,1.45884],[103.83905,1.4586],[103.83899,1.45837],[103.83894,1.45814],[103.83889,1.45794],[103.83868,1.45786],[103.83848,1.45784],[103.83824,1.45781],[103.83801,1.45779],[103.83777,1.45776],[103.83754,1.45774],[103.8373,1.45771],[103.83707,1.45768],[103.83684,1.45764],[103.8366,1.45761],[103.83637,1.45757],[103.83614,1.45754],[103.83592,1.45755],[103.83568,1.45762],[103.83548,1.45777],[103.83535,1.45797],[103.8353,1.45818],[103.8353,1.45841],[103.83529,1.45865],[103.83528,1.45888],[103.83528,1.45912],[103.83528,1.45935],[103.83527,1.45959],[103.83527,1.45982],[103.83527,1.46005],[103.83527,1.46029],[103.83526,1.46052],[103.83527,1.46076],[103.8353,1.46099],[103.83535,1.46123],[103.83541,1.46146],[103.83548,1.4617],[103.83554,1.46193],[103.83561,1.46216],[103.83568,1.46237],[103.83576,1.46261],[103.83583,1.46281],[103.83597,1.46302],[103.83618,1.46321],[103.83638,1.46343],[103.83656,1.46364],[103.83673,1.46384],[103.83696,1.46396],[103.8372,1.46405],[103.83741,1.46412],[103.83763,1.46419],[103.83787,1.46426],[103.8381,1.46433],[103.83834,1.4644],[103.83857,1.46446],[103.8388,1.46445],[103.83902,1.46436],[103.83923,1.46419],[103.8394,1.46397],[103.83951,1.46375],[103.83955,1.46352]]]]}},{"type":"Feature","properties":{"band":"high","threshold":48},"geometry":{"type":"MultiPolygon","coordinates":[[[[103.82143,1.27249],[103.82165,1.27235],[103.82189,1.27223],[103.82211,1.27213],[103.82232,1.27204],[103.82254,1.27197],[103.82275,1.27187],[103.82254,1.27166],[103.82232,1.27153],[103.82211,1.27143],[103.82189,1.27134],[103.82166,1.27124],[103.82145,1.27117],[103.82123,1.27111],[103.82103,1.27106],[103.82082,1.27113],[103.82071,1.27135],[103.82062,1.27157],[103.82055,1.2718],[103.82054,1.27204],[103.82058,1.27227],[103.82064,1.27249],[103.82072,1.27271],[103.82082,1.27293],[103.82103,1.27289],[103.82121,1.27268],[103.82143,1.27249]]],[[[103.82721,1.27902],[103.82736,1.27881],[103.82751,1.27861],[103.82767,1.27839],[103.82784,1.27818],[103.82795,1.27796],[103.82795,1.27775],[103.82786,1.27753],[103.82774,1.27733],[103.82761,1.27713],[103.82738,1.27699],[103.82717,1.27686],[103.82695,1.27679],[103.82674,1.27681],[103.82653,1.27691],[103.82631,1.27707],[103.8261,1.27722],[103.8259,1.27737],[103.82568,1.27754],[103.82547,1.2777],[103.82526,1.27792],[103.82524,1.27814],[103.82525,1.27837],[103.82526,1.2786],[103.82529,1.27884],[103.82532,1.27907],[103.82536,1.27927],[103.82557,1.27941],[103.82577,1.27944],[103.82601,1.27947],[103.82624,1.2795],[103.82648,1.27951],[103.82669,1.2795],[103.8269,1.27946],[103.82705,1.27925],[103.82721,1.27902]]],[[[103.8252,1.28052],[103.82517,1.2803],[103.82509,1.28009],[103.82492,1.27986],[103.8247,1.27968],[103.8245,1.27959],[103.82427,1.27955],[103.82404,1.27957],[103.82381,1.27965],[103.82359,1.27978],[103.82339,1.27995],[103.82318,1.28013],[103.82301,1.28036],[103.82286,1.28059],[103.82279,1.2808],[103.82301,1.28101],[103.82322,1.28109],[103.82343,1.28117],[103.82366,1.28123],[103.8239,1.28126],[103.82413,1.28123],[103.82437,1.28116],[103.82458,1.28109],[103.82479,1.28102],[103.825,1.28094],[103.82517,1.28073],[103.8252,1.28052]]],[[[103.8184,1.28145],[103.81862,1.28126],[103.81884,1.28107],[103.81898,1.28084],[103.81897,1.28061],[103.81889,1.28039],[103.81879,1.28016],[103.8187,1.27996],[103.81857,1.27974],[103.81843,1.27953],[103.81828,1.27932],[103.81809,1.27911],[103.81787,1.279],[103.81766,1.27914],[103.81749,1.27935],[103.81731,1.27956],[103.81711,1.27977],[103.81691,1.27998],[103.8167,1.28018],[103.81648,1.28038],[103.81626,1.28056],[103.81605,1.28074],[103.81589,1.28097],[103.81582,1.28118],[103.81579,1.28141],[103.81586,1.28164],[103.81607,1.28186],[103.81628,1.28197],[103.8165,1.28203],[103.81673,1.28203],[103.81696,1.28201],[103.8172,1.28199],[103.81743,1.28198],[103.81765,1.28196],[103.81787,1.28191],[103.81807,1.28176],[103.81828,1.28156],[103.8184,1.28145]]],[[[103.81403,1.28461],[103.81424,1.28458],[103.81448,1.28454],[103.81471,1.28449],[103.81495,1.28441],[103.81518,1.28429],[103.8154,1.28416],[103.81562,1.28403],[103.81583,1.28393],[103.81595,1.28372],[103.81598,1.28348],[103.81599,1.28324],[103.816,1.28301],[103.81603,1.28277],[103.81603,1.28254],[103.81599,1.28232],[103.81589,1.28211],[103.81571,1.2819],[103.81549,1.2818],[103.81527,1.2818],[103.81505,1.28183],[103.81483,1.28181],[103.81462,1.28173],[103.8144,1.2816],[103.81418,1.28145],[103.81394,1.28129],[103.81373,1.28113],[103.81351,1.28097],[103.8133,1.28077],[103.81315,1.28057],[103.81299,1.28034],[103.81286,1.28012],[103.81275,1.27989],[103.81268,1.27969],[103.81261,1.27948],[103.81256,1.27926],[103.81251,1.27902],[103.81247,1.27879],[103.81243,1.27855],[103.81239,1.27832],[103.81236,1.27809],[103.81228,1.27786],[103.81217,1.27765],[103.812,1.27742],[103.81178,1.27732],[103.81157,1.27735],[103.81134,1.27745],[103.8111,1.27754],[103.81087,1.27762],[103.81064,1.27769],[103.81043,1.27774],[103.81021,1.2778],[103.81,1.27792],[103.81006,1.27814],[103.8102,1.27836],[103.81033,1.27856],[103.81044,1.27879],[103.81053,1.27902],[103.81062,1.27926],[103.8107,1.27949],[103.81077,1.27973],[103.81083,1.27996],[103.81088,1.2802],[103.81093,1.28043],[103.81096,1.28066],[103.81091,1.28088],[103.81079,1.28109],[103.81057,1.28132],[103.81036,1.28152],[103.81014,1.28169],[103.80991,1.28184],[103.80967,1.28198],[103.80946,1.2821],[103.80923,1.28221],[103.80899,1.2823],[103.80876,1.28235],[103.80852,1.28236],[103.80829,1.28234],[103.80805,1.28233],[103.80782,1.28232],[103.80759,1.2823],[103.80735,1.28228],[103.80712,1.28227],[103.80688,1.28225],[103.80665,1.28223],[103.80641,1.28221],[103.80618,1.28219],[103.80598,1.28219],[103.80577,1.28224],[103.80554,1.28238],[103.80532,1.28255],[103.80511,1.28273],[103.8049,1.28293],[103.8047,1.28314],[103.80453,1.28335],[103.80436,1.28357],[103.80423,1.28378],[103.80425,1.284],[103.80441,1.28421],[103.80461,1.28441],[103.80482,1.28461],[103.80503,1.28477],[103.80523,1.28489],[103.80548,1.28501],[103.80571,1.28511],[103.80595,1.28517],[103.80618,1.2852],[103.80641,1.28519],[103.80665,1.28518],[103.80688,1.28518],[103.80712,1.28517],[103.80735,1.28516],[103.80759,1.28516],[103.80782,1.28515],[103.80805,1.28514],[103.80829,1.28514],[103.80852,1.28513],[103.80876,1.28513],[103.80899,1.28512],[103.80923,1.28512],[103.80946,1.28511],[103.8097,1.28511],[103.80993,1.2851],[103.81016,1.2851],[103.8104,1.2851],[103.81063,1.28509],[103.81087,1.28509],[103.8111,1.28509],[103.81134,1.28508],[103.81157,1.28508],[103.8118,1.28506],[103.81204,1.28503],[103.81227,1.28498],[103.81251,1.28492],[103.81274,1.28487],[103.81298,1.28482],[103.8132,1.28477],[103.81341,1.28473],[103.81365,1.28468],[103.81386,1.28464],[103.81403,1.28461]]],[[[103.84204,1.28427],[103.84212,1.28404],[103.84214,1.28383],[103.84206,1.28359],[103.84185,1.28343],[103.84168,1.28363],[103.84162,1.28387],[103.84165,1.28409],[103.84174,1.28432],[103.84183,1.28452],[103.84202,1.28432],[103.84204,1.28427]]],[[[103.79104,1.28652],[103.79103,1.28629],[103.79101,1.28605],[103.791,1.28582],[103.79098,1.28559],[103.79097,1.28535],[103.79096,1.28512],[103.79094,1.28488],[103.79093,1.28465],[103.79091,1.28441],[103.7909,1.28418],[103.79089,1.28395],[103.79091,1.28371],[103.79094,1.28348],[103.79098,1.28324],[103.79103,1.28301],[103.79109,1.28277],[103.79115,1.28254],[103.79124,1.2823],[103.79133,1.28207],[103.79144,1.28185],[103.79154,1.28164],[103.79172,1.28143],[103.79193,1.28125],[103.79215,1.28107],[103.79236,1.28089],[103.79215,1.28079],[103.79193,1.2807],[103.7917,1.28062],[103.79146,1.28056],[103.79123,1.28051],[103.791,1.2805],[103.79078,1.28055],[103.79056,1.28065],[103.79035,1.28082],[103.7902,1.28105],[103.79015,1.28126],[103.79012,1.28147],[103.79005,1.28169],[103.78994,1.28189],[103.78982,1.28211],[103.78968,1.28232],[103.78947,1.28248],[103.78927,1.28256],[103.78902,1.28262],[103.78879,1.28267],[103.78855,1.28271],[103.78832,1.28274],[103.7881,1.28277],[103.78789,1.28284],[103.78769,1.28304],[103.78754,1.28327],[103.78741,1.28348],[103.7873,1.28371],[103.78728,1.28395],[103.78733,1.28418],[103.78745,1.2844],[103.78759,1.28462],[103.78775,1.28483],[103.78798,1.28494],[103.78823,1.28498],[103.78846,1.28499],[103.7887,1.28501],[103.78893,1.28503],[103.78916,1.28506],[103.7894,1.28511],[103.78963,1.28518],[103.78986,1.28527],[103.79006,1.28535],[103.7902,1.28557],[103.79028,1.28577],[103.79036,1.28601],[103.79042,1.28624],[103.79046,1.28648],[103.7905,1.2867],[103.79058,1.28691],[103.79074,1.28711],[103.79095,1.28709],[103.79103,1.28688],[103.79104,1.28666],[103.79104,1.28652]]],[[[103.77624,1.28952],[103.77632,1.28929],[103.7764,1.28905],[103.77648,1.28882],[103.77655,1.2886],[103.77662,1.28839],[103.77669,1.28818],[103.77676,1.28798],[103.77684,1.28774],[103.77691,1.28751],[103.77699,1.28727],[103.77704,1.28706],[103.77699,1.28683],[103.77676,1.28668],[103.77653,1.28657],[103.77632,1.28648],[103.7761,1.2864],[103.77589,1.28642],[103.77571,1.28664],[103.77563,1.28688],[103.7756,1.28709],[103.77559,1.28732],[103.77559,1.28755],[103.77559,1.28779],[103.77559,1.28802],[103.77559,1.28826],[103.77558,1.28849],[103.77558,1.28873],[103.77558,1.28896],[103.77557,1.2892],[103.77556,1.28943],[103.77556,1.28965],[103.77562,1.28986],[103.77582,1.28997],[103.77602,1.28992],[103.77616,1.28972],[103.77624,1.28952]]],[[[103.78807,1.2897],[103.78785,1.28959],[103.78761,1.28964],[103.78739,1.28974],[103.78719,1.28984],[103.78739,1.28992],[103.78761,1.28996],[103.78785,1.28997],[103.78805,1.28994],[103.78811,1.28974],[103.78807,1.2897]]],[[[103.80005,1.29477],[103.80012,1.29454],[103.80019,1.2943],[103.80026,1.29407],[103.80033,1.29384],[103.8004,1.2936],[103.80047,1.29337],[103.80054,1.29314],[103.80061,1.29294],[103.80061,1.29271],[103.80059,1.29248],[103.80058,1.29224],[103.80056,1.29201],[103.80054,1.29177],[103.80052,1.29154],[103.8005,1.2913],[103.80048,1.29107],[103.80046,1.29084],[103.80044,1.2906],[103.80042,1.29037],[103.8004,1.29013],[103.8004,1.2899],[103.80042,1.28966],[103.80045,1.28943],[103.80049,1.28921],[103.80054,1.28898],[103.80058,1.28878],[103.80063,1.28857],[103.80069,1.28835],[103.80078,1.28811],[103.80086,1.28788],[103.80096,1.28765],[103.80107,1.28741],[103.8012,1.28718],[103.80131,1.28698],[103.80127,1.28678],[103.80107,1.28659],[103.80085,1.2864],[103.80064,1.28622],[103.80043,1.2861],[103.80021,1.28601],[103.8,1.28594],[103.79979,1.28603],[103.79969,1.28624],[103.79959,1.28648],[103.7995,1.28671],[103.79944,1.28695],[103.79942,1.28718],[103.79942,1.28741],[103.79943,1.28765],[103.79943,1.28788],[103.79943,1.28812],[103.79944,1.28835],[103.79944,1.28859],[103.79945,1.28882],[103.79945,1.28905],[103.79945,1.28929],[103.79946,1.28952],[103.79946,1.28976],[103.79944,1.28999],[103.79941,1.29023],[103.79938,1.29046],[103.79934,1.2907],[103.7993,1.29093],[103.79926,1.29116],[103.79923,1.29136],[103.79919,1.29158],[103.79914,1.29178],[103.7991,1.29199],[103.79905,1.2922],[103.79899,1.29243],[103.79894,1.29266],[103.79891,1.2929],[103.79892,1.29313],[103.79895,1.29337],[103.79898,1.29359],[103.79902,1.29379],[103.79907,1.29402],[103.79913,1.29423],[103.79921,1.29444],[103.79932,1.29464],[103.79944,1.29486],[103.79958,1.29508],[103.79977,1.29528],[103.79996,1.29508],[103.80002,1.29486],[103.80005,1.29477]]],[[[103.8481,1.29777],[103.84824,1.29755],[103.84838,1.29733],[103.84853,1.29711],[103.84867,1.29689],[103.84882,1.29668],[103.84898,1.29644],[103.84913,1.29623],[103.84928,1.29601],[103.84938,1.29579],[103.8494,1.29557],[103.84942,1.29534],[103.84944,1.2951],[103.84946,1.29487],[103.84949,1.29463],[103.84951,1.2944],[103.84953,1.29416],[103.84956,1.29393],[103.84958,1.2937],[103.84961,1.29346],[103.84963,1.29323],[103.84964,1.293],[103.84961,1.29279],[103.84952,1.29256],[103.84941,1.29234],[103.84932,1.29213],[103.84923,1.2919],[103.84914,1.29168],[103.84906,1.29145],[103.84898,1.29121],[103.84891,1.29098],[103.84884,1.29074],[103.84878,1.29051],[103.84872,1.29027],[103.84867,1.29007],[103.84861,1.28986],[103.8484,1.28973],[103.84818,1.28959],[103.84796,1.28951],[103.84775,1.28965],[103.84768,1.28985],[103.84762,1.29009],[103.84759,1.29032],[103.84756,1.29055],[103.84752,1.29079],[103.84747,1.29102],[103.84742,1.29126],[103.84735,1.29148],[103.84727,1.29171],[103.84718,1.29193],[103.84708,1.29214],[103.84684,1.29237],[103.84663,1.29257],[103.84641,1.29276],[103.84622,1.29297],[103.84615,1.29318],[103.84609,1.29341],[103.84601,1.29365],[103.84593,1.29388],[103.84585,1.29411],[103.84577,1.29434],[103.84568,1.29455],[103.84558,1.29475],[103.84547,1.29497],[103.84534,1.29518],[103.84521,1.29539],[103.84506,1.29561],[103.84492,1.29581],[103.84503,1.29604],[103.84525,1.29627],[103.84547,1.2965],[103.84568,1.2967],[103.84589,1.29687],[103.84611,1.29705],[103.84632,1.29721],[103.84652,1.29736],[103.84675,1.2975],[103.84696,1.29764],[103.84717,1.29775],[103.84738,1.29787],[103.84761,1.29799],[103.84781,1.29809],[103.84802,1.2979],[103.8481,1.29777]]],[[[103.76426,1.30002],[103.76438,1.2998],[103.76449,1.29959],[103.76458,1.29938],[103.76465,1.29917],[103.7647,1.29895],[103.7645,1.2988],[103.76427,1.29875],[103.76404,1.29869],[103.7638,1.29866],[103.76357,1.29863],[103.76334,1.29863],[103.7631,1.29862],[103.76287,1.29861],[103.76263,1.2986],[103.7624,1.29859],[103.76216,1.29858],[103.76193,1.29858],[103.7617,1.29857],[103.76146,1.29856],[103.76123,1.29855],[103.76102,1.29857],[103.76079,1.29864],[103.76062,1.29885],[103.76057,1.29906],[103.76058,1.29927],[103.76061,1.29951],[103.76064,1.29974],[103.76067,1.29998],[103.76071,1.3002],[103.76075,1.3004],[103.7608,1.30061],[103.76097,1.30081],[103.76118,1.30085],[103.76141,1.30083],[103.76165,1.30081],[103.76188,1.30079],[103.76212,1.30077],[103.76235,1.30075],[103.76259,1.30073],[103.76282,1.30071],[103.76305,1.30068],[103.76329,1.30066],[103.76352,1.30063],[103.76372,1.3006],[103.76393,1.30051],[103.7641,1.30029],[103.76424,1.30007],[103.76426,1.30002]]],[[[103.79695,1.30152],[103.79701,1.30129],[103.79707,1.30105],[103.79713,1.30082],[103.79719,1.30059],[103.79726,1.30035],[103.79734,1.30012],[103.79741,1.29989],[103.79749,1.29966],[103.79757,1.29946],[103.79766,1.29924],[103.79775,1.29902],[103.79778,1.29882],[103.79777,1.29861],[103.79774,1.29839],[103.7977,1.29817],[103.79765,1.29796],[103.79757,1.29776],[103.79748,1.29755],[103.79733,1.29733],[103.79712,1.29711],[103.7969,1.297],[103.79668,1.29708],[103.79649,1.29729],[103.79631,1.29749],[103.79613,1.29771],[103.79597,1.29793],[103.79582,1.29815],[103.79567,1.29839],[103.79554,1.29861],[103.79541,1.29881],[103.79541,1.29904],[103.79545,1.29927],[103.79551,1.29951],[103.79556,1.29974],[103.79563,1.29998],[103.79571,1.30021],[103.7958,1.30045],[103.7959,1.30068],[103.79601,1.3009],[103.79612,1.30111],[103.79632,1.30132],[103.79652,1.30152],[103.79674,1.30174],[103.79694,1.30157],[103.79695,1.30152]]],[[[103.81795,1.31052],[103.81801,1.31029],[103.81806,1.31005],[103.81813,1.30982],[103.81819,1.30959],[103.81826,1.30935],[103.81834,1.30912],[103.81842,1.30889],[103.8185,1.30867],[103.81859,1.30846],[103.81869,1.30826],[103.81878,1.30805],[103.81879,1.30783],[103.81858,1.30768],[103.81836,1.30755],[103.81814,1.30743],[103.8179,1.30741],[103.81769,1.30756],[103.81757,1.30779],[103.81752,1.308],[103.81751,1.30823],[103.81753,1.30846],[103.81755,1.3087],[103.81757,1.30893],[103.81759,1.30916],[103.81762,1.3094],[103.81765,1.30963],[103.81768,1.30987],[103.81772,1.3101],[103.81776,1.31034],[103.81781,1.31057],[103.81785,1.31077],[103.81794,1.31057],[103.81795,1.31052]]],[[[103.78521,1.32252],[103.78534,1.32231],[103.78546,1.3221],[103.78558,1.3219],[103.7857,1.32169],[103.78585,1.32146],[103.78598,1.32124],[103.78612,1.32102],[103.78625,1.32082],[103.78638,1.32062],[103.78653,1.3204],[103.78667,1.32018],[103.78681,1.31995],[103.78692,1.31974],[103.78701,1.31953],[103.78709,1.3193],[103.7872,1.31908],[103.78734,1.31886],[103.78748,1.31864],[103.78762,1.31842],[103.7878,1.31821],[103.78794,1.31801],[103.78807,1.31779],[103.7882,1.31758],[103.78836,1.31734],[103.78849,1.31714],[103.78863,1.31693],[103.78868,1.31672],[103.78872,1.31648],[103.78876,1.31624],[103.78881,1.31601],[103.78887,1.31577],[103.78894,1.31555],[103.78903,1.31534],[103.78917,1.3151],[103.78933,1.31489],[103.78953,1.31468],[103.78973,1.31458],[103.78995,1.31448],[103.79017,1.31441],[103.79039,1.31435],[103.79061,1.3143],[103.79084,1.31421],[103.79105,1.31405],[103.79118,1.31385],[103.79125,1.31361],[103.79129,1.31338],[103.79134,1.31315],[103.79138,1.31291],[103.79143,1.31268],[103.79148,1.31247],[103.79153,1.31224],[103.79159,1.31202],[103.79164,1.31181],[103.79171,1.31161],[103.79178,1.3114],[103.79186,1.31118],[103.79192,1.31095],[103.79194,1.31071],[103.79194,1.31048],[103.79193,1.31024],[103.79192,1.31001],[103.7919,1.30977],[103.79189,1.30954],[103.79187,1.3093],[103.79185,1.30907],[103.79183,1.30884],[103.79181,1.3086],[103.79178,1.30837],[103.79176,1.30813],[103.79174,1.3079],[103.79173,1.30766],[103.79173,1.30743],[103.79178,1.3072],[103.7919,1.30696],[103.79207,1.30673],[103.79228,1.30654],[103.7925,1.30642],[103.79273,1.30637],[103.79296,1.30637],[103.7932,1.30637],[103.79343,1.30637],[103.79365,1.30637],[103.79386,1.30637],[103.794,1.30615],[103.79411,1.30593],[103.79423,1.30571],[103.79435,1.30551],[103.79448,1.30529],[103.79462,1.30508],[103.79472,1.30486],[103.7947,1.30463],[103.79466,1.30442],[103.79461,1.30422],[103.7945,1.30401],[103.79436,1.30377],[103.79422,1.30356],[103.79406,1.30336],[103.79385,1.30325],[103.79364,1.30329],[103.79342,1.30336],[103.79321,1.30345],[103.79298,1.30358],[103.79277,1.30371],[103.79256,1.30385],[103.79235,1.30401],[103.79217,1.30421],[103.79202,1.30443],[103.79188,1.30466],[103.79179,1.3049],[103.79174,1.30513],[103.79173,1.30537],[103.79172,1.3056],[103.7917,1.30584],[103.79167,1.30607],[103.79156,1.30627],[103.79132,1.30637],[103.7911,1.30637],[103.79089,1.30637],[103.7908,1.3066],[103.79072,1.30682],[103.79064,1.30705],[103.79057,1.30729],[103.79049,1.30752],[103.79042,1.30776],[103.79038,1.30799],[103.79035,1.30823],[103.79033,1.30846],[103.79032,1.3087],[103.7903,1.30893],[103.79029,1.30916],[103.79027,1.3094],[103.79026,1.30963],[103.79025,1.30987],[103.79024,1.3101],[103.79023,1.31034],[103.79022,1.31057],[103.79021,1.31079],[103.79019,1.311],[103.79016,1.31123],[103.79013,1.31143],[103.79009,1.31164],[103.79003,1.31185],[103.78996,1.31207],[103.78987,1.3123],[103.78975,1.31251],[103.78961,1.31272],[103.78943,1.31294],[103.78921,1.31312],[103.789,1.3132],[103.78879,1.31329],[103.78858,1.31335],[103.78837,1.3134],[103.78813,1.31345],[103.78791,1.31352],[103.78769,1.31361],[103.78748,1.31372],[103.78727,1.31385],[103.78705,1.31404],[103.78682,1.31425],[103.7866,1.31443],[103.78639,1.31461],[103.78618,1.3147],[103.78598,1.31479],[103.78574,1.31488],[103.78551,1.31495],[103.78527,1.31501],[103.78506,1.31507],[103.78485,1.31517],[103.78467,1.31539],[103.78451,1.3156],[103.78436,1.31582],[103.78421,1.31602],[103.78406,1.31624],[103.78392,1.31644],[103.78377,1.31667],[103.78365,1.3169],[103.78355,1.31713],[103.78348,1.31736],[103.78342,1.31758],[103.78336,1.31779],[103.78329,1.318],[103.78322,1.3182],[103.78314,1.31841],[103.78306,1.31863],[103.78297,1.31887],[103.78289,1.31908],[103.78279,1.31932],[103.7827,1.31953],[103.78261,1.31974],[103.78256,1.31995],[103.78261,1.32017],[103.78266,1.32038],[103.78272,1.32059],[103.78279,1.3208],[103.78287,1.32102],[103.78296,1.32125],[103.78306,1.32147],[103.78318,1.32168],[103.7833,1.32189],[103.78344,1.32209],[103.78366,1.32231],[103.78389,1.32251],[103.78411,1.3227],[103.78433,1.32285],[103.78455,1.32298],[103.78475,1.32309],[103.78495,1.323],[103.78507,1.32277],[103.78521,1.32252]]],[[[103.72555,1.33407],[103.72574,1.33386],[103.72589,1.33364],[103.72601,1.33343],[103.72611,1.33321],[103.72618,1.33298],[103.72624,1.33274],[103.72628,1.33251],[103.72632,1.33227],[103.72635,1.33207],[103.72637,1.33187],[103.72636,1.33165],[103.72635,1.33143],[103.72633,1.3312],[103.72631,1.33096],[103.72628,1.33073],[103.72625,1.33049],[103.7262,1.33026],[103.72614,1.33002],[103.72607,1.3298],[103.72595,1.32957],[103.72579,1.32934],[103.72556,1.32916],[103.72536,1.32906],[103.72514,1.32897],[103.72494,1.3289],[103.72482,1.3291],[103.72478,1.32932],[103.72473,1.32955],[103.72468,1.32979],[103.72463,1.33002],[103.72458,1.33026],[103.72453,1.33049],[103.72449,1.33073],[103.72444,1.33096],[103.7244,1.3312],[103.72436,1.33143],[103.72432,1.33166],[103.72431,1.3319],[103.72434,1.33213],[103.72439,1.33237],[103.72445,1.3326],[103.7245,1.33284],[103.72456,1.33307],[103.72461,1.3333],[103.72467,1.33354],[103.72473,1.33377],[103.72478,1.33398],[103.72483,1.33418],[103.72506,1.33429],[103.72526,1.33421],[103.72547,1.33412],[103.72555,1.33407]]],[[[103.93491,1.33779],[103.93468,1.33775],[103.93448,1.33779],[103.93426,1.33784],[103.93448,1.3379],[103.93468,1.33792],[103.93489,1.33791],[103.93491,1.33779]]],[[[103.78205,1.33827],[103.78214,1.33804],[103.78215,1.3378],[103.78209,1.33757],[103.78199,1.33735],[103.78188,1.33714],[103.78171,1.33735],[103.78156,1.33757],[103.78147,1.3378],[103.78149,1.33804],[103.78162,1.33827],[103.78178,1.33849],[103.78199,1.3384],[103.78205,1.33827]]],[[[103.72816,1.34382],[103.72796,1.34379],[103.72779,1.344],[103.72783,1.34423],[103.72804,1.34428],[103.72824,1.34405],[103.72824,1.34385],[103.72816,1.34382]]],[[[103.72206,1.34427],[103.72208,1.34404],[103.7221,1.3438],[103.72211,1.34357],[103.72212,1.34334],[103.72213,1.3431],[103.72214,1.34287],[103.72216,1.34263],[103.72219,1.3424],[103.72222,1.34216],[103.72227,1.34193],[103.72233,1.34173],[103.72243,1.34152],[103.72263,1.34135],[103.72285,1.34126],[103.72307,1.3412],[103.7233,1.34115],[103.72354,1.34112],[103.72377,1.3411],[103.72401,1.34108],[103.72424,1.34107],[103.72448,1.34106],[103.72469,1.34105],[103.72489,1.34101],[103.72503,1.34079],[103.72505,1.34057],[103.72505,1.34034],[103.72505,1.3401],[103.72505,1.33987],[103.72505,1.33963],[103.72505,1.3394],[103.72505,1.33916],[103.72505,1.33893],[103.72505,1.3387],[103.72505,1.33846],[103.72505,1.33823],[103.72505,1.33799],[103.72505,1.33776],[103.72504,1.33752],[103.72504,1.33729],[103.72503,1.33705],[103.72502,1.33682],[103.725,1.33659],[103.72498,1.33635],[103.72495,1.33612],[103.72492,1.33589],[103.72488,1.33569],[103.72482,1.33589],[103.72478,1.33612],[103.72473,1.33635],[103.72468,1.33659],[103.72463,1.33682],[103.72457,1.33705],[103.72451,1.33729],[103.72444,1.33752],[103.72438,1.33776],[103.72433,1.33799],[103.72428,1.33823],[103.72423,1.33844],[103.72418,1.33866],[103.72412,1.33887],[103.72404,1.33908],[103.72394,1.33931],[103.72379,1.33954],[103.72363,1.33975],[103.72347,1.33996],[103.72327,1.34014],[103.72303,1.34027],[103.72282,1.34037],[103.72259,1.34046],[103.72237,1.34054],[103.72214,1.34061],[103.72193,1.34068],[103.72174,1.3409],[103.72168,1.34114],[103.72164,1.34137],[103.72161,1.3416],[103.72158,1.34184],[103.72154,1.34207],[103.72151,1.3423],[103.72148,1.34254],[103.72145,1.34277],[103.72142,1.34301],[103.72138,1.34324],[103.72135,1.34348],[103.72134,1.34371],[103.72137,1.34395],[103.72144,1.34418],[103.72153,1.34441],[103.72162,1.34462],[103.72173,1.34486],[103.72185,1.34506],[103.72196,1.34486],[103.722,1.34462],[103.72204,1.34441],[103.72206,1.34427]]],[[[103.78824,1.34652],[103.78814,1.3463],[103.78804,1.34609],[103.78794,1.34589],[103.78781,1.34609],[103.78778,1.3463],[103.78775,1.34652],[103.78773,1.34674],[103.78775,1.34696],[103.78783,1.34716],[103.78806,1.34715],[103.78827,1.34692],[103.78829,1.3467],[103.78824,1.34652]]],[[[103.777,1.34727],[103.77719,1.34707],[103.77738,1.34687],[103.77738,1.34665],[103.77739,1.34643],[103.77739,1.3462],[103.7774,1.34596],[103.77741,1.34573],[103.77741,1.34549],[103.77742,1.34526],[103.77743,1.34502],[103.77744,1.34479],[103.77745,1.34455],[103.77746,1.34432],[103.77746,1.3441],[103.77745,1.34388],[103.77741,1.34368],[103.77732,1.34347],[103.7772,1.34325],[103.77702,1.34302],[103.7768,1.34282],[103.77658,1.34267],[103.77636,1.34256],[103.77614,1.34248],[103.77594,1.3424],[103.77573,1.34257],[103.77557,1.34277],[103.77542,1.34298],[103.77527,1.34318],[103.77511,1.34339],[103.77494,1.34361],[103.7748,1.34381],[103.77467,1.34405],[103.77457,1.34427],[103.77447,1.3445],[103.77437,1.34471],[103.77422,1.34494],[103.77407,1.34518],[103.77393,1.34538],[103.77376,1.34559],[103.77354,1.3458],[103.77332,1.34599],[103.77311,1.34616],[103.77289,1.34631],[103.77265,1.34648],[103.77243,1.34664],[103.77223,1.3468],[103.77232,1.34702],[103.77252,1.34717],[103.77275,1.34733],[103.77295,1.34744],[103.77318,1.34754],[103.77339,1.3476],[103.77359,1.34767],[103.77381,1.34773],[103.77402,1.34778],[103.77426,1.34784],[103.77449,1.3479],[103.77473,1.34795],[103.77496,1.348],[103.7752,1.34805],[103.77543,1.3481],[103.77566,1.34812],[103.7759,1.34809],[103.77613,1.34799],[103.77636,1.34785],[103.77657,1.3477],[103.77679,1.3475],[103.777,1.34727]]],[[[103.92923,1.34742],[103.92946,1.34729],[103.9297,1.34718],[103.92993,1.34708],[103.93015,1.347],[103.93037,1.34693],[103.93015,1.3468],[103.92993,1.34677],[103.9297,1.34673],[103.92946,1.34669],[103.92923,1.34665],[103.92902,1.34663],[103.92881,1.34668],[103.92866,1.34689],[103.92868,1.3471],[103.92876,1.34732],[103.92884,1.34752],[103.92904,1.34753],[103.92923,1.34742]]],[[[103.82754,1.36106],[103.82774,1.36089],[103.82798,1.3607],[103.82818,1.36053],[103.82838,1.36037],[103.8286,1.36019],[103.82882,1.36001],[103.82904,1.35983],[103.82924,1.35967],[103.82947,1.35948],[103.82967,1.35931],[103.82988,1.3591],[103.82996,1.35889],[103.82997,1.35865],[103.82996,1.35843],[103.82994,1.3582],[103.82992,1.35796],[103.8299,1.35773],[103.82989,1.35751],[103.82986,1.35729],[103.82982,1.35707],[103.82979,1.35684],[103.82975,1.3566],[103.82971,1.35637],[103.82968,1.35614],[103.82969,1.35592],[103.8298,1.35571],[103.82997,1.35551],[103.83014,1.3553],[103.83033,1.35508],[103.83053,1.35487],[103.83075,1.35466],[103.83097,1.35447],[103.83118,1.3543],[103.83138,1.35415],[103.8316,1.35401],[103.83182,1.35387],[103.83203,1.35374],[103.83224,1.35362],[103.83245,1.35351],[103.83269,1.35339],[103.83291,1.35325],[103.83311,1.3531],[103.83333,1.3529],[103.83351,1.35269],[103.83366,1.35249],[103.83384,1.35226],[103.83402,1.35205],[103.83423,1.35183],[103.83444,1.35162],[103.83465,1.35142],[103.83487,1.35123],[103.8351,1.35105],[103.83532,1.35089],[103.83552,1.35074],[103.83573,1.3506],[103.83596,1.35041],[103.83616,1.35017],[103.8363,1.34997],[103.83639,1.34975],[103.83642,1.34952],[103.83641,1.34929],[103.83641,1.34905],[103.8364,1.34882],[103.8364,1.34859],[103.83639,1.34835],[103.83638,1.34812],[103.83637,1.34788],[103.83636,1.34765],[103.83635,1.34741],[103.83633,1.34718],[103.83632,1.34695],[103.83632,1.34671],[103.83633,1.34648],[103.83635,1.34624],[103.83637,1.34601],[103.83639,1.34577],[103.83641,1.34554],[103.83643,1.3453],[103.83646,1.34507],[103.83648,1.34484],[103.83651,1.3446],[103.83655,1.34437],[103.83658,1.34414],[103.83662,1.34394],[103.8364,1.34378],[103.83618,1.3437],[103.83597,1.34365],[103.83583,1.34385],[103.83582,1.34406],[103.83581,1.34427],[103.83581,1.34451],[103.83581,1.34474],[103.83581,1.34498],[103.83581,1.34521],[103.83581,1.34545],[103.83581,1.34568],[103.83581,1.34591],[103.83581,1.34615],[103.83581,1.34638],[103.83581,1.34662],[103.8358,1.34685],[103.83579,1.34709],[103.83576,1.34732],[103.83572,1.34755],[103.83567,1.34779],[103.8356,1.34802],[103.83552,1.34824],[103.83541,1.34845],[103.83522,1.34866],[103.83499,1.34881],[103.83477,1.3489],[103.83455,1.34898],[103.83434,1.34904],[103.83412,1.34908],[103.8339,1.34911],[103.8337,1.34914],[103.83348,1.34916],[103.83327,1.34917],[103.83304,1.34921],[103.83282,1.34931],[103.8326,1.34948],[103.8324,1.34968],[103.83226,1.3499],[103.83218,1.35011],[103.83215,1.35032],[103.83213,1.35054],[103.83208,1.35075],[103.83203,1.35098],[103.83196,1.35121],[103.83185,1.35142],[103.8317,1.35163],[103.83151,1.35184],[103.83129,1.35202],[103.83108,1.35211],[103.83086,1.35217],[103.83064,1.35221],[103.83041,1.35225],[103.83018,1.35228],[103.82995,1.3523],[103.82971,1.35231],[103.82948,1.35232],[103.82924,1.35232],[103.82901,1.35232],[103.82877,1.35232],[103.82854,1.35232],[103.8283,1.35232],[103.82807,1.35232],[103.82784,1.35232],[103.8276,1.35232],[103.82737,1.35232],[103.82713,1.35232],[103.8269,1.35234],[103.82666,1.3524],[103.82643,1.35247],[103.8262,1.35256],[103.82598,1.35265],[103.82576,1.35274],[103.82556,1.35284],[103.82536,1.35305],[103.82525,1.35328],[103.82513,1.3535],[103.825,1.35372],[103.82484,1.35395],[103.82467,1.35417],[103.82449,1.35437],[103.82428,1.35455],[103.82406,1.35473],[103.82386,1.35492],[103.82371,1.35514],[103.82357,1.35535],[103.82342,1.35557],[103.82329,1.3558],[103.82321,1.35604],[103.82317,1.35627],[103.82315,1.35651],[103.82313,1.35672],[103.82311,1.35692],[103.82309,1.35713],[103.82307,1.35737],[103.82305,1.35759],[103.82302,1.35782],[103.823,1.35805],[103.82298,1.35829],[103.82295,1.35852],[103.82295,1.35875],[103.82308,1.35896],[103.82331,1.35906],[103.82352,1.35915],[103.82376,1.35924],[103.82399,1.35931],[103.82423,1.35937],[103.82446,1.35942],[103.82467,1.35946],[103.82487,1.35952],[103.82508,1.35958],[103.82529,1.35965],[103.8255,1.35976],[103.82573,1.3599],[103.82594,1.36004],[103.82615,1.36019],[103.82632,1.3604],[103.82644,1.3606],[103.82656,1.36082],[103.82667,1.36103],[103.82676,1.36125],[103.82686,1.36146],[103.82708,1.36143],[103.82728,1.36127],[103.8275,1.36109],[103.82754,1.36106]]],[[[103.77398,1.36559],[103.77421,1.36556],[103.77445,1.36553],[103.77468,1.36551],[103.77491,1.36548],[103.77515,1.36546],[103.77538,1.36543],[103.77561,1.3654],[103.77582,1.36531],[103.77597,1.36511],[103.77601,1.3649],[103.77579,1.36471],[103.77557,1.36467],[103.77534,1.36464],[103.7751,1.36461],[103.77487,1.36457],[103.77463,1.36453],[103.7744,1.36448],[103.77416,1.36441],[103.77393,1.36434],[103.77371,1.36426],[103.7735,1.36416],[103.77327,1.36394],[103.77307,1.36373],[103.77283,1.36356],[103.77261,1.36347],[103.77239,1.36342],[103.77219,1.36339],[103.77196,1.36327],[103.77173,1.36311],[103.7715,1.36294],[103.77131,1.36274],[103.77123,1.36251],[103.77117,1.36227],[103.7711,1.36204],[103.77101,1.36182],[103.77089,1.3616],[103.77074,1.36138],[103.77062,1.36118],[103.77057,1.36097],[103.77052,1.36073],[103.77048,1.36049],[103.77045,1.36026],[103.77043,1.36002],[103.7704,1.35979],[103.77039,1.35955],[103.77037,1.35932],[103.77036,1.35909],[103.77035,1.35885],[103.77035,1.35862],[103.77034,1.35838],[103.77034,1.35815],[103.77033,1.35791],[103.77033,1.35768],[103.77033,1.35745],[103.77032,1.35721],[103.77032,1.35698],[103.77032,1.35674],[103.77031,1.35651],[103.77031,1.35627],[103.7703,1.35604],[103.77029,1.3558],[103.77027,1.35557],[103.77025,1.35534],[103.77023,1.3551],[103.77021,1.35487],[103.77018,1.35463],[103.77016,1.3544],[103.77014,1.35416],[103.77011,1.35393],[103.77009,1.3537],[103.77006,1.35346],[103.77003,1.35323],[103.77001,1.353],[103.76997,1.3528],[103.76993,1.35259],[103.76972,1.35239],[103.76948,1.35239],[103.76924,1.35243],[103.76901,1.35247],[103.76877,1.35251],[103.76854,1.35255],[103.7683,1.35259],[103.76807,1.35263],[103.76784,1.35268],[103.7676,1.35272],[103.76737,1.35277],[103.76714,1.35282],[103.76694,1.35286],[103.76714,1.35302],[103.76736,1.35314],[103.76758,1.35328],[103.76777,1.35348],[103.76788,1.35369],[103.76797,1.35393],[103.76804,1.35416],[103.7681,1.3544],[103.76814,1.35463],[103.76818,1.35487],[103.76821,1.3551],[103.76823,1.35534],[103.76825,1.35557],[103.76822,1.3558],[103.76813,1.35604],[103.76798,1.35627],[103.76781,1.3565],[103.76764,1.35671],[103.76744,1.35686],[103.76723,1.35702],[103.76699,1.35719],[103.76679,1.35733],[103.76657,1.35751],[103.76637,1.35768],[103.76616,1.35787],[103.76599,1.35807],[103.76585,1.35831],[103.76573,1.35852],[103.76563,1.35876],[103.76557,1.35899],[103.76555,1.35923],[103.76555,1.35946],[103.76555,1.3597],[103.76556,1.35993],[103.76556,1.36016],[103.76556,1.3604],[103.76557,1.36063],[103.76557,1.36087],[103.76557,1.3611],[103.76558,1.36134],[103.76558,1.36157],[103.76562,1.3618],[103.76568,1.36204],[103.76578,1.36227],[103.76588,1.36249],[103.76598,1.36269],[103.76609,1.36291],[103.76619,1.36312],[103.7663,1.36334],[103.76641,1.36355],[103.76652,1.36377],[103.76663,1.36398],[103.76675,1.36421],[103.76696,1.36441],[103.76718,1.36443],[103.76741,1.36442],[103.76765,1.36441],[103.76788,1.3644],[103.76812,1.36439],[103.76835,1.36438],[103.76859,1.36436],[103.76882,1.36435],[103.76905,1.36433],[103.76929,1.36432],[103.76952,1.3643],[103.76974,1.36432],[103.76997,1.36443],[103.7702,1.36466],[103.77042,1.36488],[103.77064,1.36498],[103.77085,1.36505],[103.77107,1.36513],[103.7713,1.36521],[103.77154,1.36529],[103.77177,1.36537],[103.77199,1.36544],[103.77222,1.36551],[103.77243,1.36558],[103.77264,1.36564],[103.77286,1.36569],[103.7731,1.36568],[103.77332,1.36566],[103.77352,1.36564],[103.77373,1.36561],[103.77393,1.36559],[103.77398,1.36559]]],[[[103.94987,1.36752],[103.94987,1.36729],[103.94987,1.36705],[103.94987,1.36682],[103.94987,1.36659],[103.94987,1.36635],[103.94987,1.36612],[103.94987,1.36588],[103.94987,1.36565],[103.94987,1.36541],[103.94987,1.36518],[103.94987,1.36495],[103.94987,1.36471],[103.94987,1.36448],[103.94987,1.36424],[103.94987,1.36401],[103.94987,1.36377],[103.94987,1.36354],[103.94987,1.3633],[103.94987,1.36307],[103.94987,1.36284],[103.94987,1.3626],[103.94987,1.36237],[103.94987,1.36214],[103.94987,1.36194],[103.94987,1.36214],[103.94987,1.36237],[103.94987,1.3626],[103.94987,1.36284],[103.94987,1.36307],[103.94987,1.3633],[103.94987,1.36354],[103.94987,1.36377],[103.94987,1.36401],[103.94987,1.36424],[103.94987,1.36448],[103.94987,1.36471],[103.94987,1.36495],[103.94987,1.36518],[103.94987,1.36541],[103.94987,1.36565],[103.94987,1.36588],[103.94987,1.36612],[103.94987,1.36635],[103.94987,1.36659],[103.94987,1.36682],[103.94981,1.36703],[103.94965,1.36723],[103.94943,1.36737],[103.9492,1.36747],[103.94896,1.36753],[103.94873,1.36754],[103.94849,1.36754],[103.94826,1.36754],[103.94802,1.36754],[103.94779,1.36754],[103.94755,1.36754],[103.94732,1.36754],[103.94709,1.36755],[103.94687,1.3676],[103.94666,1.36774],[103.94662,1.36795],[103.94684,1.36808],[103.94705,1.36812],[103.94727,1.36812],[103.94751,1.36811],[103.94774,1.36809],[103.94798,1.36808],[103.94821,1.36807],[103.94845,1.36805],[103.94868,1.36803],[103.94891,1.36801],[103.94915,1.36798],[103.94938,1.36795],[103.94961,1.36792],[103.94981,1.36788],[103.94987,1.36768],[103.94987,1.36752]]],[[[103.76127,1.37952],[103.76129,1.37929],[103.76131,1.37905],[103.76133,1.37882],[103.76135,1.37859],[103.76139,1.37835],[103.76144,1.37812],[103.76149,1.37789],[103.76155,1.37769],[103.76165,1.37747],[103.76189,1.37726],[103.76211,1.37709],[103.76231,1.37692],[103.76211,1.37685],[103.76188,1.37682],[103.76165,1.37678],[103.76141,1.37672],[103.76118,1.37665],[103.76096,1.37661],[103.76076,1.37682],[103.76071,1.37706],[103.76069,1.37727],[103.76067,1.37751],[103.76065,1.37774],[103.76063,1.37798],[103.76061,1.37821],[103.76059,1.37845],[103.76056,1.37868],[103.76054,1.37891],[103.76051,1.37915],[103.76048,1.37938],[103.76045,1.37961],[103.76049,1.37983],[103.76069,1.38004],[103.7609,1.38009],[103.76112,1.37997],[103.76123,1.37977],[103.76127,1.37952]]],[[[103.96187,1.37987],[103.96165,1.37979],[103.96143,1.37971],[103.9612,1.37962],[103.96096,1.37952],[103.96073,1.37943],[103.96051,1.37935],[103.9603,1.37926],[103.96008,1.37917],[103.95986,1.37909],[103.95965,1.379],[103.95944,1.37891],[103.95923,1.37882],[103.95899,1.37874],[103.95876,1.37868],[103.95852,1.37864],[103.95829,1.37862],[103.95805,1.37859],[103.95782,1.37855],[103.9576,1.37851],[103.95738,1.37847],[103.95718,1.37841],[103.95697,1.3783],[103.95676,1.37816],[103.95655,1.37794],[103.95643,1.37774],[103.95635,1.37753],[103.95628,1.37732],[103.95622,1.3771],[103.95612,1.37688],[103.95591,1.37673],[103.95582,1.37696],[103.95581,1.37718],[103.95581,1.37741],[103.9558,1.37765],[103.9558,1.37788],[103.9558,1.37812],[103.95579,1.37835],[103.95579,1.37859],[103.95578,1.37882],[103.95577,1.37905],[103.95577,1.37929],[103.95576,1.37952],[103.95576,1.37975],[103.95597,1.37994],[103.95618,1.37997],[103.95641,1.37999],[103.95665,1.38001],[103.95688,1.38003],[103.95712,1.38005],[103.95735,1.38008],[103.95759,1.3801],[103.95782,1.38012],[103.95805,1.38014],[103.95829,1.38016],[103.95852,1.38018],[103.95876,1.38019],[103.95899,1.38019],[103.95923,1.38017],[103.95946,1.38015],[103.9597,1.38012],[103.95993,1.3801],[103.96016,1.38007],[103.9604,1.38005],[103.96063,1.38002],[103.96087,1.38],[103.9611,1.37997],[103.96134,1.37994],[103.96157,1.37991],[103.96177,1.37989],[103.96187,1.37987]]],[[[103.82723,1.38254],[103.82743,1.38234],[103.82764,1.38215],[103.82784,1.38193],[103.82804,1.38173],[103.82825,1.38151],[103.82845,1.38129],[103.82864,1.38107],[103.82883,1.38085],[103.82901,1.38064],[103.82918,1.38043],[103.82936,1.38021],[103.82953,1.37999],[103.82969,1.37978],[103.82983,1.37956],[103.82992,1.37935],[103.82999,1.37913],[103.83005,1.37891],[103.83011,1.37868],[103.83016,1.37845],[103.83022,1.37821],[103.83027,1.37798],[103.83031,1.37774],[103.83035,1.37751],[103.83039,1.37727],[103.83043,1.37704],[103.83048,1.37682],[103.83053,1.3766],[103.83058,1.37636],[103.83063,1.37616],[103.83068,1.37593],[103.83073,1.37573],[103.83077,1.37549],[103.83082,1.37526],[103.83087,1.37502],[103.83091,1.37479],[103.83096,1.37455],[103.831,1.37432],[103.83104,1.37409],[103.83106,1.37385],[103.83108,1.37362],[103.83108,1.37338],[103.83109,1.37315],[103.83109,1.37291],[103.83109,1.37268],[103.8311,1.37245],[103.8311,1.37221],[103.83111,1.37198],[103.83111,1.37174],[103.83112,1.37151],[103.83112,1.37127],[103.83113,1.37104],[103.83112,1.3708],[103.83112,1.37057],[103.8311,1.37034],[103.83109,1.3701],[103.83107,1.36987],[103.83105,1.36963],[103.83101,1.3694],[103.83097,1.36916],[103.83092,1.36893],[103.83086,1.36873],[103.83077,1.3685],[103.8306,1.36829],[103.8304,1.36814],[103.83018,1.36803],[103.82998,1.36793],[103.82977,1.36794],[103.82957,1.36807],[103.82935,1.36821],[103.82913,1.36836],[103.82893,1.36851],[103.82872,1.3687],[103.82852,1.3689],[103.82832,1.36911],[103.82815,1.36932],[103.82799,1.36956],[103.82785,1.36977],[103.82771,1.36999],[103.82759,1.37021],[103.82748,1.37043],[103.82737,1.37065],[103.82723,1.37086],[103.82701,1.37104],[103.82682,1.37124],[103.82669,1.37145],[103.82656,1.37167],[103.82645,1.37189],[103.82632,1.37211],[103.82619,1.37233],[103.82607,1.37254],[103.82594,1.37277],[103.82582,1.37297],[103.82567,1.37321],[103.82554,1.37343],[103.82541,1.37364],[103.8253,1.37384],[103.82533,1.37405],[103.82539,1.37427],[103.82545,1.37448],[103.82551,1.37468],[103.82555,1.37489],[103.82561,1.37512],[103.82566,1.37535],[103.8257,1.37559],[103.82574,1.37582],[103.82578,1.37605],[103.82582,1.37629],[103.82585,1.37652],[103.82589,1.37676],[103.82592,1.37699],[103.82595,1.37723],[103.82597,1.37746],[103.826,1.3777],[103.82603,1.37793],[103.82606,1.37815],[103.82609,1.37836],[103.82612,1.37856],[103.82615,1.37877],[103.82618,1.37899],[103.82621,1.37922],[103.82625,1.37943],[103.82628,1.37966],[103.82632,1.3799],[103.82636,1.38013],[103.82639,1.38037],[103.82643,1.3806],[103.82647,1.38084],[103.82651,1.38107],[103.82656,1.3813],[103.8266,1.38154],[103.82664,1.38177],[103.82669,1.38201],[103.82674,1.38224],[103.82679,1.38248],[103.82683,1.38268],[103.82704,1.38272],[103.82723,1.38254]]],[[[103.94451,1.38358],[103.94471,1.38351],[103.94493,1.38345],[103.94516,1.38339],[103.9454,1.38334],[103.94563,1.38329],[103.94587,1.38326],[103.9461,1.38323],[103.94634,1.38321],[103.94657,1.38318],[103.9468,1.38314],[103.94701,1.38303],[103.94713,1.3828],[103.94717,1.38257],[103.94718,1.38234],[103.94719,1.3821],[103.94721,1.38187],[103.94722,1.38163],[103.94724,1.3814],[103.94725,1.38116],[103.94728,1.38093],[103.9473,1.3807],[103.94733,1.38046],[103.94737,1.38023],[103.9474,1.37999],[103.94742,1.37976],[103.94743,1.37952],[103.94744,1.37929],[103.94746,1.37905],[103.94747,1.37882],[103.9475,1.3786],[103.94753,1.37838],[103.9476,1.37818],[103.94781,1.37801],[103.94802,1.37792],[103.94826,1.37784],[103.94849,1.37778],[103.94873,1.37775],[103.94896,1.37774],[103.9492,1.37773],[103.94943,1.37773],[103.94965,1.37772],[103.94986,1.37769],[103.95,1.37747],[103.9501,1.37723],[103.95018,1.37699],[103.95023,1.37676],[103.95025,1.37652],[103.95024,1.37629],[103.95023,1.37605],[103.95021,1.37582],[103.9502,1.37559],[103.95017,1.37535],[103.95014,1.37512],[103.9501,1.37489],[103.95005,1.37465],[103.94997,1.37445],[103.94977,1.37445],[103.94965,1.37465],[103.94951,1.37489],[103.94936,1.37511],[103.94921,1.37533],[103.94904,1.37553],[103.94881,1.37576],[103.94859,1.37598],[103.94838,1.37618],[103.94815,1.37633],[103.94793,1.37648],[103.94773,1.37661],[103.9475,1.37674],[103.94729,1.37689],[103.9471,1.37712],[103.94696,1.37733],[103.94675,1.37752],[103.94654,1.37762],[103.94632,1.37774],[103.94611,1.37792],[103.94593,1.37814],[103.9458,1.37835],[103.9457,1.37855],[103.94562,1.37877],[103.94555,1.37901],[103.94549,1.37924],[103.94544,1.37948],[103.94541,1.37968],[103.94537,1.37988],[103.94518,1.3801],[103.94501,1.38032],[103.94482,1.38053],[103.94461,1.38074],[103.9444,1.38087],[103.94418,1.38101],[103.94397,1.38116],[103.94382,1.38136],[103.94374,1.38156],[103.94366,1.38177],[103.94356,1.38201],[103.94347,1.38224],[103.94337,1.38248],[103.94329,1.38271],[103.94329,1.38295],[103.94336,1.38318],[103.94348,1.38341],[103.94361,1.38363],[103.94374,1.38384],[103.94394,1.38392],[103.94415,1.38381],[103.94437,1.38366],[103.94451,1.38358]]],[[[103.77636,1.38852],[103.77633,1.38829],[103.77631,1.38805],[103.77628,1.38782],[103.77626,1.38759],[103.77623,1.38735],[103.7762,1.38712],[103.77618,1.38688],[103.77615,1.38665],[103.77612,1.38641],[103.77609,1.38618],[103.77607,1.38595],[103.77607,1.38571],[103.77607,1.38548],[103.77609,1.38524],[103.7761,1.38501],[103.77611,1.38477],[103.77612,1.38454],[103.77614,1.3843],[103.77615,1.38407],[103.77616,1.38384],[103.77617,1.3836],[103.77618,1.38337],[103.77619,1.38313],[103.7762,1.3829],[103.77621,1.38266],[103.77621,1.38243],[103.77621,1.3822],[103.77621,1.38196],[103.77621,1.38173],[103.77621,1.38149],[103.77621,1.38126],[103.77621,1.38102],[103.77621,1.38079],[103.77621,1.38055],[103.77621,1.38032],[103.77621,1.38009],[103.7762,1.37985],[103.77619,1.37962],[103.77616,1.37938],[103.77614,1.37915],[103.77611,1.37891],[103.77607,1.37868],[103.77603,1.37847],[103.77598,1.37824],[103.77592,1.37804],[103.77572,1.37824],[103.77562,1.37847],[103.77553,1.37868],[103.77544,1.37891],[103.77535,1.37912],[103.77526,1.37936],[103.77518,1.37956],[103.7751,1.37977],[103.77505,1.37999],[103.77503,1.38023],[103.77501,1.38046],[103.77499,1.3807],[103.77497,1.38093],[103.77495,1.38116],[103.77492,1.3814],[103.7749,1.38163],[103.77487,1.38187],[103.77485,1.3821],[103.77482,1.38234],[103.77479,1.38257],[103.77475,1.3828],[103.7747,1.38304],[103.77464,1.38327],[103.77457,1.38348],[103.77449,1.38371],[103.77439,1.38392],[103.77425,1.38413],[103.77407,1.38436],[103.77386,1.38454],[103.77364,1.38468],[103.77341,1.3848],[103.77318,1.3849],[103.77297,1.38499],[103.77276,1.38517],[103.77258,1.38539],[103.77242,1.38562],[103.77231,1.38585],[103.77229,1.38609],[103.77234,1.38632],[103.77241,1.38655],[103.77247,1.38679],[103.77254,1.38702],[103.7726,1.38726],[103.77267,1.38749],[103.77273,1.38773],[103.77279,1.38794],[103.77284,1.38815],[103.77292,1.38837],[103.77302,1.38859],[103.77316,1.3888],[103.77337,1.38892],[103.7736,1.38897],[103.77384,1.38902],[103.77407,1.38907],[103.7743,1.38912],[103.77454,1.38916],[103.77477,1.3892],[103.77501,1.38925],[103.77524,1.38929],[103.77548,1.38933],[103.7757,1.38934],[103.7759,1.38929],[103.77612,1.38915],[103.77628,1.38894],[103.77635,1.3887],[103.77636,1.38852]]],[[[103.75247,1.40228],[103.7527,1.40213],[103.75293,1.40197],[103.75315,1.40182],[103.75336,1.40167],[103.75358,1.40152],[103.7538,1.40136],[103.75403,1.40119],[103.75423,1.40104],[103.75441,1.40083],[103.75448,1.40061],[103.75452,1.40038],[103.75456,1.40015],[103.7546,1.39991],[103.75463,1.39968],[103.75466,1.39945],[103.7547,1.39921],[103.75473,1.39898],[103.75476,1.39874],[103.75479,1.39851],[103.75482,1.39827],[103.75485,1.39807],[103.75487,1.39787],[103.75472,1.39765],[103.75458,1.39743],[103.75444,1.39723],[103.75429,1.39701],[103.75414,1.39681],[103.75397,1.39659],[103.7538,1.39638],[103.75363,1.39617],[103.75345,1.39597],[103.75327,1.39576],[103.75307,1.39555],[103.75287,1.39535],[103.75265,1.39513],[103.75244,1.39493],[103.75232,1.39473],[103.75223,1.39452],[103.75214,1.39431],[103.75203,1.39409],[103.75182,1.39431],[103.7518,1.39452],[103.75177,1.39476],[103.75173,1.39499],[103.75167,1.39523],[103.75161,1.39546],[103.75155,1.3957],[103.75149,1.39593],[103.75143,1.39616],[103.75137,1.3964],[103.75131,1.39663],[103.75125,1.39686],[103.75119,1.39707],[103.75114,1.39729],[103.75108,1.3975],[103.75103,1.39773],[103.75101,1.39796],[103.75101,1.39818],[103.75102,1.39841],[103.75104,1.39865],[103.75105,1.39888],[103.75107,1.39912],[103.75108,1.39934],[103.75109,1.39955],[103.75111,1.39975],[103.75112,1.39996],[103.75114,1.40017],[103.75115,1.40039],[103.75117,1.40062],[103.75121,1.40085],[103.75127,1.40109],[103.75136,1.40132],[103.75145,1.40155],[103.75154,1.40179],[103.75163,1.40202],[103.75171,1.40223],[103.75179,1.40245],[103.75199,1.40259],[103.7522,1.40246],[103.75241,1.40232],[103.75247,1.40228]]],[[[103.79097,1.40652],[103.79099,1.40629],[103.79102,1.40605],[103.79106,1.40582],[103.7911,1.40559],[103.79115,1.40535],[103.79121,1.40512],[103.79129,1.40489],[103.79138,1.40465],[103.79149,1.40444],[103.79166,1.40422],[103.79186,1.40404],[103.79194,1.40384],[103.79171,1.40371],[103.79149,1.40358],[103.79127,1.40344],[103.79104,1.40332],[103.7908,1.4033],[103.79057,1.40337],[103.79034,1.40351],[103.79012,1.40363],[103.78989,1.40374],[103.78969,1.40389],[103.78985,1.40409],[103.79007,1.40426],[103.79025,1.40446],[103.79037,1.40469],[103.79047,1.40493],[103.79054,1.40516],[103.79061,1.4054],[103.79066,1.40563],[103.7907,1.40587],[103.79073,1.4061],[103.79076,1.40634],[103.79078,1.40657],[103.79081,1.40678],[103.79097,1.40657],[103.79097,1.40652]]],[[[103.91396,1.41852],[103.91398,1.41829],[103.914,1.41805],[103.91402,1.41782],[103.91404,1.41759],[103.91405,1.41735],[103.91407,1.41712],[103.91409,1.41688],[103.9141,1.41665],[103.91412,1.41641],[103.91414,1.41618],[103.91413,1.41597],[103.91407,1.41576],[103.91387,1.41556],[103.91364,1.4156],[103.9134,1.41576],[103.91327,1.41597],[103.91324,1.41618],[103.91327,1.41641],[103.91331,1.41665],[103.91335,1.41688],[103.91338,1.41712],[103.91342,1.41735],[103.91346,1.41759],[103.9135,1.41782],[103.91355,1.41805],[103.91359,1.41829],[103.91364,1.41852],[103.9137,1.41875],[103.9139,1.41891],[103.91395,1.41868],[103.91396,1.41852]]],[[[103.84497,1.42464],[103.84476,1.42447],[103.84452,1.42453],[103.84431,1.42463],[103.84409,1.42474],[103.84412,1.42494],[103.84435,1.42499],[103.84457,1.42504],[103.84479,1.42506],[103.84499,1.42493],[103.84499,1.42473],[103.84497,1.42464]]]]}}]}