{"type":"FeatureCollection", "features": [
{"type":"Feature","geometry":{"type":"Polygon","coordinates":[[[103.81861835623734,1.3357874082650336],[103.81674840876109,1.3363474782608777],[103.81457069150787,1.3383513288939122],[103.81357993470114,1.3381980186270552],[103.81165010707231,1.3395721062370767],[103.8116875081404,1.3404545817785525],[103.80857531763726,1.3418108807804363],[103.80737368255893,1.341029434092944],[103.80421311111337,1.3413524508334],[103.798495545895,1.347378250910271],[103.79643772846423,1.348882433222492],[103.79402821310876,1.349526986290985],[103.79165610468922,1.3492701677143217],[103.786177011079,1.3485754837430868],[103.78830597173965,1.3456928065215876],[103.78737410487724,1.3447124609753411],[103.7811305962222,1.342270684503989],[103.77782825991117,1.3418566621854027],[103.77521027567715,1.344530535905069],[103.7718793291989,1.3465993129575926],[103.77038402347613,1.3490164394125994],[103.76730933113926,1.347339202001684],[103.76318337967967,1.3467126440344084],[103.76419858126681,1.3450212479286683],[103.7653676105444,1.3446244009022492],[103.76689552575094,1.342216582551572],[103.76512467453058,1.3421084439294269],[103.7641470957191,1.3393556702261236],[103.76450075946163,1.336611405268241],[103.76532828192504,1.3354519245202296],[103.76486929144242,1.3327010691200771],[103.7646077302215,1.3328175827492221],[103.76711549319495,1.3312119220154413],[103.76711933876271,1.3312212976606095],[103.76712930944186,1.3312434982567147],[103.76730837166794,1.3314512264485727],[103.76732032584479,1.331459035953575],[103.76740536741477,1.3315024987957933],[103.7675441029244,1.331536602422209],[103.76768681963233,1.3315313099091117],[103.77051045834715,1.3294661239749226],[103.77564504398107,1.326426737364978],[103.77266919965615,1.3242772111270529],[103.77110275937073,1.3218874251897572],[103.77120109707275,1.3187329251257291],[103.77926883785739,1.3128557705140398],[103.78460050725229,1.311089883250323],[103.78584551008946,1.3135720756008864],[103.78558985090476,1.314438713141669],[103.78505316960735,1.3144828104179793],[103.78668279022402,1.3157990046881103],[103.79132307687732,1.3114911213340736],[103.79313210305433,1.3133907426139846],[103.79610792270144,1.3120809218999399],[103.79579412666784,1.310587807732113],[103.79750160677239,1.308775882442645],[103.80032211155826,1.3087400606265989],[103.80228398187153,1.3072422129587609],[103.80464052748088,1.314367261475764],[103.80899271490848,1.3187028535790246],[103.81158558538027,1.3201408897917064],[103.81302529926988,1.3218309532739856],[103.8133564491775,1.3232948138498577],[103.81401432886824,1.3284696184460392],[103.81861835623734,1.3357874082650336]]]},"properties":{"OBJECTID":28,"PLN_AREA_N":"BUKIT TIMAH","PLN_AREA_C":"BT","CA_IND":"N","REGION_N":"CENTRAL REGION","REGION_C":"CR","INC_CRC":"A3BFBAC3EBE4A93B","FMEL_UPD_D":"20251229123848","SHAPE.AREA":17518288.1814697,"SHAPE.LEN":22652.9939495299}},
{"type":"Feature","geometry":{"type":"Polygon","coordinates":[[[103.75866536610225,1.2992172207468744],[103.76102388392715,1.3010250629276539],[103.76232754200818,1.3013444628017956],[103.7661021853202,1.2931649173965536],[103.76737037986037,1.2916495773338932],[103.7691022465999,1.2938702957081483],[103.76962661326004,1.2954964455184224],[103.76986648234498,1.3004194316758586],[103.77116513024153,1.3034914493899403],[103.77127560409475,1.3065566310101473],[103.7722662427226,1.3125815823053313],[103.77120109707275,1.3187329251257291],[103.77110275937073,1.3218874251897572],[103.77266919965615,1.3242772111270529],[103.77564504398107,1.326426737364978],[103.77051045834715,1.3294661239749226],[103.76768681963233,1.3315313099091117],[103.7675441029244,1.331536602422209],[103.76740536741477,1.3315024987957933],[103.76732032584479,1.331459035953575],[103.76730837166794,1.3314512264485727],[103.76712930944186,1.3312434982567147],[103.76711933876271,1.3312212976606095],[103.76711549319495,1.3312119220154413],[103.7646077302215,1.3328175827492221],[103.76450546227045,1.3328710006513718],[103.7609244261412,1.3347415277813028],[103.74941513362693,1.341267038921213],[103.7486606192024,1.3390675527663785],[103.7499862794168,1.32708278847487],[103.75217826763958,1.3228986304942727],[103.7512487360585,1.3201594710502922],[103.74762521382087,1.3137499310172756],[103.74785920196454,1.3093880853041349],[103.75069348997532,1.3089753334401033],[103.75342549257219,1.3067840485205133],[103.75532184756003,1.3022512022729718],[103.75728115476228,1.2983716965209193],[103.75866536610225,1.2992172207468744]]]},"properties":{"OBJECTID":29,"PLN_AREA_N":"CLEMENTI","PLN_AREA_C":"CL","CA_IND":"N","REGION_N":"WEST REGION","REGION_C":"WR","INC_CRC":"4D34F1FA6471066E","FMEL_UPD_D":"20251229123848","SHAPE.AREA":9523533.64752457,"SHAPE.LEN":15044.6522330774}},
{"type":"Feature","geometry":{"type":"Polygon","coordinates":[[[103.75728115476228,1.2983716965209193],[103.75532184756003,1.3022512022729718],[103.75342549257219,1.3067840485205133],[103.75069348997532,1.3089753334401033],[103.74785920196454,1.3093880853041349],[103.74762521382087,1.3137499310172756],[103.7512487360585,1.3201594710502922],[103.75217826763958,1.3228986304942727],[103.7499862794168,1.32708278847487],[103.7486606192024,1.3390675527663785],[103.74941513362693,1.341267038921213],[103.74530430739861,1.343643179931093],[103.74242199669169,1.3448386085758157],[103.73973839929006,1.34508597285529],[103.73726409671126,1.3460030369359102],[103.73600470086532,1.3469500610987246],[103.73209726760162,1.3511137004157243],[103.72814262666752,1.3536092093658405],[103.72816110537784,1.344364681355717],[103.72365447730085,1.3450216813845406],[103.72185255930052,1.3449171643199824],[103.72140027844833,1.3427840484012308],[103.72316467605704,1.34034556445853],[103.72508465905851,1.3367735935166485],[103.72477623067977,1.3286816504953727],[103.72601484019461,1.325032307182927],[103.71959890856319,1.323588553855716],[103.72032617797437,1.3199980831086897],[103.71947730612631,1.314307870660261],[103.71788638771945,1.3146213922215528],[103.70981213114251,1.3140906788659976],[103.71007667312489,1.3111260783439727],[103.70981576020428,1.3079519099652075],[103.71143910395931,1.306694591080265],[103.71133587567675,1.2973631724667025],[103.71185310917146,1.2973558866417805],[103.71187750931503,1.2996101603407488],[103.72039900335834,1.2998144287879072],[103.7209170337859,1.301184028491077],[103.71535832477399,1.3058988315618756],[103.71277737301477,1.3064149547589483],[103.71219993009207,1.308439453085098],[103.71584766686506,1.3084171732314682],[103.72251398698508,1.3027638907746957],[103.72790208949405,1.3000808822008962],[103.72965423464609,1.3016309326356175],[103.74085592871587,1.2988138460795562],[103.74343084807114,1.3013222166642906],[103.74483041187165,1.3008824391274845],[103.7439092581429,1.2991548809678777],[103.74448710570346,1.2978810093195303],[103.7490826913554,1.2965027154096354],[103.755718819616,1.2972681392860106],[103.75728115476228,1.2983716965209193]]]},"properties":{"OBJECTID":30,"PLN_AREA_N":"JURONG EAST","PLN_AREA_C":"JE","CA_IND":"N","REGION_N":"WEST REGION","REGION_C":"WR","INC_CRC":"CB9A67C633D272C7","FMEL_UPD_D":"20251229123848","SHAPE.AREA":17869533.5662241,"SHAPE.LEN":26938.0908429045}},
{"type":"Feature","geometry":{"type":"Polygon","coordinates":[[[103.83598820338986,1.3416836998171917],[103.8335638228443,1.3404985134877125],[103.82808944353316,1.3411500192698826],[103.82480044156041,1.3411502062022214],[103.8211284631766,1.3399568870352558],[103.81992897975829,1.3389938763385556],[103.81861835623734,1.3357874082650336],[103.81401432886824,1.3284696184460392],[103.8133564491775,1.3232948138498577],[103.81892747511249,1.3226570794069543],[103.82265264138948,1.321660357401985],[103.83533982510713,1.317369007499561],[103.83908029797624,1.3131089140051637],[103.84432443112317,1.310556231107873],[103.84578478596718,1.3147713595261916],[103.84830354926159,1.3170788880986173],[103.8545167090579,1.3201733215914155],[103.8562733009354,1.3216139333586974],[103.8608952640998,1.32631760624154],[103.86218448805688,1.3286269702815476],[103.86235230360292,1.3304390669085866],[103.86115518093621,1.330505740586032],[103.85582436622259,1.329102173624207],[103.84775339201394,1.3297517480380479],[103.84301513592132,1.3295912800644787],[103.84057766604776,1.3288461499354864],[103.83905147700597,1.3307888475576788],[103.83710099813301,1.3352647061872156],[103.83714354819485,1.3397719440701399],[103.83598820338986,1.3416836998171917]]]},"properties":{"OBJECTID":31,"PLN_AREA_N":"NOVENA","PLN_AREA_C":"NV","CA_IND":"N","REGION_N":"CENTRAL REGION","REGION_C":"CR","INC_CRC":"163B19CA54A679AF","FMEL_UPD_D":"20251229123848","SHAPE.AREA":8968012.41936518,"SHAPE.LEN":14804.9004941625}},
{"type":"Feature","geometry":{"type":"Polygon","coordinates":[[[103.75866536610225,1.2992172207468744],[103.76299252369627,1.294510305805248],[103.76073046451668,1.2905982807721283],[103.77227787036408,1.2836815280202467],[103.7691134637704,1.2783137544847483],[103.75656010110185,1.285838995875855],[103.7530115630177,1.2852695617256027],[103.75024554697613,1.2804960135604986],[103.770670138019,1.2682466921118862],[103.77687184508166,1.2786698560272638],[103.78663266419264,1.2727907252882598],[103.7785694009962,1.2591833489616238],[103.78551368947726,1.2550124484313152],[103.79399172115856,1.269205938637962],[103.79831373514591,1.266632612865869],[103.79921008684282,1.2682016382651609],[103.80186337672616,1.2724636588852078],[103.8019630367305,1.274926932016217],[103.80312789174181,1.2789304570424975],[103.80130346242379,1.2827787520788305],[103.80318752126621,1.2867717762544044],[103.80506705800144,1.2880042517645152],[103.80887440263963,1.292387077400546],[103.81536376183976,1.291522668608619],[103.81597665685602,1.294106058809378],[103.81659816960276,1.296767375283111],[103.81062144225673,1.2967943743522445],[103.80861182572039,1.2983633305490971],[103.80893428915877,1.29938024481157],[103.80480377194208,1.300482393021638],[103.80385641735371,1.302542120538109],[103.80319163423538,1.306720464481842],[103.80228398187153,1.3072422129587609],[103.80032211155826,1.3087400606265989],[103.79750160677239,1.308775882442645],[103.79579412666784,1.310587807732113],[103.79610792270144,1.3120809218999399],[103.79313210305433,1.3133907426139846],[103.79132307687732,1.3114911213340736],[103.78668279022402,1.3157990046881103],[103.78505316960735,1.3144828104179793],[103.78558985090476,1.314438713141669],[103.78584551008946,1.3135720756008864],[103.78460050725229,1.311089883250323],[103.77926883785739,1.3128557705140398],[103.77120109707275,1.3187329251257291],[103.7722662427226,1.3125815823053313],[103.77127560409475,1.3065566310101473],[103.77116513024153,1.3034914493899403],[103.76986648234498,1.3004194316758586],[103.76962661326004,1.2954964455184224],[103.7691022465999,1.2938702957081483],[103.76737037986037,1.2916495773338932],[103.7661021853202,1.2931649173965536],[103.76232754200818,1.3013444628017956],[103.76102388392715,1.3010250629276539],[103.75866536610225,1.2992172207468744]]]},"properties":{"OBJECTID":32,"PLN_AREA_N":"QUEENSTOWN","PLN_AREA_C":"QT","CA_IND":"N","REGION_N":"CENTRAL REGION","REGION_C":"CR","INC_CRC":"6FEECCA10F1E3D3C","FMEL_UPD_D":"20251229123848","SHAPE.AREA":21683634.3797384,"SHAPE.LEN":34363.1624301557}},
{"type":"Feature","geometry":{"type":"Polygon","coordinates":[[[103.83033814742028,1.2956099308157354],[103.82994968524442,1.2991962387568357],[103.82650203651734,1.2991981281964753],[103.82358674584546,1.3006210759770467],[103.82341292501827,1.3026776939486469],[103.82329148248654,1.3043797703504978],[103.82775731949344,1.3074503070280625],[103.82673153955169,1.3090704251155674],[103.82780916413552,1.311855171106239],[103.82942700264486,1.312602436266129],[103.83533982510713,1.317369007499561],[103.82265264138948,1.321660357401985],[103.81892747511249,1.3226570794069543],[103.8133564491775,1.3232948138498577],[103.81302529926988,1.3218309532739856],[103.81158558538027,1.3201408897917064],[103.80899271490848,1.3187028535790246],[103.80464052748088,1.314367261475764],[103.80228398187153,1.3072422129587609],[103.80319163423538,1.306720464481842],[103.80385641735371,1.302542120538109],[103.80480377194208,1.300482393021638],[103.80893428915877,1.29938024481157],[103.80861182572039,1.2983633305490971],[103.81062144225673,1.2967943743522445],[103.81659816960276,1.296767375283111],[103.81597665685602,1.294106058809378],[103.82161689309349,1.2935718875548845],[103.82438878635574,1.2919303003680782],[103.82859709543315,1.2927197906346648],[103.83180553745547,1.2921547646375482],[103.83033814742028,1.2956099308157354]]]},"properties":{"OBJECTID":33,"PLN_AREA_N":"TANGLIN","PLN_AREA_C":"TN","CA_IND":"N","REGION_N":"CENTRAL REGION","REGION_C":"CR","INC_CRC":"CC1757F6434A3146","FMEL_UPD_D":"20251229123848","SHAPE.AREA":7552299.51385565,"SHAPE.LEN":13830.4301705468}},
{"type":"Feature","geometry":{"type":"Polygon","coordinates":[[[103.88379985719394,1.3045393881648792],[103.88532033987698,1.3055236626976177],[103.88946347908487,1.3062252232146396],[103.88972460458736,1.3085887318522003],[103.89461827775719,1.3095768096967757],[103.90150241565193,1.3095406859519707],[103.9067062069821,1.313323499844792],[103.90523247507787,1.3168687193710216],[103.90494236219294,1.3192998453067037],[103.90584924819217,1.3265992691641812],[103.9048230469718,1.3294532735984574],[103.89617617795152,1.3377972386807973],[103.89282396265727,1.3350418222875644],[103.8888719988695,1.3335601707632472],[103.87980352201252,1.331529426306282],[103.8687431946865,1.3278191766856304],[103.8704400119674,1.3265482248168259],[103.87452409004987,1.3211944365305972],[103.87527272101471,1.3192279187822464],[103.87471290854334,1.3161522137016026],[103.87528319691205,1.3117842368277457],[103.87600420929908,1.3087888690298402],[103.88081637255992,1.3069310817952196],[103.88379985719394,1.3045393881648792]]]},"properties":{"OBJECTID":1,"PLN_AREA_N":"GEYLANG","PLN_AREA_C":"GL","CA_IND":"N","REGION_N":"CENTRAL REGION","REGION_C":"CR","INC_CRC":"31B24F4378BBAF9C","FMEL_UPD_D":"20251229123847","SHAPE.AREA":9644797.06222891,"SHAPE.LEN":12966.0936285826}},
{"type":"Feature","geometry":{"type":"Polygon","coordinates":[[[103.93188765443534,1.3757820691034395],[103.92781102081011,1.3774528114559355],[103.92394963469678,1.3783762781803353],[103.92064889191685,1.37969783510374],[103.91749852126586,1.3823648993032098],[103.9156663565879,1.3800688869055817],[103.91204782604608,1.3777397065838421],[103.91004529076459,1.3758561352418908],[103.9094528205979,1.3746510366912206],[103.9059722341342,1.3644804489254314],[103.90197409458574,1.3571565233533556],[103.89849302540718,1.3562037445620168],[103.89724428070785,1.353586510243416],[103.89572555152266,1.354007724051667],[103.8934971545041,1.3487625423174856],[103.89381693878718,1.3478328482086397],[103.89620820640141,1.346778030353265],[103.89623478150628,1.3467840491094627],[103.89623618866169,1.3467843773570176],[103.89626076896005,1.3467903753643604],[103.89628506172694,1.346796688097567],[103.89629823569868,1.346800276198726],[103.89836278872697,1.3474369336783862],[103.89912635477901,1.3431072420706036],[103.89793972526303,1.3403567396917295],[103.90209775136445,1.3387003719779116],[103.90233056749017,1.3392033056521897],[103.90759092474322,1.3391648810044303],[103.9087979130739,1.3408938960054346],[103.91299531388846,1.344462760823776],[103.91589554084658,1.3422750735743059],[103.91693390794174,1.3437592505458105],[103.92009245993998,1.3462380767510183],[103.92497049593159,1.3485850653920146],[103.92563902417632,1.3494302479310043],[103.93026154656411,1.3579134876373191],[103.9309378986923,1.3606842025377863],[103.9309309574183,1.3661099920430861],[103.93039913668335,1.370963686489299],[103.93071225022136,1.373136866020341],[103.93188765443534,1.3757820691034395]]]},"properties":{"OBJECTID":2,"PLN_AREA_N":"PAYA LEBAR","PLN_AREA_C":"PL","CA_IND":"N","REGION_N":"EAST REGION","REGION_C":"ER","INC_CRC":"D4195A6581D204EE","FMEL_UPD_D":"20251229123848","SHAPE.AREA":11685309.506852,"SHAPE.LEN":15188.7081149362}},
{"type":"Feature","geometry":{"type":"Polygon","coordinates":[[[103.85811147784997,1.3911116977282552],[103.8574926335483,1.396164025149024],[103.85518171693599,1.3977002304588109],[103.85238819145138,1.3970876333203022],[103.85007095894275,1.396469066075813],[103.84493985735435,1.3966130882429804],[103.84046510017552,1.3959871867702924],[103.82973496676996,1.3932657661667416],[103.82580152655524,1.3929157046046423],[103.82340470625665,1.3931378653712294],[103.81882248913355,1.3943408582042078],[103.81801867188848,1.390458040050765],[103.81945207298206,1.3853498241891973],[103.81934107887145,1.383389133116742],[103.81779202644647,1.3806359712180356],[103.82047418160937,1.3805413709483558],[103.82415751427249,1.3786602698874169],[103.82571310801247,1.379757223070223],[103.82728196789348,1.3790935689749846],[103.82783188815544,1.377408486555835],[103.82630059990615,1.3761910481810251],[103.82630032289488,1.373513176823169],[103.82747460851049,1.3728861869840165],[103.82800466772689,1.3708658185615916],[103.82733291369233,1.36926807206638],[103.82745983666143,1.3689252848560443],[103.82801234966799,1.367986381474633],[103.8283000412996,1.3674716423577111],[103.82833360448393,1.3679942230083093],[103.83357567211151,1.367268018275258],[103.84101176401823,1.3646116835712732],[103.84761651520054,1.3635855162763268],[103.8499238616697,1.362263929416187],[103.8533918171206,1.3592977290552322],[103.85489178402548,1.3566502953356099],[103.85686288228683,1.355512347795635],[103.85739121521574,1.3581586527049256],[103.86086995460326,1.3682611053934945],[103.86054181581365,1.3710484256008568],[103.85853432138276,1.3765963981252842],[103.85811147784997,1.3911116977282552]]]},"properties":{"OBJECTID":3,"PLN_AREA_N":"ANG MO KIO","PLN_AREA_C":"AM","CA_IND":"N","REGION_N":"NORTH-EAST REGION","REGION_C":"NER","INC_CRC":"9745C6F57FDB836F","FMEL_UPD_D":"20251229123848","SHAPE.AREA":13942583.6967373,"SHAPE.LEN":17495.7798520644}},
{"type":"Feature","geometry":{"type":"Polygon","coordinates":[[[103.68155941622786,1.3091947392782217],[103.68250790790924,1.3089536768929768],[103.68375022019087,1.2990745184069292],[103.68776330005197,1.2997583324646496],[103.69087693876287,1.2998717282141081],[103.6937505268279,1.3009405653480774],[103.69350801791184,1.3047117055106003],[103.69529303218343,1.303161936008119],[103.69617859540494,1.2996178100779818],[103.69941007929647,1.2995262641548644],[103.69954445870545,1.302602230933594],[103.69796688398186,1.3053310591996976],[103.70231773242737,1.3039930698891802],[103.70240932448927,1.301837273665343],[103.70777999710378,1.3020624635143894],[103.70746872494887,1.3031226864206793],[103.70846093393612,1.3054579116143459],[103.70838926699257,1.3076204478996698],[103.70981576020428,1.3079519099652075],[103.71007667312489,1.3111260783439727],[103.70981213114251,1.3140906788659976],[103.71788638771945,1.3146213922215528],[103.71947730612631,1.314307870660261],[103.72032617797437,1.3199980831086897],[103.71959890856319,1.323588553855716],[103.71936695081823,1.3264839095500183],[103.72105919391885,1.32983606437464],[103.72106178763647,1.3316535163564869],[103.71327027572075,1.3293206691437194],[103.70669632340994,1.3277666368968495],[103.69650828326405,1.3277630022197493],[103.6965348467638,1.3227424903581817],[103.695874697159,1.3152221849181893],[103.69404869826327,1.3153793289873168],[103.68927509115582,1.3145410113112979],[103.68463527691429,1.3118999265510651],[103.68110366071575,1.3106235050066386],[103.68155941622786,1.3091947392782217]]]},"properties":{"OBJECTID":4,"PLN_AREA_N":"BOON LAY","PLN_AREA_C":"BL","CA_IND":"N","REGION_N":"WEST REGION","REGION_C":"WR","INC_CRC":"6C5D388B1E26AE44","FMEL_UPD_D":"20251229123848","SHAPE.AREA":8282659.30576871,"SHAPE.LEN":18543.8373331781}},
{"type":"Feature","geometry":{"type":"Polygon","coordinates":[[[104.03363412361226,1.3607915458785462],[104.0319240612178,1.3633593375665982],[104.02737645867953,1.367009319698382],[104.00887188435253,1.381345930118779],[104.00701019963508,1.3812544759941527],[104.00835705142086,1.3764167235371927],[104.00765671683746,1.3735045359639433],[104.00616436605625,1.3745068813329722],[104.00416091842236,1.3781519434409637],[104.00285911065922,1.3816447838622556],[104.0011535248115,1.3845684194477708],[103.99913083564049,1.3889348985342824],[103.99507091643659,1.3914048427654762],[103.99311373595926,1.39158044372179],[103.9880327371697,1.393132771673388],[103.98136576293993,1.393496594820665],[103.98073594447995,1.392757987686711],[103.97649723760358,1.392393113838316],[103.97388002945135,1.390506734664384],[103.97287356150152,1.387632448299579],[103.97455835205805,1.3860497667982385],[103.97866499787024,1.3787631558482756],[103.97797375284199,1.377219436238966],[103.97485776967876,1.3740449847165241],[103.97598557124718,1.373185195962791],[103.9788666960278,1.3725122812802195],[103.97998357089469,1.370920541272724],[103.97911208041609,1.3695812194003891],[103.97566635340185,1.366600479585729],[103.97451879137266,1.3633926515678834],[103.9715506123333,1.3615084443914984],[103.96995763785999,1.3595771373491905],[103.96860319553005,1.3545640116984268],[103.96775572960729,1.3537564558339696],[103.9642870250297,1.3526987268432384],[103.96516177109875,1.3500302631834753],[103.9702558781246,1.3419123906670474],[103.97241572172986,1.3401602080987265],[103.97990710726796,1.336958258100115],[103.98346857974884,1.3350386095004978],[103.98356137214014,1.3342763085090785],[103.97856008192758,1.322426072370684],[103.9804530785494,1.3209080172030128],[103.98481245890046,1.3189869025251748],[103.9838196281951,1.3166803591943281],[103.98456293555694,1.3160366237705674],[103.98499427241171,1.3127280450836953],[103.99127367659756,1.3142176885348342],[103.9992346078044,1.310796415046493],[104.00216745280864,1.310413935452674],[104.00520613451239,1.311498255760847],[104.0065219397649,1.3113314573736143],[104.01010603290656,1.3097681449194976],[104.01228378177314,1.3095342565697194],[104.01465819805938,1.3112652436589336],[104.01535021003903,1.3157202184636096],[104.01506301185022,1.316459435452087],[104.01784698170017,1.3232678373810378],[104.03109677359714,1.354710089947129],[104.0312362681363,1.3575248442182608],[104.03363412361226,1.3607915458785462]]]},"properties":{"OBJECTID":5,"PLN_AREA_N":"CHANGI","PLN_AREA_C":"CH","CA_IND":"N","REGION_N":"EAST REGION","REGION_C":"ER","INC_CRC":"90A656FD79157FAD","FMEL_UPD_D":"20251229123848","SHAPE.AREA":43357296.4912189,"SHAPE.LEN":32092.7795673296}},
{"type":"Feature","geometry":{"type":"Polygon","coordinates":[[[103.75512947744862,1.3888658976430508],[103.75332082867689,1.3889994093703768],[103.7520293346351,1.3978682667247009],[103.75284955054921,1.4028161781260033],[103.75221903374711,1.4041942364935864],[103.74910587638696,1.4053435901206537],[103.74601761284148,1.4054879552247588],[103.74364559044112,1.4020997125350687],[103.74283624623,1.3967784242073475],[103.74072038096963,1.3925319341594347],[103.74016297920124,1.3903470625826968],[103.74156957843704,1.3866126587160335],[103.7326666723935,1.3789342572745926],[103.73540149517528,1.3760366332632563],[103.7383685526701,1.3738335710637848],[103.74182144793912,1.3725569286318495],[103.74570616697315,1.3715621687941149],[103.74848611901149,1.369052415485373],[103.75128368424845,1.371728475780803],[103.7538098494491,1.3762785340410757],[103.76124029618578,1.3796694610875875],[103.7594281497203,1.3830420730493198],[103.75737772375703,1.3853070574377864],[103.75512947744862,1.3888658976430508]]]},"properties":{"OBJECTID":6,"PLN_AREA_N":"CHOA CHU KANG","PLN_AREA_C":"CK","CA_IND":"N","REGION_N":"WEST REGION","REGION_C":"WR","INC_CRC":"5224CD5C7960361F","FMEL_UPD_D":"20251229123848","SHAPE.AREA":6117294.09602769,"SHAPE.LEN":11518.8052583587}},
{"type":"Feature","geometry":{"type":"Polygon","coordinates":[[[103.91004529076459,1.3758561352418908],[103.90852094281415,1.3781524487852992],[103.90630499224599,1.379799570229577],[103.90419558756152,1.3804342407435013],[103.89710241545076,1.379379798333129],[103.89484916976103,1.380004658472228],[103.89089422342275,1.380299842934169],[103.88368164580287,1.3863071376460385],[103.87951496425414,1.3885877040919397],[103.87697599126676,1.3884786637383275],[103.87310966260192,1.387335101786749],[103.87637741771387,1.3845540881421765],[103.87690819318018,1.3824542204250883],[103.87673913817933,1.3787476653058763],[103.87697179202758,1.3738373291039623],[103.8763045942726,1.3693899648110262],[103.87326944476543,1.362184802361256],[103.87403493224248,1.3589554344972548],[103.87807314769012,1.3538777424993576],[103.87649334653794,1.3524311703103797],[103.8792252655588,1.3510315901580656],[103.88045307467144,1.347196403293297],[103.88086668497736,1.346529732325888],[103.88362677642675,1.3422302137747992],[103.88506195706921,1.340860550404748],[103.88707877441166,1.33797752501934],[103.8888719988695,1.3335601707632472],[103.89282396265727,1.3350418222875644],[103.89617617795152,1.3377972386807973],[103.89793972526303,1.3403567396917295],[103.89912635477901,1.3431072420706036],[103.89836278872697,1.3474369336783862],[103.89629823569868,1.346800276198726],[103.89628506172694,1.346796688097567],[103.89626076896005,1.3467903753643604],[103.89623618866169,1.3467843773570176],[103.89623478150628,1.3467840491094627],[103.89620820640141,1.346778030353265],[103.89381693878718,1.3478328482086397],[103.8934971545041,1.3487625423174856],[103.89572555152266,1.354007724051667],[103.89724428070785,1.353586510243416],[103.89849302540718,1.3562037445620168],[103.90197409458574,1.3571565233533556],[103.9059722341342,1.3644804489254314],[103.9094528205979,1.3746510366912206],[103.91004529076459,1.3758561352418908]]]},"properties":{"OBJECTID":7,"PLN_AREA_N":"HOUGANG","PLN_AREA_C":"HG","CA_IND":"N","REGION_N":"NORTH-EAST REGION","REGION_C":"NER","INC_CRC":"E2D6070221C6AEBE","FMEL_UPD_D":"20251229123848","SHAPE.AREA":13933024.2620327,"SHAPE.LEN":18301.3995919463}},
{"type":"Feature","geometry":{"type":"Polygon","coordinates":[[[103.71959890856319,1.323588553855716],[103.72601484019461,1.325032307182927],[103.72477623067977,1.3286816504953727],[103.72508465905851,1.3367735935166485],[103.72316467605704,1.34034556445853],[103.72140027844833,1.3427840484012308],[103.72185255930052,1.3449171643199824],[103.72365447730085,1.3450216813845406],[103.72816110537784,1.344364681355717],[103.72814262666752,1.3536092093658405],[103.72332006712061,1.3554259220601779],[103.7174606273944,1.3559237129899422],[103.71407326839417,1.357428012214268],[103.70624573364974,1.3643484917158717],[103.70219887293082,1.3601373034302877],[103.69699577601827,1.3540366913590969],[103.69254672678277,1.3480867701863408],[103.69031113406734,1.3459120364397925],[103.68272101825248,1.3400063810319869],[103.67860097678825,1.3389845743163085],[103.67721790342486,1.337226757089235],[103.67551371243846,1.331907759755958],[103.67493190292265,1.331049776526433],[103.67590386461421,1.330497952767323],[103.67945344592859,1.3302033961306017],[103.67934418148225,1.3277733767695432],[103.69650828326405,1.3277630022197493],[103.70669632340994,1.3277666368968495],[103.71327027572075,1.3293206691437194],[103.72106178763647,1.3316535163564869],[103.72105919391885,1.32983606437464],[103.71936695081823,1.3264839095500183],[103.71959890856319,1.323588553855716]]]},"properties":{"OBJECTID":8,"PLN_AREA_N":"JURONG WEST","PLN_AREA_C":"JW","CA_IND":"N","REGION_N":"WEST REGION","REGION_C":"WR","INC_CRC":"15407CC4B888BDB5","FMEL_UPD_D":"20251229123848","SHAPE.AREA":14680359.4537461,"SHAPE.LEN":19329.8846194458}},
{"type":"Feature","geometry":{"type":"Polygon","coordinates":[[[103.8687431946865,1.3278191766856304],[103.86235230360292,1.3304390669085866],[103.86218448805688,1.3286269702815476],[103.8608952640998,1.32631760624154],[103.8562733009354,1.3216139333586974],[103.8545167090579,1.3201733215914155],[103.84830354926159,1.3170788880986173],[103.84578478596718,1.3147713595261916],[103.84432443112317,1.310556231107873],[103.84576887256821,1.3098439837454334],[103.84704046487491,1.3081412491395912],[103.84876387042581,1.3066234754195214],[103.85065043339323,1.309108789291319],[103.85248471706163,1.3105231533939443],[103.85436533166047,1.3136203230802195],[103.85541356751385,1.311804787489243],[103.85447264991123,1.3106178803555382],[103.85871170393686,1.3068175675374833],[103.86227727491203,1.3015822422312897],[103.86615315253042,1.3043639757657701],[103.86696042788539,1.3033254216528873],[103.86906545079358,1.302881462510252],[103.86797900227546,1.3008010837314927],[103.8655685237826,1.2983945590060055],[103.86532187880417,1.2941733187938165],[103.87275214332527,1.2953627532723824],[103.87766797764536,1.2955219319314313],[103.88532905459961,1.295763343840193],[103.88551848286858,1.301201472288952],[103.88379985719394,1.3045393881648792],[103.88081637255992,1.3069310817952196],[103.87600420929908,1.3087888690298402],[103.87528319691205,1.3117842368277457],[103.87471290854334,1.3161522137016026],[103.87527272101471,1.3192279187822464],[103.87452409004987,1.3211944365305972],[103.8704400119674,1.3265482248168259],[103.8687431946865,1.3278191766856304]]]},"properties":{"OBJECTID":9,"PLN_AREA_N":"KALLANG","PLN_AREA_C":"KL","CA_IND":"N","REGION_N":"CENTRAL REGION","REGION_C":"CR","INC_CRC":"C980FA4CF6B7E928","FMEL_UPD_D":"20251229123848","SHAPE.AREA":8584702.86594255,"SHAPE.LEN":16291.489050536}},
{"type":"Feature","geometry":{"type":"Polygon","coordinates":[[[103.82588445678044,1.4353630862160736],[103.82443334961337,1.4350487648470382],[103.82265177979421,1.4359423942773526],[103.81857994935231,1.4404369542971056],[103.81471496097625,1.44298832658422],[103.8117002908172,1.4442777604281596],[103.81052718416223,1.4404289037992615],[103.79598123932885,1.4235782279525588],[103.79496919953816,1.4225662400403667],[103.78966701178508,1.425332545542921],[103.78521151904576,1.426460896598892],[103.78205188074602,1.4265372041396316],[103.77756749244244,1.4255881533545198],[103.77480985830415,1.424235507755452],[103.77126627385584,1.4215075797009649],[103.77148505672398,1.411453010812087],[103.77168174706183,1.4099911604873536],[103.77603637259777,1.4107755437090213],[103.78322054343485,1.4109031155040945],[103.787643224896,1.4123042636183052],[103.78955910491169,1.4125453362550333],[103.79467933040824,1.4143417183099833],[103.80131128259036,1.4160657995791535],[103.80342789651895,1.415966030577937],[103.8057765848208,1.4143550008139874],[103.80933425758201,1.415395796072006],[103.81111105747404,1.4152726187292575],[103.8146638433252,1.4137033663600502],[103.82102499310487,1.4142427780344458],[103.82307967379975,1.4134110201551995],[103.8248794346344,1.420814129640182],[103.82557286274672,1.4248715108492465],[103.82685369526185,1.4286234237786422],[103.82660914931238,1.4327142919650586],[103.82588445678044,1.4353630862160736]]]},"properties":{"OBJECTID":10,"PLN_AREA_N":"MANDAI","PLN_AREA_C":"MD","CA_IND":"N","REGION_N":"NORTH REGION","REGION_C":"NR","INC_CRC":"2B55BA3D015C2922","FMEL_UPD_D":"20251229123848","SHAPE.AREA":11767308.1334684,"SHAPE.LEN":17659.3473210702}},
{"type":"Feature","geometry":{"type":"Polygon","coordinates":[[[103.97287356150152,1.387632448299579],[103.97069672744034,1.3861546363112827],[103.9692508753214,1.3843889542152796],[103.96736543227122,1.3832216605945202],[103.96750640639233,1.3810871672417306],[103.96622424511237,1.3806106546466472],[103.9645000474827,1.3821234652454626],[103.9583533597035,1.3813270938717483],[103.95479929523634,1.381687355661048],[103.94924069142544,1.382989645543731],[103.94375507188064,1.3867025473356072],[103.94262428813319,1.388291529781382],[103.94323437563715,1.3922466364834762],[103.94074320257762,1.395241874922554],[103.93995759292315,1.3953287161178993],[103.93756894066213,1.3932474667849775],[103.93675723000764,1.3942091938547956],[103.94049727074623,1.3977631439310554],[103.93621522293739,1.4019281253175253],[103.93013739574091,1.399696115872978],[103.93017854795147,1.4005921206074503],[103.9249466383199,1.3983297872296006],[103.91989997192242,1.3943172894652476],[103.91648670254325,1.3903224993520389],[103.91432583081242,1.3859263603270122],[103.91749852126586,1.3823648993032098],[103.92064889191685,1.37969783510374],[103.92394963469678,1.3783762781803353],[103.92781102081011,1.3774528114559355],[103.93188765443534,1.3757820691034395],[103.94074480797731,1.3712129482483857],[103.94463928514494,1.3679590255233753],[103.94703997901043,1.3670197046574784],[103.95552352004478,1.3647952740733977],[103.95829439000626,1.3631815479370732],[103.96115023544442,1.360241516729204],[103.96261275719701,1.3576417501284206],[103.9642870250297,1.3526987268432384],[103.96775572960729,1.3537564558339696],[103.96860319553005,1.3545640116984268],[103.96995763785999,1.3595771373491905],[103.9715506123333,1.3615084443914984],[103.97451879137266,1.3633926515678834],[103.97566635340185,1.366600479585729],[103.97911208041609,1.3695812194003891],[103.97998357089469,1.370920541272724],[103.9788666960278,1.3725122812802195],[103.97598557124718,1.373185195962791],[103.97485776967876,1.3740449847165241],[103.97797375284199,1.377219436238966],[103.97866499787024,1.3787631558482756],[103.97455835205805,1.3860497667982385],[103.97287356150152,1.387632448299579]]]},"properties":{"OBJECTID":11,"PLN_AREA_N":"PASIR RIS","PLN_AREA_C":"PR","CA_IND":"N","REGION_N":"EAST REGION","REGION_C":"ER","INC_CRC":"178B9A35D068CD4E","FMEL_UPD_D":"20251229123848","SHAPE.AREA":15967393.4500425,"SHAPE.LEN":22803.7845095004}},
{"type":"Feature","geometry":{"type":"Polygon","coordinates":[[[103.68155941622786,1.3091947392782217],[103.68110366071575,1.3106235050066386],[103.68463527691429,1.3118999265510651],[103.68927509115582,1.3145410113112979],[103.69404869826327,1.3153793289873168],[103.695874697159,1.3152221849181893],[103.6965348467638,1.3227424903581817],[103.69650828326405,1.3277630022197493],[103.67934418148225,1.3277733767695432],[103.67945344592859,1.3302033961306017],[103.67590386461421,1.330497952767323],[103.67493190292265,1.331049776526433],[103.671206830144,1.329837422478378],[103.66772146838159,1.3279878577294442],[103.66611890141516,1.3266233102793188],[103.66289608570655,1.3220127499907501],[103.65586952588485,1.31453432442991],[103.6582036010797,1.3123173285057532],[103.65709033722234,1.3111311169259936],[103.65748723006729,1.3100580905965171],[103.65576547103942,1.308473293907443],[103.65312145183792,1.3052053159641261],[103.64980778357607,1.3016885067034787],[103.65177802844254,1.2993554279523747],[103.6537516041278,1.3010309815301728],[103.65936067415107,1.294809527845608],[103.6647388354807,1.2918787991961331],[103.66658593825909,1.2886757257630221],[103.67153687926144,1.2927923187105714],[103.67434333574712,1.2954551819879268],[103.66945716389372,1.3005136657436642],[103.66879327633916,1.3063171593120042],[103.67271535281671,1.3068108531228084],[103.6730175777053,1.3025862016185372],[103.6784435370423,1.2966145757747465],[103.68190000548834,1.2980008741720346],[103.6818769690523,1.299489126463322],[103.6806998824588,1.308821831182052],[103.68155941622786,1.3091947392782217]]]},"properties":{"OBJECTID":12,"PLN_AREA_N":"PIONEER","PLN_AREA_C":"PN","CA_IND":"N","REGION_N":"WEST REGION","REGION_C":"WR","INC_CRC":"457A099A8B874D34","FMEL_UPD_D":"20251229123848","SHAPE.AREA":12221172.3701276,"SHAPE.LEN":20569.5900022426}},
{"type":"Feature","geometry":{"type":"Polygon","coordinates":[[[103.93017854795147,1.4005921206074503],[103.93087484923227,1.4038729512915837],[103.92774878881282,1.4066502645620205],[103.9235012403263,1.411204312992837],[103.91927972431847,1.4134818486920189],[103.9187827392041,1.4148159923913413],[103.91570698152131,1.4173449528542041],[103.91398129142712,1.4181871097835264],[103.91255516773731,1.4211137332854666],[103.91071525790754,1.421507609080451],[103.90802566344496,1.4210530124558511],[103.906956212895,1.420024942562211],[103.90409348564746,1.4202378165244836],[103.9017861688517,1.4190325990321355],[103.89741490715237,1.4149062118148998],[103.8958114771933,1.411389414408938],[103.89303530231126,1.4079959515233234],[103.89094409941015,1.4060735364842512],[103.88737622788317,1.4037897135284856],[103.88680747870157,1.401207473668898],[103.89537805274395,1.4000949355087438],[103.90128479005075,1.3981651901808458],[103.90510928302861,1.3958028441830814],[103.90738705247003,1.3938502083618354],[103.91432583081242,1.3859263603270122],[103.91648670254325,1.3903224993520389],[103.91989997192242,1.3943172894652476],[103.9249466383199,1.3983297872296006],[103.93017854795147,1.4005921206074503]]]},"properties":{"OBJECTID":13,"PLN_AREA_N":"PUNGGOL","PLN_AREA_C":"PG","CA_IND":"N","REGION_N":"NORTH-EAST REGION","REGION_C":"NER","INC_CRC":"2392B4C9EE8CCC8D","FMEL_UPD_D":"20251229123848","SHAPE.AREA":9374276.81688128,"SHAPE.LEN":13835.3953129951}},
{"type":"Feature","geometry":{"type":"Polygon","coordinates":[[[103.89741490715237,1.4149062118148998],[103.89667170440946,1.4152554405155335],[103.89779813148643,1.4180422745894443],[103.8971340411532,1.4203522441795249],[103.89501830557681,1.4218532639057972],[103.88812373616732,1.425765272079785],[103.88050739829079,1.4308519892253195],[103.8771302635109,1.4319863003152613],[103.87334320261684,1.4309884228426382],[103.86966565223527,1.4284694066293733],[103.86919549166706,1.4267939465313069],[103.86724406110571,1.4250772281324142],[103.86403489060973,1.4218658316512591],[103.86205852363173,1.4185859468493316],[103.86142923131533,1.4160640393676671],[103.86186386154726,1.4128597074745464],[103.86088573907656,1.4097847158165864],[103.85606158671033,1.4060085496410035],[103.85505655500374,1.4048734450498326],[103.85486732930546,1.402692498054359],[103.8556352136945,1.4012318001130142],[103.85783177711315,1.4004624383213369],[103.86097157975068,1.4008928912729766],[103.8721136328577,1.4010827591108346],[103.8782332677719,1.401374451152774],[103.88680747870157,1.401207473668898],[103.88737622788317,1.4037897135284856],[103.89094409941015,1.4060735364842512],[103.89303530231126,1.4079959515233234],[103.8958114771933,1.411389414408938],[103.89741490715237,1.4149062118148998]],[[103.87059794713129,1.4254416363579827],[103.8699647973157,1.4244947949949471],[103.86736150797812,1.4247169007600506],[103.86933851707676,1.4264561219481708],[103.87059794713129,1.4254416363579827]]]},"properties":{"OBJECTID":14,"PLN_AREA_N":"SELETAR","PLN_AREA_C":"SL","CA_IND":"N","REGION_N":"NORTH-EAST REGION","REGION_C":"NER","INC_CRC":"8A9907A9509B246E","FMEL_UPD_D":"20251229123848","SHAPE.AREA":10848873.6907105,"SHAPE.LEN":15077.2149695964}},
{"type":"Feature","geometry":{"type":"Polygon","coordinates":[[[103.8478139140378,1.4605238833395364],[103.83712649264623,1.4648126966897066],[103.83526982179544,1.4641398064780724],[103.83289910041893,1.4599578673669278],[103.83194639901818,1.4605052330351993],[103.83429689157344,1.4647085884760676],[103.82753875541977,1.4685865733269297],[103.82455400925404,1.4633210751358634],[103.82264279045688,1.4610155140127987],[103.82168461574105,1.4627237154024866],[103.82338433471229,1.4657596313185686],[103.82216803564751,1.468637482054746],[103.82054279017738,1.4696926402911268],[103.81759362614216,1.4706825439171392],[103.81428655496944,1.470616243519622],[103.80977176214249,1.4697925873482953],[103.80879908148503,1.4705651202140164],[103.80621835327455,1.4700383798856052],[103.80158182367998,1.4684767903393159],[103.79179165023874,1.462044598089651],[103.795092402788,1.457490431429545],[103.79757333535939,1.4555206205693845],[103.8004967972632,1.4566710093022566],[103.8012285307176,1.4540267795782003],[103.80322036132848,1.4496907729863713],[103.80633489137125,1.4467203317694388],[103.8117002908172,1.4442777604281596],[103.81471496097625,1.44298832658422],[103.81857994935231,1.4404369542971056],[103.82265177979421,1.4359423942773526],[103.82443334961337,1.4350487648470382],[103.82588445678044,1.4353630862160736],[103.82905022941023,1.437973752923043],[103.83031467910597,1.4416264783045896],[103.83669414621593,1.4456161416414426],[103.83306394424102,1.4513852871045205],[103.8478139140378,1.4605238833395364]]]},"properties":{"OBJECTID":15,"PLN_AREA_N":"SEMBAWANG","PLN_AREA_C":"SB","CA_IND":"N","REGION_N":"NORTH REGION","REGION_C":"NR","INC_CRC":"13CCA0BFC4E06291","FMEL_UPD_D":"20251229123848","SHAPE.AREA":12636342.7480541,"SHAPE.LEN":21493.7506835475}},
{"type":"Feature","geometry":{"type":"Polygon","coordinates":[[[103.88680747870157,1.401207473668898],[103.8782332677719,1.401374451152774],[103.8721136328577,1.4010827591108346],[103.86097157975068,1.4008928912729766],[103.85783177711315,1.4004624383213369],[103.8556352136945,1.4012318001130142],[103.85565302740925,1.40116038955388],[103.85565926600381,1.4011328262887277],[103.85546546872267,1.3995912637591557],[103.85238819145138,1.3970876333203022],[103.85518171693599,1.3977002304588109],[103.8574926335483,1.396164025149024],[103.85811147784997,1.3911116977282552],[103.86886511529497,1.3881972094994999],[103.87310966260192,1.387335101786749],[103.87697599126676,1.3884786637383275],[103.87951496425414,1.3885877040919397],[103.88368164580287,1.3863071376460385],[103.89089422342275,1.380299842934169],[103.89484916976103,1.380004658472228],[103.89710241545076,1.379379798333129],[103.90419558756152,1.3804342407435013],[103.90630499224599,1.379799570229577],[103.90852094281415,1.3781524487852992],[103.91004529076459,1.3758561352418908],[103.91204782604608,1.3777397065838421],[103.9156663565879,1.3800688869055817],[103.91749852126586,1.3823648993032098],[103.91432583081242,1.3859263603270122],[103.90738705247003,1.3938502083618354],[103.90510928302861,1.3958028441830814],[103.90128479005075,1.3981651901808458],[103.89537805274395,1.4000949355087438],[103.88680747870157,1.401207473668898]]]},"properties":{"OBJECTID":16,"PLN_AREA_N":"SENGKANG","PLN_AREA_C":"SE","CA_IND":"N","REGION_N":"NORTH-EAST REGION","REGION_C":"NER","INC_CRC":"7CCA9E2C30E1A792","FMEL_UPD_D":"20251229123848","SHAPE.AREA":10603043.1912112,"SHAPE.LEN":17026.9539590636}},
{"type":"Feature","geometry":{"type":"Polygon","coordinates":[[[103.87310966260192,1.387335101786749],[103.86886511529497,1.3881972094994999],[103.85811147784997,1.3911116977282552],[103.85853432138276,1.3765963981252842],[103.86054181581365,1.3710484256008568],[103.86086995460326,1.3682611053934945],[103.85739121521574,1.3581586527049256],[103.85686288228683,1.355512347795635],[103.85716923906023,1.3526635826804936],[103.86043696024463,1.3434034315033432],[103.86556385763281,1.3442686167317142],[103.86912926581122,1.342780946255031],[103.87177932572556,1.3435364388135858],[103.87431405820598,1.343506184352652],[103.8774492936842,1.344162301717673],[103.88320696245587,1.3412281987010535],[103.88506195706921,1.340860550404748],[103.88362677642675,1.3422302137747992],[103.88086668497736,1.346529732325888],[103.88045307467144,1.347196403293297],[103.8792252655588,1.3510315901580656],[103.87649334653794,1.3524311703103797],[103.87807314769012,1.3538777424993576],[103.87403493224248,1.3589554344972548],[103.87326944476543,1.362184802361256],[103.8763045942726,1.3693899648110262],[103.87697179202758,1.3738373291039623],[103.87673913817933,1.3787476653058763],[103.87690819318018,1.3824542204250883],[103.87637741771387,1.3845540881421765],[103.87310966260192,1.387335101786749]]]},"properties":{"OBJECTID":17,"PLN_AREA_N":"SERANGOON","PLN_AREA_C":"SG","CA_IND":"N","REGION_N":"NORTH-EAST REGION","REGION_C":"NER","INC_CRC":"D9436457A4E190AF","FMEL_UPD_D":"20251229123848","SHAPE.AREA":10100539.9088792,"SHAPE.LEN":16149.0236062704}},
{"type":"Feature","geometry":{"type":"MultiPolygon","coordinates":[[[[103.87242041853614,1.4399546917427024],[103.86941292739807,1.4438143255963647],[103.86243006290104,1.4517737408768625],[103.86089903086922,1.4527492998425389],[103.85789757474461,1.4516461594526848],[103.85747918585564,1.4507186170549615],[103.85970283491606,1.4459714746066679],[103.85990907189469,1.442982918536562],[103.8629173052287,1.4398902497378971],[103.86364738355834,1.4381669453603003],[103.86607612962109,1.435717451786554],[103.86807283238458,1.4353373452415843],[103.86967792151864,1.4358786685709213],[103.87224721219712,1.4379408625138457],[103.87242041853614,1.4399546917427024]]],[[[103.86213066712969,1.4246300306091442],[103.85777773936248,1.4265253464267935],[103.8597591065593,1.4278695362964413],[103.86440694612546,1.431756737715445],[103.86534585858763,1.4334788411269912],[103.86360582575816,1.4341059289989317],[103.86337155753569,1.4364413544757635],[103.85875014865793,1.4424001174340078],[103.85629119304805,1.4495946312642387],[103.85503570627529,1.4524888929840547],[103.85737422524433,1.4534039838023307],[103.8581911308803,1.4548557307085588],[103.85415776390383,1.4574747724675816],[103.8478139140378,1.4605238833395364],[103.83306394424102,1.4513852871045205],[103.83669414621593,1.4456161416414426],[103.8441458516962,1.4397431839609192],[103.84723539214345,1.4342844094953282],[103.85218290785002,1.4294992803280706],[103.85463073407267,1.4277894523756607],[103.86213066712969,1.4246300306091442]]]]},"properties":{"OBJECTID":18,"PLN_AREA_N":"SIMPANG","PLN_AREA_C":"SM","CA_IND":"N","REGION_N":"NORTH REGION","REGION_C":"NR","INC_CRC":"CDC316C6BC2CB02B","FMEL_UPD_D":"20251229123848","SHAPE.AREA":8283191.21988119,"SHAPE.LEN":18102.0124169094}},
{"type":"Feature","geometry":{"type":"Polygon","coordinates":[[[103.9838196281951,1.3166803591943281],[103.98481245890046,1.3189869025251748],[103.9804530785494,1.3209080172030128],[103.97856008192758,1.322426072370684],[103.98356137214014,1.3342763085090785],[103.98346857974884,1.3350386095004978],[103.97990710726796,1.336958258100115],[103.97241572172986,1.3401602080987265],[103.9702558781246,1.3419123906670474],[103.96516177109875,1.3500302631834753],[103.9642870250297,1.3526987268432384],[103.96261275719701,1.3576417501284206],[103.96115023544442,1.360241516729204],[103.95829439000626,1.3631815479370732],[103.95552352004478,1.3647952740733977],[103.94703997901043,1.3670197046574784],[103.94463928514494,1.3679590255233753],[103.94074480797731,1.3712129482483857],[103.93188765443534,1.3757820691034395],[103.93071225022136,1.373136866020341],[103.93039913668335,1.370963686489299],[103.9309309574183,1.3661099920430861],[103.9309378986923,1.3606842025377863],[103.93026154656411,1.3579134876373191],[103.92563902417632,1.3494302479310043],[103.92497049593159,1.3485850653920146],[103.92935046173993,1.3455484599387142],[103.93833046952045,1.3367432477035486],[103.93914730032229,1.3362736463587592],[103.94897529981216,1.3343343410077393],[103.95417182388485,1.3266036383128121],[103.95987551877552,1.3219180613826509],[103.96065605771291,1.3209017892012713],[103.96363401398482,1.3144195590395722],[103.96473705814529,1.3141345770124284],[103.97013002464307,1.3158336001391604],[103.97669741049563,1.3161722733900203],[103.98004564992611,1.316653425771698],[103.9838196281951,1.3166803591943281]]]},"properties":{"OBJECTID":19,"PLN_AREA_N":"TAMPINES","PLN_AREA_C":"TM","CA_IND":"N","REGION_N":"EAST REGION","REGION_C":"ER","INC_CRC":"2580E9327F1BF9DA","FMEL_UPD_D":"20251229123848","SHAPE.AREA":20794475.7858289,"SHAPE.LEN":22141.6594542334}},
{"type":"Feature","geometry":{"type":"Polygon","coordinates":[[[103.73726409671126,1.3460030369359102],[103.73826319134761,1.3488125801071809],[103.73662049197158,1.353852972936009],[103.73723553121322,1.3570743027903571],[103.73998456514173,1.360043617168878],[103.7441108296915,1.3651431466171446],[103.74848611901149,1.369052415485373],[103.74570616697315,1.3715621687941149],[103.74182144793912,1.3725569286318495],[103.7383685526701,1.3738335710637848],[103.73540149517528,1.3760366332632563],[103.7326666723935,1.3789342572745926],[103.72680489359229,1.3734252381732033],[103.72299991904237,1.370840600589415],[103.71455718942099,1.3680594762206857],[103.71157692617145,1.3673976293672965],[103.70865993864054,1.3661204967316454],[103.70624573364974,1.3643484917158717],[103.71407326839417,1.357428012214268],[103.7174606273944,1.3559237129899422],[103.72332006712061,1.3554259220601779],[103.72814262666752,1.3536092093658405],[103.73209726760162,1.3511137004157243],[103.73600470086532,1.3469500610987246],[103.73726409671126,1.3460030369359102]]]},"properties":{"OBJECTID":20,"PLN_AREA_N":"TENGAH","PLN_AREA_C":"TH","CA_IND":"N","REGION_N":"WEST REGION","REGION_C":"WR","INC_CRC":"0D2FF9150EC36DFE","FMEL_UPD_D":"20251229123848","SHAPE.AREA":7363464.40042962,"SHAPE.LEN":12811.2287699312}},
{"type":"Feature","geometry":{"type":"Polygon","coordinates":[[[103.86043696024463,1.3434034315033432],[103.85430412207513,1.3432055467370467],[103.8488317433,1.3439511178441552],[103.84401674289742,1.3440633383646623],[103.8412026440591,1.3450706375002743],[103.83652007133279,1.3419959364465686],[103.83598820338986,1.3416836998171917],[103.83714354819485,1.3397719440701399],[103.83710099813301,1.3352647061872156],[103.83905147700597,1.3307888475576788],[103.84057766604776,1.3288461499354864],[103.84301513592132,1.3295912800644787],[103.84775339201394,1.3297517480380479],[103.85582436622259,1.329102173624207],[103.86115518093621,1.330505740586032],[103.86235230360292,1.3304390669085866],[103.8687431946865,1.3278191766856304],[103.87980352201252,1.331529426306282],[103.8888719988695,1.3335601707632472],[103.88707877441166,1.33797752501934],[103.88506195706921,1.340860550404748],[103.88320696245587,1.3412281987010535],[103.8774492936842,1.344162301717673],[103.87431405820598,1.343506184352652],[103.87177932572556,1.3435364388135858],[103.86912926581122,1.342780946255031],[103.86556385763281,1.3442686167317142],[103.86043696024463,1.3434034315033432]]]},"properties":{"OBJECTID":21,"PLN_AREA_N":"TOA PAYOH","PLN_AREA_C":"TP","CA_IND":"N","REGION_N":"CENTRAL REGION","REGION_C":"CR","INC_CRC":"D70796621F573012","FMEL_UPD_D":"20251229123848","SHAPE.AREA":8180212.90439068,"SHAPE.LEN":13840.3679542223}},
{"type":"Feature","geometry":{"type":"Polygon","coordinates":[[[103.73932856357493,1.4222807031772366],[103.72873796104456,1.4116381365095387],[103.72734802990458,1.4110714530508883],[103.71856139263076,1.4110680174841557],[103.71624643248036,1.41422580528876],[103.71468098552087,1.414332315208993],[103.71336777830568,1.4130086041293377],[103.71068135438423,1.412955289206164],[103.70862557011208,1.4123613760217215],[103.70514971303722,1.4123814036456392],[103.70097278859313,1.416772563994264],[103.70156535592074,1.4180541099020412],[103.6986514256504,1.418650473303386],[103.70011061293343,1.423187276591099],[103.69701082165396,1.4242600529929657],[103.69712529749188,1.4261080976816358],[103.69578389440774,1.427740874163532],[103.69503443458615,1.4315253145593023],[103.69301472826024,1.4336738110178162],[103.68964647446725,1.433351523519198],[103.6879396857563,1.432055115101789],[103.68334052858957,1.431170926426372],[103.68139789116445,1.4291424046107812],[103.67899563805341,1.4285264435620113],[103.67805912246962,1.4291200755552294],[103.67640368257126,1.4263073444382401],[103.67430134106866,1.4251751688651026],[103.67351228324667,1.4220127304118533],[103.67418491151153,1.420487137486935],[103.67272055753666,1.4193827229527396],[103.67154713036058,1.4160459707926376],[103.67212265973747,1.4134868260178228],[103.6703083454697,1.4128949666007495],[103.67059925968185,1.4116969448694354],[103.66950266587278,1.410137490754655],[103.66763428192762,1.408897565790398],[103.66513994720981,1.408919320290948],[103.66414742009869,1.4061905875648164],[103.66243529006809,1.4053715333700398],[103.66343657934807,1.402744755713497],[103.66205355536823,1.3987327939842178],[103.66285025587821,1.3973074018631721],[103.66237162728169,1.3947436381891833],[103.66271015702627,1.3923914693851065],[103.66163443703662,1.3906039837713176],[103.66164133931069,1.388994314724472],[103.66042188440096,1.3880415425870516],[103.65968191887784,1.3859649744176301],[103.65693936577316,1.383391241749946],[103.65737268611574,1.3827002608658312],[103.65249760928735,1.3730305516019359],[103.64954835481313,1.3728238609001733],[103.6484262763929,1.3698303763277542],[103.64670508445916,1.3674162127122607],[103.64533004719335,1.363735296775874],[103.64361076578936,1.3604985511246026],[103.64081843118429,1.3579755235093913],[103.63879347467562,1.3531040867684059],[103.64777912107995,1.3450438050662128],[103.64987640082587,1.3448835131048833],[103.65171081079342,1.3434667389391077],[103.65139087563838,1.3406668944799096],[103.65195931031472,1.3387641011709404],[103.65672573638668,1.3345431492388156],[103.6571375586825,1.3335686584366755],[103.66544573153826,1.330137780982244],[103.66772146838159,1.3279878577294442],[103.671206830144,1.329837422478378],[103.67493190292265,1.331049776526433],[103.67551371243846,1.331907759755958],[103.67721790342486,1.337226757089235],[103.67860097678825,1.3389845743163085],[103.68272101825248,1.3400063810319869],[103.69031113406734,1.3459120364397925],[103.69254672678277,1.3480867701863408],[103.69699577601827,1.3540366913590969],[103.70219887293082,1.3601373034302877],[103.70624573364974,1.3643484917158717],[103.70865993864054,1.3661204967316454],[103.71157692617145,1.3673976293672965],[103.71455718942099,1.3680594762206857],[103.72299991904237,1.370840600589415],[103.72680489359229,1.3734252381732033],[103.7326666723935,1.3789342572745926],[103.74156957843704,1.3866126587160335],[103.74016297920124,1.3903470625826968],[103.74072038096963,1.3925319341594347],[103.74283624623,1.3967784242073475],[103.74364559044112,1.4020997125350687],[103.74601761284148,1.4054879552247588],[103.74413573627508,1.4060767776618168],[103.74188380610744,1.4082583613448967],[103.74155550647957,1.4101935690326826],[103.74203399047543,1.4142146617406843],[103.73932856357493,1.4222807031772366]]]},"properties":{"OBJECTID":22,"PLN_AREA_N":"WESTERN WATER CATCHMENT","PLN_AREA_C":"WC","CA_IND":"N","REGION_N":"WEST REGION","REGION_C":"WR","INC_CRC":"57EE817F62289774","FMEL_UPD_D":"20251229123848","SHAPE.AREA":69748335.7073343,"SHAPE.LEN":44297.0663705597}},
{"type":"Feature","geometry":{"type":"Polygon","coordinates":[[[103.76439561737479,1.4434498859501235],[103.7667635455486,1.4406793663880817],[103.76841741602023,1.4405105119260966],[103.76855346051052,1.4340499541540281],[103.76890843300785,1.4313513009615044],[103.77112770376398,1.4241730838019901],[103.77126627385584,1.4215075797009649],[103.77480985830415,1.424235507755452],[103.77756749244244,1.4255881533545198],[103.78205188074602,1.4265372041396316],[103.78521151904576,1.426460896598892],[103.78966701178508,1.425332545542921],[103.79496919953816,1.4225662400403667],[103.79598123932885,1.4235782279525588],[103.81052718416223,1.4404289037992615],[103.8117002908172,1.4442777604281596],[103.80633489137125,1.4467203317694388],[103.80322036132848,1.4496907729863713],[103.8012285307176,1.4540267795782003],[103.8004967972632,1.4566710093022566],[103.79757333535939,1.4555206205693845],[103.795092402788,1.457490431429545],[103.79179165023874,1.462044598089651],[103.78567942264237,1.4578807603080453],[103.78347224137836,1.4555840907502675],[103.7763342345979,1.4512616795242386],[103.77457087652775,1.4508015574407707],[103.7689741347764,1.4477516115084217],[103.76749020363292,1.4465635249387931],[103.76683738280961,1.444192543410124],[103.76439561737479,1.4434498859501235]]]},"properties":{"OBJECTID":23,"PLN_AREA_N":"WOODLANDS","PLN_AREA_C":"WD","CA_IND":"N","REGION_N":"NORTH REGION","REGION_C":"NR","INC_CRC":"84671947FC122B1B","FMEL_UPD_D":"20251229123848","SHAPE.AREA":13612551.1342796,"SHAPE.LEN":16870.757989691}},
{"type":"Feature","geometry":{"type":"Polygon","coordinates":[[[103.86213066712969,1.4246300306091442],[103.85463073407267,1.4277894523756607],[103.85218290785002,1.4294992803280706],[103.84723539214345,1.4342844094953282],[103.8441458516962,1.4397431839609192],[103.83669414621593,1.4456161416414426],[103.83031467910597,1.4416264783045896],[103.82905022941023,1.437973752923043],[103.82588445678044,1.4353630862160736],[103.82660914931238,1.4327142919650586],[103.82685369526185,1.4286234237786422],[103.82557286274672,1.4248715108492465],[103.8248794346344,1.420814129640182],[103.82307967379975,1.4134110201551995],[103.82102499310487,1.4142427780344458],[103.8146638433252,1.4137033663600502],[103.81111105747404,1.4152726187292575],[103.80933425758201,1.415395796072006],[103.8057765848208,1.4143550008139874],[103.80912773024646,1.4063121188165046],[103.81180868410804,1.4027264479643458],[103.81453048905533,1.396669281988609],[103.81644277554982,1.3950962683835482],[103.81882248913355,1.3943408582042078],[103.82340470625665,1.3931378653712294],[103.82580152655524,1.3929157046046423],[103.82973496676996,1.3932657661667416],[103.84046510017552,1.3959871867702924],[103.84493985735435,1.3966130882429804],[103.85007095894275,1.396469066075813],[103.85238819145138,1.3970876333203022],[103.85546546872267,1.3995912637591557],[103.85565926600381,1.4011328262887277],[103.85565302740925,1.40116038955388],[103.8556352136945,1.4012318001130142],[103.85486732930546,1.402692498054359],[103.85505655500374,1.4048734450498326],[103.85606158671033,1.4060085496410035],[103.86088573907656,1.4097847158165864],[103.86186386154726,1.4128597074745464],[103.86142923131533,1.4160640393676671],[103.86205852363173,1.4185859468493316],[103.86403489060973,1.4218658316512591],[103.86724406110571,1.4250772281324142],[103.86379404653898,1.4238229377030929],[103.86213066712969,1.4246300306091442]]]},"properties":{"OBJECTID":24,"PLN_AREA_N":"YISHUN","PLN_AREA_C":"YS","CA_IND":"N","REGION_N":"NORTH REGION","REGION_C":"NR","INC_CRC":"C703CD272CDDBB08","FMEL_UPD_D":"20251229123848","SHAPE.AREA":20874566.4081098,"SHAPE.LEN":22781.560795769}},
{"type":"Feature","geometry":{"type":"Polygon","coordinates":[[[103.77038402347613,1.3490164394125994],[103.76980487337451,1.3524365746881903],[103.76884738614126,1.35538317826216],[103.76760953920311,1.357376383371314],[103.76709199442132,1.3605432213458772],[103.76764692035633,1.3640554498855229],[103.76725143597652,1.3651935915861713],[103.76327689246808,1.3716125093394191],[103.76232912055089,1.3767064446164243],[103.76124029618578,1.3796694610875875],[103.7538098494491,1.3762785340410757],[103.75128368424845,1.371728475780803],[103.74848611901149,1.369052415485373],[103.7441108296915,1.3651431466171446],[103.73998456514173,1.360043617168878],[103.73723553121322,1.3570743027903571],[103.73662049197158,1.353852972936009],[103.73826319134761,1.3488125801071809],[103.73726409671126,1.3460030369359102],[103.73973839929006,1.34508597285529],[103.74242199669169,1.3448386085758157],[103.74530430739861,1.343643179931093],[103.74941513362693,1.341267038921213],[103.7609244261412,1.3347415277813028],[103.76450546227045,1.3328710006513718],[103.76486929144242,1.3327010691200771],[103.76532828192504,1.3354519245202296],[103.76450075946163,1.336611405268241],[103.7641470957191,1.3393556702261236],[103.76512467453058,1.3421084439294269],[103.76689552575094,1.342216582551572],[103.7653676105444,1.3446244009022492],[103.76419858126681,1.3450212479286683],[103.76318337967967,1.3467126440344084],[103.76730933113926,1.347339202001684],[103.77038402347613,1.3490164394125994]]]},"properties":{"OBJECTID":25,"PLN_AREA_N":"BUKIT BATOK","PLN_AREA_C":"BK","CA_IND":"N","REGION_N":"WEST REGION","REGION_C":"WR","INC_CRC":"AE06442FEB6C5F2A","FMEL_UPD_D":"20251229123848","SHAPE.AREA":11140177.3717699,"SHAPE.LEN":15236.4422319995}},
{"type":"Feature","geometry":{"type":"Polygon","coordinates":[[[103.83180553745547,1.2921547646375482],[103.82859709543315,1.2927197906346648],[103.82438878635574,1.2919303003680782],[103.82161689309349,1.2935718875548845],[103.81597665685602,1.294106058809378],[103.81536376183976,1.291522668608619],[103.80887440263963,1.292387077400546],[103.80506705800144,1.2880042517645152],[103.80318752126621,1.2867717762544044],[103.80130346242379,1.2827787520788305],[103.80312789174181,1.2789304570424975],[103.8019630367305,1.274926932016217],[103.80186337672616,1.2724636588852078],[103.79921008684282,1.2682016382651609],[103.80100080433661,1.2658892410667708],[103.80514180780644,1.2622988631873482],[103.805526847325,1.2637562532974127],[103.80721789258375,1.265881555743055],[103.80988533566781,1.2652326642597584],[103.81119059837131,1.2663952008046682],[103.8133142938009,1.2659828187080366],[103.81581633477126,1.2638262157829607],[103.81990718751076,1.263090051895252],[103.82325054746629,1.263073196182963],[103.8231302421412,1.2586777590186353],[103.82346731845877,1.2585072902189023],[103.82364463301462,1.2584176167591892],[103.82401119190078,1.2582322377306971],[103.82484272631419,1.2590138589130566],[103.82681144467469,1.2576638338342845],[103.83636903798957,1.254810076358261],[103.84247597686701,1.2578985222263348],[103.83619422095337,1.2638101551427212],[103.8304213697404,1.263628070224642],[103.82440711369729,1.2601936161625449],[103.82464004985597,1.263157582111123],[103.83208107395701,1.2674142618520428],[103.83945066133342,1.2676184758841629],[103.8459902833232,1.2615586031038069],[103.84672236649226,1.262447680694357],[103.84428335141821,1.2655408195841615],[103.84570064866524,1.2668370847769523],[103.85117376272981,1.2607378070039454],[103.85066856977984,1.263042856029542],[103.85157062278753,1.264140650369279],[103.85156581997525,1.2681054480474845],[103.85156441827912,1.2692631455633119],[103.84739463510384,1.2718754264016263],[103.84513928020597,1.2726204111415726],[103.84215451704766,1.2725889901377792],[103.84137181578338,1.2741546121881286],[103.8405967769319,1.2775471741811757],[103.83924168432058,1.280792011973675],[103.83548521013137,1.283821776987539],[103.83475827317228,1.2858548467938822],[103.83500221153857,1.2872693664960013],[103.83491673031094,1.2895793505071542],[103.8334277665374,1.2923695463257536],[103.83180553745547,1.2921547646375482]]]},"properties":{"OBJECTID":26,"PLN_AREA_N":"BUKIT MERAH","PLN_AREA_C":"BM","CA_IND":"N","REGION_N":"CENTRAL REGION","REGION_C":"CR","INC_CRC":"FFE63C08823ED72A","FMEL_UPD_D":"20251229123848","SHAPE.AREA":14462672.1401309,"SHAPE.LEN":28444.6851379894}},
{"type":"Feature","geometry":{"type":"Polygon","coordinates":[[[103.77445026157251,1.390289453272648],[103.7658732168649,1.3908082528415426],[103.76220534691241,1.3903676815068582],[103.75893346367226,1.389234960779419],[103.75512947744862,1.3888658976430508],[103.75737772375703,1.3853070574377864],[103.7594281497203,1.3830420730493198],[103.76124029618578,1.3796694610875875],[103.76232912055089,1.3767064446164243],[103.76327689246808,1.3716125093394191],[103.76725143597652,1.3651935915861713],[103.76764692035633,1.3640554498855229],[103.76709199442132,1.3605432213458772],[103.76760953920311,1.357376383371314],[103.76884738614126,1.35538317826216],[103.76980487337451,1.3524365746881903],[103.77038402347613,1.3490164394125994],[103.7718793291989,1.3465993129575926],[103.77521027567715,1.344530535905069],[103.77782825991117,1.3418566621854027],[103.7811305962222,1.342270684503989],[103.78737410487724,1.3447124609753411],[103.78830597173965,1.3456928065215876],[103.786177011079,1.3485754837430868],[103.79165610468922,1.3492701677143217],[103.78892867881812,1.3526976981968257],[103.78365713904695,1.3564834550484628],[103.78158134518543,1.3590958927979682],[103.77987273823078,1.3637818732512392],[103.77917514784775,1.3679925913009312],[103.7759766788032,1.3798283406737417],[103.77535933747727,1.3831140988186346],[103.77445026157251,1.390289453272648]]]},"properties":{"OBJECTID":27,"PLN_AREA_N":"BUKIT PANJANG","PLN_AREA_C":"BP","CA_IND":"N","REGION_N":"WEST REGION","REGION_C":"WR","INC_CRC":"4931A2DC4169942E","FMEL_UPD_D":"20251229123848","SHAPE.AREA":9014730.4491619,"SHAPE.LEN":15729.5174730268}},
{"type":"Feature","geometry":{"type":"Polygon","coordinates":[[[103.83700117407585,1.2923441825588418],[103.83410516235163,1.2924734269831648],[103.83204384946936,1.2962274054433895],[103.83033814742028,1.2956099308157354],[103.83180553745547,1.2921547646375482],[103.8334277665374,1.2923695463257536],[103.83491673031094,1.2895793505071542],[103.83500221153857,1.2872693664960013],[103.83637083205487,1.286860104840239],[103.83865960090358,1.2888220944575846],[103.84008679689522,1.2891911469830724],[103.84313311573636,1.2877817784193488],[103.84718331210473,1.2854349941655807],[103.8495385261384,1.2855748845591675],[103.85081600412013,1.2862997416977593],[103.84937744130808,1.2890271229814496],[103.84826690814357,1.2900824900933416],[103.84214056639019,1.2941302551480367],[103.84086072476074,1.2922308389964579],[103.83876937123256,1.2909668660564046],[103.83710287999938,1.2922892874622423],[103.83700117407585,1.2923441825588418]]]},"properties":{"OBJECTID":39,"PLN_AREA_N":"SINGAPORE RIVER","PLN_AREA_C":"SR","CA_IND":"Y","REGION_N":"CENTRAL REGION","REGION_C":"CR","INC_CRC":"1737E934041023C0","FMEL_UPD_D":"20251229123848","SHAPE.AREA":957699.304263065,"SHAPE.LEN":6843.66321422454}},
{"type":"Feature","geometry":{"type":"Polygon","coordinates":[[[103.74296570437939,1.4387068512367667],[103.73870828124186,1.4389012800980334],[103.73813071328108,1.4423265062093928],[103.73677837500794,1.4437207333754452],[103.73288824722165,1.4465718951475008],[103.73045315649571,1.4498751220881974],[103.72737681373171,1.4511840380393943],[103.71959371904086,1.4510959255728],[103.71282675003587,1.4494078062892273],[103.70993506901887,1.4476284565959623],[103.7050575777015,1.4437429019801356],[103.70204475450213,1.4406147510693808],[103.70009906213828,1.4395563267222586],[103.69608640013338,1.4354332856243674],[103.69301472826024,1.4336738110178162],[103.69503443458615,1.4315253145593023],[103.69578389440774,1.427740874163532],[103.69712529749188,1.4261080976816358],[103.69701082165396,1.4242600529929657],[103.70011061293343,1.423187276591099],[103.6986514256504,1.418650473303386],[103.70156535592074,1.4180541099020412],[103.70097278859313,1.416772563994264],[103.70514971303722,1.4123814036456392],[103.70862557011208,1.4123613760217215],[103.71068135438423,1.412955289206164],[103.71336777830568,1.4130086041293377],[103.71468098552087,1.414332315208993],[103.71624643248036,1.41422580528876],[103.71856139263076,1.4110680174841557],[103.72734802990458,1.4110714530508883],[103.72873796104456,1.4116381365095387],[103.73932856357493,1.4222807031772366],[103.74325811825454,1.4263707654010214],[103.74359613047994,1.42826835868547],[103.74319163570226,1.4317953572709072],[103.7417877100825,1.434966266188599],[103.74078505907892,1.4382881112388535],[103.74296570437939,1.4387068512367667]]]},"properties":{"OBJECTID":40,"PLN_AREA_N":"LIM CHU KANG","PLN_AREA_C":"LK","CA_IND":"N","REGION_N":"NORTH REGION","REGION_C":"NR","INC_CRC":"144973D7ED1DE8AD","FMEL_UPD_D":"20251229123848","SHAPE.AREA":17579266.0357467,"SHAPE.LEN":19520.2735608146}},
{"type":"Feature","geometry":{"type":"Polygon","coordinates":[[[103.76439561737479,1.4434498859501235],[103.76187493955827,1.4443525391886314],[103.75885934178595,1.4434518319306238],[103.75728241237003,1.4435059579895184],[103.74420346631457,1.4462925926125092],[103.74292199337373,1.4452134914694186],[103.74296570437939,1.4387068512367667],[103.74078505907892,1.4382881112388535],[103.7417877100825,1.434966266188599],[103.74319163570226,1.4317953572709072],[103.74359613047994,1.42826835868547],[103.74325811825454,1.4263707654010214],[103.73932856357493,1.4222807031772366],[103.74203399047543,1.4142146617406843],[103.74155550647957,1.4101935690326826],[103.74188380610744,1.4082583613448967],[103.74413573627508,1.4060767776618168],[103.74601761284148,1.4054879552247588],[103.74910587638696,1.4053435901206537],[103.75221903374711,1.4041942364935864],[103.75284955054921,1.4028161781260033],[103.7520293346351,1.3978682667247009],[103.75332082867689,1.3889994093703768],[103.75512947744862,1.3888658976430508],[103.75893346367226,1.389234960779419],[103.76220534691241,1.3903676815068582],[103.7658732168649,1.3908082528415426],[103.77445026157251,1.390289453272648],[103.77398415630336,1.3941547549822184],[103.77378443013188,1.399897423421415],[103.7733564405243,1.4027893979540278],[103.77168174706183,1.4099911604873536],[103.77148505672398,1.411453010812087],[103.77126627385584,1.4215075797009649],[103.77112770376398,1.4241730838019901],[103.76890843300785,1.4313513009615044],[103.76855346051052,1.4340499541540281],[103.76841741602023,1.4405105119260966],[103.7667635455486,1.4406793663880817],[103.76439561737479,1.4434498859501235]]]},"properties":{"OBJECTID":41,"PLN_AREA_N":"SUNGEI KADUT","PLN_AREA_C":"SK","CA_IND":"N","REGION_N":"NORTH REGION","REGION_C":"NR","INC_CRC":"7E6B33CF9653B199","FMEL_UPD_D":"20251229123848","SHAPE.AREA":17505201.8444817,"SHAPE.LEN":18809.091600071}},
{"type":"Feature","geometry":{"type":"Polygon","coordinates":[[[103.85686288228683,1.355512347795635],[103.85489178402548,1.3566502953356099],[103.8533918171206,1.3592977290552322],[103.8499238616697,1.362263929416187],[103.84761651520054,1.3635855162763268],[103.84101176401823,1.3646116835712732],[103.83357567211151,1.367268018275258],[103.82833360448393,1.3679942230083093],[103.8283000412996,1.3674716423577111],[103.82824257157864,1.366576866001236],[103.82669794125115,1.3625862018040997],[103.82524137821787,1.3631624211965399],[103.82452780210508,1.3616776043764691],[103.82291539811933,1.3615629181790478],[103.82173880875295,1.3613715655598535],[103.82128572061396,1.3613724523147468],[103.82112413357927,1.3612714575145863],[103.82069354954643,1.3612011608514574],[103.8191626637378,1.3574467298584865],[103.81853716979948,1.3548703186380824],[103.81903663119519,1.3541808433004348],[103.82354651792573,1.3523226782627107],[103.82674766376459,1.3541883829481083],[103.82981911174642,1.3531179294126727],[103.83146129295739,1.3514614159849463],[103.83159764109462,1.351317992932581],[103.83228625586565,1.3498624730383326],[103.83240779552324,1.3497854664560898],[103.83274242038149,1.3497209763329803],[103.83296002537182,1.3496790681283068],[103.83677876031828,1.3463575611693317],[103.83707608098288,1.3434602573117687],[103.83615471419273,1.3428597153201012],[103.83607617096986,1.3428084922054255],[103.83652007133279,1.3419959364465686],[103.8412026440591,1.3450706375002743],[103.84401674289742,1.3440633383646623],[103.8488317433,1.3439511178441552],[103.85430412207513,1.3432055467370467],[103.86043696024463,1.3434034315033432],[103.85716923906023,1.3526635826804936],[103.85686288228683,1.355512347795635]]]},"properties":{"OBJECTID":42,"PLN_AREA_N":"BISHAN","PLN_AREA_C":"BS","CA_IND":"N","REGION_N":"CENTRAL REGION","REGION_C":"CR","INC_CRC":"9005A6162E4E7C19","FMEL_UPD_D":"20251229123848","SHAPE.AREA":7608422.82241326,"SHAPE.LEN":13470.3937227253}},
{"type":"Feature","geometry":{"type":"Polygon","coordinates":[[[103.81882248913355,1.3943408582042078],[103.81644277554982,1.3950962683835482],[103.81453048905533,1.396669281988609],[103.81180868410804,1.4027264479643458],[103.80912773024646,1.4063121188165046],[103.8057765848208,1.4143550008139874],[103.80342789651895,1.415966030577937],[103.80131128259036,1.4160657995791535],[103.79467933040824,1.4143417183099833],[103.78955910491169,1.4125453362550333],[103.787643224896,1.4123042636183052],[103.78322054343485,1.4109031155040945],[103.77603637259777,1.4107755437090213],[103.77168174706183,1.4099911604873536],[103.7733564405243,1.4027893979540278],[103.77378443013188,1.399897423421415],[103.77398415630336,1.3941547549822184],[103.77445026157251,1.390289453272648],[103.77535933747727,1.3831140988186346],[103.7759766788032,1.3798283406737417],[103.77917514784775,1.3679925913009312],[103.77987273823078,1.3637818732512392],[103.78158134518543,1.3590958927979682],[103.78365713904695,1.3564834550484628],[103.78892867881812,1.3526976981968257],[103.79165610468922,1.3492701677143217],[103.79402821310876,1.349526986290985],[103.79643772846423,1.348882433222492],[103.798495545895,1.347378250910271],[103.80421311111337,1.3413524508334],[103.80737368255893,1.341029434092944],[103.80857531763726,1.3418108807804363],[103.8116875081404,1.3404545817785525],[103.81165010707231,1.3395721062370767],[103.81357993470114,1.3381980186270552],[103.81457069150787,1.3383513288939122],[103.81674840876109,1.3363474782608777],[103.81861835623734,1.3357874082650336],[103.81992897975829,1.3389938763385556],[103.8211284631766,1.3399568870352558],[103.82480044156041,1.3411502062022214],[103.82808944353316,1.3411500192698826],[103.8335638228443,1.3404985134877125],[103.83598820338986,1.3416836998171917],[103.83652007133279,1.3419959364465686],[103.83607617096986,1.3428084922054255],[103.83615471419273,1.3428597153201012],[103.83707608098288,1.3434602573117687],[103.83677876031828,1.3463575611693317],[103.83296002537182,1.3496790681283068],[103.83274242038149,1.3497209763329803],[103.83240779552324,1.3497854664560898],[103.83228625586565,1.3498624730383326],[103.83159764109462,1.351317992932581],[103.83146129295739,1.3514614159849463],[103.82981911174642,1.3531179294126727],[103.82674766376459,1.3541883829481083],[103.82354651792573,1.3523226782627107],[103.81903663119519,1.3541808433004348],[103.81853716979948,1.3548703186380824],[103.8191626637378,1.3574467298584865],[103.82069354954643,1.3612011608514574],[103.82112413357927,1.3612714575145863],[103.82128572061396,1.3613724523147468],[103.82173880875295,1.3613715655598535],[103.82291539811933,1.3615629181790478],[103.82452780210508,1.3616776043764691],[103.82524137821787,1.3631624211965399],[103.82669794125115,1.3625862018040997],[103.82824257157864,1.366576866001236],[103.82801234966799,1.367986381474633],[103.82745983666143,1.3689252848560443],[103.82733291369233,1.36926807206638],[103.82800466772689,1.3708658185615916],[103.82747460851049,1.3728861869840165],[103.82630032289488,1.373513176823169],[103.82630059990615,1.3761910481810251],[103.82783188815544,1.377408486555835],[103.82728196789348,1.3790935689749846],[103.82571310801247,1.379757223070223],[103.82415751427249,1.3786602698874169],[103.82047418160937,1.3805413709483558],[103.81779202644647,1.3806359712180356],[103.81934107887145,1.383389133116742],[103.81945207298206,1.3853498241891973],[103.81801867188848,1.390458040050765],[103.81882248913355,1.3943408582042078]]]},"properties":{"OBJECTID":43,"PLN_AREA_N":"CENTRAL WATER CATCHMENT","PLN_AREA_C":"CC","CA_IND":"N","REGION_N":"NORTH REGION","REGION_C":"NR","INC_CRC":"E3FFEFDF4E1AAB0A","FMEL_UPD_D":"20251229123848","SHAPE.AREA":37158379.3775203,"SHAPE.LEN":30491.4596287759}},
{"type":"Feature","geometry":{"type":"Polygon","coordinates":[[[103.85230621877444,1.2963840163540807],[103.84915174550983,1.2991413604748172],[103.84640509784991,1.3000852156766851],[103.84542500606888,1.3013637662953608],[103.84514438397314,1.3017385092640776],[103.84440376248705,1.2999381439382869],[103.84395458397955,1.3000653583525101],[103.84379410403461,1.3001129521280002],[103.84325547903133,1.3002748573176526],[103.84306944446897,1.3003308716883955],[103.84305877947187,1.3002877344337538],[103.8413576491467,1.2990726639470576],[103.84330482830453,1.2966767459026487],[103.84214056639019,1.2941302551480367],[103.84826690814357,1.2900824900933416],[103.85079257054674,1.294785136586051],[103.85230621877444,1.2963840163540807]]]},"properties":{"OBJECTID":44,"PLN_AREA_N":"MUSEUM","PLN_AREA_C":"MU","CA_IND":"Y","REGION_N":"CENTRAL REGION","REGION_C":"CR","INC_CRC":"AB3ABE04E6CAD986","FMEL_UPD_D":"20251229123848","SHAPE.AREA":835400.00341048,"SHAPE.LEN":4402.00063731668}},
{"type":"Feature","geometry":{"type":"Polygon","coordinates":[[[103.84306944446897,1.3003308716883955],[103.84325547903133,1.3002748573176526],[103.84379410403461,1.3001129521280002],[103.84395458397955,1.3000653583525101],[103.84440376248705,1.2999381439382869],[103.84514438397314,1.3017385092640776],[103.84556301506102,1.3016528557729394],[103.84604055997234,1.3047576732636348],[103.84815599447985,1.303452803469062],[103.84866958207365,1.3054067545493928],[103.84656035978966,1.3069065008696463],[103.84704046487491,1.3081412491395912],[103.84576887256821,1.3098439837454334],[103.84432443112317,1.310556231107873],[103.83908029797624,1.3131089140051637],[103.83533982510713,1.317369007499561],[103.82942700264486,1.312602436266129],[103.82780916413552,1.311855171106239],[103.82673153955169,1.3090704251155674],[103.82775731949344,1.3074503070280625],[103.82816307683774,1.3082397604427898],[103.83129565395024,1.3071232190712598],[103.83323883754916,1.3079857541626358],[103.8341585413955,1.3097927326548848],[103.8358743311013,1.3068020723556424],[103.83368112139742,1.3060181241311382],[103.8352844902043,1.3041812030037279],[103.83681348554197,1.3047418631864947],[103.83771785605303,1.302340503786685],[103.83940404990521,1.3018834460630588],[103.84124240441264,1.3027953101307288],[103.84311788309505,1.3005267894698032],[103.84306944446897,1.3003308716883955]]]},"properties":{"OBJECTID":45,"PLN_AREA_N":"NEWTON","PLN_AREA_C":"NT","CA_IND":"Y","REGION_N":"CENTRAL REGION","REGION_C":"CR","INC_CRC":"7A7F7BAF90F7071C","FMEL_UPD_D":"20251229123848","SHAPE.AREA":2062858.243008,"SHAPE.LEN":8813.34907365536}},
{"type":"Feature","geometry":{"type":"Polygon","coordinates":[[[103.86642853558318,1.272836635559225],[103.85842618395834,1.27804260794226],[103.85249057305117,1.2687204483980756],[103.85156441827912,1.2692631455633119],[103.85156581997525,1.2681054480474845],[103.8526131914433,1.2681059025408703],[103.85439305330601,1.2663561060499258],[103.856295633404,1.2656214723171564],[103.85909891862681,1.2671609761143354],[103.86085891757563,1.264703275632705],[103.86173371245094,1.2653378906789519],[103.8599740266095,1.267795222753479],[103.86642853558318,1.272836635559225]]]},"properties":{"OBJECTID":46,"PLN_AREA_N":"STRAITS VIEW","PLN_AREA_C":"SV","CA_IND":"Y","REGION_N":"CENTRAL REGION","REGION_C":"CR","INC_CRC":"D760D64AE129A82A","FMEL_UPD_D":"20251229123848","SHAPE.AREA":1126861.56849635,"SHAPE.LEN":5248.38230669862}},
{"type":"Feature","geometry":{"type":"Polygon","coordinates":[[[103.91950883367147,1.301992586922363],[103.91825976348727,1.3074711775673347],[103.90998325114901,1.30554733713054],[103.9085351565506,1.308257457894672],[103.9067062069821,1.313323499844792],[103.90150241565193,1.3095406859519707],[103.89461827775719,1.3095768096967757],[103.88972460458736,1.3085887318522003],[103.88946347908487,1.3062252232146396],[103.88532033987698,1.3055236626976177],[103.88379985719394,1.3045393881648792],[103.88551848286858,1.301201472288952],[103.88532905459961,1.295763343840193],[103.87766797764536,1.2955219319314313],[103.87567106243135,1.2931890981404823],[103.87547599694769,1.2912794885009378],[103.88107888457785,1.2848392242055668],[103.88419437377209,1.2880548787210706],[103.88540322989424,1.2877568208287378],[103.88837292592095,1.2906269250604951],[103.89002808173421,1.290367222838379],[103.89317166238538,1.2934518142359284],[103.8956861417201,1.2940679546029885],[103.904354852758,1.2973860461830187],[103.911170464905,1.298948916369491],[103.91761897768802,1.3018335265936918],[103.91950883367147,1.301992586922363]]]},"properties":{"OBJECTID":47,"PLN_AREA_N":"MARINE PARADE","PLN_AREA_C":"MP","CA_IND":"N","REGION_N":"CENTRAL REGION","REGION_C":"CR","INC_CRC":"59921295375D150E","FMEL_UPD_D":"20251229123848","SHAPE.AREA":6133074.17898668,"SHAPE.LEN":13944.8552500181}},
{"type":"Feature","geometry":{"type":"Polygon","coordinates":[[[103.96363401398482,1.3144195590395722],[103.96065605771291,1.3209017892012713],[103.95987551877552,1.3219180613826509],[103.95417182388485,1.3266036383128121],[103.94897529981216,1.3343343410077393],[103.93914730032229,1.3362736463587592],[103.93833046952045,1.3367432477035486],[103.92935046173993,1.3455484599387142],[103.92497049593159,1.3485850653920146],[103.92009245993998,1.3462380767510183],[103.91693390794174,1.3437592505458105],[103.91589554084658,1.3422750735743059],[103.91299531388846,1.344462760823776],[103.9087979130739,1.3408938960054346],[103.90759092474322,1.3391648810044303],[103.90233056749017,1.3392033056521897],[103.90209775136445,1.3387003719779116],[103.89793972526303,1.3403567396917295],[103.89617617795152,1.3377972386807973],[103.9048230469718,1.3294532735984574],[103.90584924819217,1.3265992691641812],[103.90494236219294,1.3192998453067037],[103.90523247507787,1.3168687193710216],[103.9067062069821,1.313323499844792],[103.9085351565506,1.308257457894672],[103.90998325114901,1.30554733713054],[103.91825976348727,1.3074711775673347],[103.91950883367147,1.301992586922363],[103.92549214080559,1.3036252549169893],[103.92811178385975,1.303660658757148],[103.93219086665141,1.3055995664173774],[103.93368150482287,1.3050426796126846],[103.93609771692493,1.3063092344860614],[103.93985710256912,1.3073247084493451],[103.94190241934898,1.3085074340938816],[103.94874149404836,1.3104080605761734],[103.95135734620949,1.310617646997113],[103.954822164289,1.311568757678511],[103.95591719638897,1.311378732627171],[103.9626306467404,1.3145723782207033],[103.96363401398482,1.3144195590395722]]]},"properties":{"OBJECTID":48,"PLN_AREA_N":"BEDOK","PLN_AREA_C":"BD","CA_IND":"N","REGION_N":"EAST REGION","REGION_C":"ER","INC_CRC":"9EF79C865128EA62","FMEL_UPD_D":"20251229123848","SHAPE.AREA":21733967.0041195,"SHAPE.LEN":21864.1931089027}},
{"type":"Feature","geometry":{"type":"MultiPolygon","coordinates":[[[[103.83512298878256,1.2155592896394756],[103.83342561086961,1.2134775857887845],[103.83462014169395,1.212344307102584],[103.83627375350689,1.2147940417618337],[103.83512298878256,1.2155592896394756]]],[[[103.86071789655001,1.2242859831227741],[103.86042266660787,1.2223164088847902],[103.86276292204123,1.2218966401652873],[103.86193211195199,1.2240373992548959],[103.86071789655001,1.2242859831227741]]],[[[103.84060596613757,1.2286287839019048],[103.8395358726309,1.2318913585428015],[103.83779500709896,1.234188804343138],[103.83589298497097,1.2347156050605421],[103.83531695522682,1.2329110604262794],[103.83757271113035,1.2286623786055157],[103.84014861019497,1.2275494432181944],[103.84060596613757,1.2286287839019048]]],[[[103.85541163275663,1.240656676833703],[103.85419555415076,1.244050153291499],[103.85209368765769,1.2455261771915778],[103.84991009867538,1.2431116916020595],[103.84502979964941,1.23961140676982],[103.8458884355622,1.237692250301813],[103.84903793006546,1.2401095211005082],[103.85118385847431,1.2403652266147727],[103.85348066045823,1.238976796054777],[103.85491019263269,1.2392527499484836],[103.85541163275663,1.240656676833703]]],[[[103.84870585792937,1.2308828580665327],[103.84907955904383,1.22794470788597],[103.85213908114012,1.2279007005660458],[103.85023306561733,1.225765428282689],[103.85169319799279,1.2245167668948707],[103.85226406733753,1.2226872228811618],[103.85021741981777,1.2204650591189394],[103.84860403367524,1.2221220695715296],[103.84434309995788,1.223206306102805],[103.84317266331786,1.2221685008191794],[103.84651795293618,1.2188353303879949],[103.84932486437548,1.214927698030555],[103.8507778766548,1.2143323687834835],[103.85164299308161,1.2162550139063486],[103.85076203491215,1.2195100060546582],[103.85243142370766,1.2225772327815312],[103.85622175513045,1.2184136905827558],[103.85788996965469,1.2191088957608038],[103.8588695889753,1.2206484228611567],[103.85642037649609,1.2235383416585772],[103.85594069486712,1.2256559468661514],[103.85346931649657,1.2264039455172049],[103.85366457048094,1.2288185178604651],[103.85509006082513,1.2285080045124088],[103.85706514871958,1.2292164899176796],[103.85840978003358,1.2313061806621919],[103.85779694126298,1.2323319255384586],[103.85158651751493,1.2313742619129966],[103.85118052118025,1.230238607121316],[103.84870585792937,1.2308828580665327]]],[[[103.8231302421412,1.2586777590186353],[103.82152297165776,1.258383257461687],[103.81788984104963,1.26002152008345],[103.81424720153409,1.2590335420995646],[103.81249403251365,1.2590255475695178],[103.80875265086756,1.2600383836841789],[103.80672887912925,1.2593741690885267],[103.80877682541181,1.2573950615445117],[103.81069009475101,1.2563058200989194],[103.81555557826226,1.2525020713098944],[103.817405519475,1.2503439425563385],[103.8197701621744,1.248989615778873],[103.82102428900428,1.2497305620186294],[103.82407028814481,1.2467460303202627],[103.82367835680805,1.2458524989343267],[103.82716262321722,1.2420250180205674],[103.82842810549982,1.2426685163243765],[103.83007499534422,1.2411251708191833],[103.83040766675491,1.239635139073367],[103.83258267169737,1.2378648809199575],[103.83488617140654,1.2389783088197224],[103.83705906156682,1.2386785366984963],[103.83958789875824,1.2403110015691132],[103.8438425005807,1.2446038558335881],[103.84806212011175,1.2507944409993141],[103.848423497612,1.2521141608564772],[103.84646267157888,1.253213843279606],[103.84227356534247,1.2521976621225708],[103.84182627833229,1.2534489766689145],[103.83835302705418,1.2540756645959736],[103.83656020262394,1.2532013019093549],[103.83433120532816,1.2534372191198315],[103.8331387460613,1.254352101294348],[103.83084222552911,1.2547772774229695],[103.82723661646564,1.2546317256583774],[103.8240088381426,1.2563490384974825],[103.82401119190078,1.2582322377306971],[103.82364463301462,1.2584176167591892],[103.82346731845877,1.2585072902189023],[103.8231302421412,1.2586777590186353]]]]},"properties":{"OBJECTID":49,"PLN_AREA_N":"SOUTHERN ISLANDS","PLN_AREA_C":"SI","CA_IND":"N","REGION_N":"CENTRAL REGION","REGION_C":"CR","INC_CRC":"B543348ED6076525","FMEL_UPD_D":"20251229123848","SHAPE.AREA":7141440.19906537,"SHAPE.LEN":42570.1038315221}},
{"type":"Feature","geometry":{"type":"MultiPolygon","coordinates":[[[[103.74759817013658,1.2282787002102753],[103.74680474937277,1.2277581857090145],[103.74864953238416,1.2229785168801246],[103.75014144057455,1.2252932754028112],[103.74727101975841,1.2265761786456526],[103.74759817013658,1.2282787002102753]]],[[[103.79303356947496,1.2105514090840286],[103.79181668540089,1.2105032865204732],[103.79197713965138,1.2076943948972745],[103.79378382041627,1.2042980421332135],[103.79842639764951,1.2014347768625362],[103.8008311735049,1.2006643236210668],[103.80155489710526,1.2014538250441154],[103.7984027513967,1.204765582010187],[103.79661012762038,1.2079066295715453],[103.7953264480646,1.2083871914977133],[103.79303356947496,1.2105514090840286]]],[[[103.7331390717521,1.1763326332344104],[103.73138857558715,1.176296385816542],[103.72936423835007,1.1751753874568989],[103.72829679164786,1.1730075240319169],[103.73137605673033,1.171907162119412],[103.73231476045895,1.1692771151253425],[103.73397255062689,1.167110426245054],[103.73524079162725,1.167613433294182],[103.73844268453335,1.1665189554087922],[103.73963166194146,1.1672541090892774],[103.73919915382781,1.169878695001646],[103.73990415995777,1.1721095507402912],[103.74146281422584,1.1743778030624323],[103.73765593170918,1.1757970653966916],[103.73460272790396,1.1749268152519652],[103.7331390717521,1.1763326332344104]]],[[[103.72740764206748,1.192263100310446],[103.72376673062129,1.1911190270377152],[103.72129400339489,1.1875923692920176],[103.71738512803135,1.1871692180593991],[103.7189521314247,1.182967762457635],[103.71938694670521,1.1800423724210092],[103.72089514156991,1.1817316954525705],[103.72486449610709,1.1831206589277758],[103.72866550817136,1.1838730730844809],[103.72849529582852,1.1855382007342488],[103.73048424786535,1.1868972637666488],[103.73167141739201,1.188580555701355],[103.72924304065695,1.1920133944531779],[103.72740764206748,1.192263100310446]]],[[[103.76180443267872,1.2404277022253318],[103.76006843617097,1.239845623539321],[103.75973861572433,1.236697063950484],[103.76071391798541,1.2324516484611119],[103.76299188604243,1.231364852754807],[103.76712411681257,1.230732112893929],[103.77078022184462,1.2293251738458864],[103.7725430499808,1.2277031515567498],[103.77312386419031,1.2250351068011187],[103.77907311315313,1.2245252922443834],[103.77710887861994,1.2286965874799864],[103.77435577415267,1.2318665624379568],[103.7703746526551,1.234287219998993],[103.76944875391426,1.2359371035401534],[103.76490801319757,1.2395034138859957],[103.76180443267872,1.2404277022253318]]],[[[103.75069989939807,1.235718443197581],[103.74895601509967,1.2370486445543825],[103.74628735090701,1.2372963174215494],[103.74333650598021,1.2367286032394875],[103.74001141733486,1.2349016723104433],[103.74015998743356,1.2328732613104296],[103.74266913268144,1.2313304571396797],[103.7452633657811,1.2313521517275534],[103.75212528204918,1.2298524835642048],[103.75906828092096,1.2262518058988074],[103.76384291633727,1.2252082149068702],[103.76889550781168,1.2249955992309673],[103.77077952826849,1.2274283130562336],[103.76820462438988,1.2295943132143499],[103.76573243076805,1.2301566305312195],[103.76360790741323,1.2297707554821182],[103.75935534771548,1.2316120648331397],[103.7578403221561,1.236238883682896],[103.7564728708421,1.2365276891587826],[103.75447516256104,1.2342830520309784],[103.75069989939807,1.235718443197581]]],[[[103.72345348489358,1.2131325047051265],[103.72191218688364,1.2134907320807344],[103.71922121334534,1.212558464490884],[103.71427732873327,1.2114159939696885],[103.71067316493931,1.2077140378840527],[103.70745743205921,1.205701409469406],[103.70778465267774,1.204070406407797],[103.71638634478317,1.2025879245309312],[103.72318553323076,1.203261715113919],[103.72689745320776,1.202501791659174],[103.72919343564718,1.2029715775831546],[103.73608649552199,1.2032973730124612],[103.73710995910876,1.2040530338494342],[103.73710380424295,1.2057449570237786],[103.73541592086633,1.2077209320603655],[103.7280227150891,1.2077206538999554],[103.72805945573425,1.2091549611074703],[103.72955111340659,1.2095991077240478],[103.72861696403952,1.2113762723901558],[103.72704277704976,1.2101512779010635],[103.7253139735792,1.2099748491854718],[103.7232622057252,1.2121088837484464],[103.72345348489358,1.2131325047051265]]],[[[103.76003043493071,1.2129946340794835],[103.75920562760909,1.212092736535712],[103.75813842349768,1.2090642438732542],[103.75764890887106,1.2061455307406317],[103.75882235322034,1.2020117692678753],[103.7637288374426,1.2018079779518989],[103.76325208754935,1.1996904886334057],[103.76075490841481,1.1966856340710905],[103.7613008700813,1.1940455653157178],[103.76629003668586,1.189175595847068],[103.76874207884897,1.188297812911271],[103.77122998850662,1.1888434104476824],[103.77506596299648,1.1919852996035156],[103.7758348549402,1.1954435156795595],[103.77687800361875,1.1970121713507562],[103.77949529091687,1.1982235481278383],[103.78113885921103,1.1997776058950156],[103.78175158066516,1.2019753351627465],[103.78153356492926,1.205787165682163],[103.78042461562302,1.2103723672812257],[103.77528559540217,1.2102856983859387],[103.77088580982398,1.2078583642401153],[103.76968969204142,1.2075553523754297],[103.7665309522671,1.2082775552089555],[103.76379949468893,1.2072261504301438],[103.76242057017764,1.2085247886957946],[103.76003043493071,1.2129946340794835]]],[[[103.71133587567675,1.2973631724667025],[103.71128862926238,1.2931596187495717],[103.71063237579072,1.291865647269121],[103.70880614036803,1.2926489150340505],[103.70641195676585,1.2924629564659582],[103.70342065121456,1.2902331445749682],[103.69797341207733,1.283553038552556],[103.69630365354642,1.2821798014886354],[103.69530664396568,1.278873371882548],[103.69537881703252,1.2776266426912515],[103.69336796147509,1.2759986160732946],[103.69209143767726,1.2770702385905217],[103.68805919952736,1.272751552476713],[103.68422589097092,1.2765318463351398],[103.68722900708362,1.2788605448723587],[103.69101520603304,1.2825584632880156],[103.69164096065418,1.2848003586101864],[103.69682197302994,1.2903847161838635],[103.69606913873749,1.2911823853301376],[103.69275385619122,1.2906875594432583],[103.6886456820717,1.2908183804901496],[103.68356490980472,1.2892649579973434],[103.67680184339757,1.2852121770849037],[103.66080312507522,1.2739998059434623],[103.65876139864147,1.2768517717684043],[103.65372635981741,1.2729107233517272],[103.65372512550712,1.2680144058537466],[103.66301720372789,1.2449752425671967],[103.66502833353103,1.242630384547741],[103.66861677468577,1.2351193466204262],[103.66942775730003,1.2346044545227097],[103.6726521484491,1.2345954606582412],[103.67494363772715,1.2322560277277879],[103.67647726054005,1.2290194675711112],[103.6759263520282,1.227264456531161],[103.67241311867659,1.2237039503375435],[103.67441183361754,1.2231546975663437],[103.68287107613419,1.2317098295179734],[103.68254376710159,1.2330900755089254],[103.68700325645213,1.2375955061830066],[103.68807082694507,1.2369423922659917],[103.68987391408027,1.2388780046422052],[103.69042557660518,1.2418218499887648],[103.68591289597299,1.257732949094819],[103.6801279824076,1.2630605539214577],[103.6849702912116,1.2683996119861356],[103.6904099578406,1.2633937931707642],[103.69412390480585,1.2502571298610086],[103.69640685719313,1.2509261488739762],[103.70728859988078,1.2550807711506817],[103.71373387073133,1.2586861068213597],[103.71368139097852,1.2603079512100672],[103.70480971112852,1.2655942832470435],[103.70612263551523,1.2683529723405864],[103.71080025501787,1.2667398729288197],[103.71775239544603,1.2629737847978975],[103.71963907441622,1.261363350376733],[103.72353089439099,1.2599545999425255],[103.7290335188198,1.2625017513298455],[103.73355026715335,1.2660122001464482],[103.73278324848623,1.2692629243938858],[103.73715209898403,1.2706235892867697],[103.7397162135284,1.2724685771629844],[103.74004351966418,1.273799487020701],[103.73585742868117,1.2780440695467816],[103.73195003998283,1.278661643741413],[103.7315894873941,1.2797261918574316],[103.72918981540397,1.2809540848393088],[103.72645609030096,1.284173657915888],[103.72614194809546,1.2864337309026928],[103.72451613294962,1.2895956501820338],[103.72110593084727,1.291330408787105],[103.71815755435269,1.2919934074978479],[103.71735395696149,1.290674110381921],[103.71258057294848,1.2915892539553735],[103.7118089256739,1.2933465584784845],[103.71185310917146,1.2973558866417805],[103.71133587567675,1.2973631724667025]]]]},"properties":{"OBJECTID":50,"PLN_AREA_N":"WESTERN ISLANDS","PLN_AREA_C":"WI","CA_IND":"N","REGION_N":"WEST REGION","REGION_C":"WR","INC_CRC":"77D7FBFCAFF5827D","FMEL_UPD_D":"20251229123848","SHAPE.AREA":46181467.6518442,"SHAPE.LEN":111097.273705646}},
{"type":"Feature","geometry":{"type":"Polygon","coordinates":[[[103.88107888457785,1.2848392242055668],[103.87547599694769,1.2912794885009378],[103.87567106243135,1.2931890981404823],[103.87766797764536,1.2955219319314313],[103.87275214332527,1.2953627532723824],[103.86532187880417,1.2941733187938165],[103.86445205145432,1.294012736215131],[103.86501954378943,1.2898527391500643],[103.8647276250868,1.2888498800667443],[103.87251635899273,1.2812847978570483],[103.87375042475797,1.282194540519761],[103.87594432885791,1.2807862524518858],[103.87897761779085,1.2828582991592086],[103.88107888457785,1.2848392242055668]]]},"properties":{"OBJECTID":51,"PLN_AREA_N":"MARINA EAST","PLN_AREA_C":"ME","CA_IND":"Y","REGION_N":"CENTRAL REGION","REGION_C":"CR","INC_CRC":"9610EC87B0C051EE","FMEL_UPD_D":"20251229123848","SHAPE.AREA":1844044.79406149,"SHAPE.LEN":6470.92837306338}},
{"type":"Feature","geometry":{"type":"Polygon","coordinates":[[[103.87251635899273,1.2812847978570483],[103.8647276250868,1.2888498800667443],[103.86160804217609,1.288557418142296],[103.8613094960256,1.2834725652886323],[103.86068309663749,1.2817021721539679],[103.85842618395834,1.27804260794226],[103.86642853558318,1.272836635559225],[103.8712516531097,1.2763979608723275],[103.87205324920625,1.2777766257961016],[103.87144334887502,1.2804932481084017],[103.87251635899273,1.2812847978570483]]]},"properties":{"OBJECTID":52,"PLN_AREA_N":"MARINA SOUTH","PLN_AREA_C":"MS","CA_IND":"Y","REGION_N":"CENTRAL REGION","REGION_C":"CR","INC_CRC":"391105BEB984FF07","FMEL_UPD_D":"20251229123848","SHAPE.AREA":1630461.41446391,"SHAPE.LEN":5267.24126075405}},
{"type":"Feature","geometry":{"type":"Polygon","coordinates":[[[103.66772146838159,1.3279878577294442],[103.66544573153826,1.330137780982244],[103.6571375586825,1.3335686584366755],[103.65672573638668,1.3345431492388156],[103.65195931031472,1.3387641011709404],[103.65139087563838,1.3406668944799096],[103.65171081079342,1.3434667389391077],[103.64987640082587,1.3448835131048833],[103.64777912107995,1.3450438050662128],[103.63879347467562,1.3531040867684059],[103.63828291540683,1.3509858527971772],[103.63696684147273,1.3516781514757041],[103.6342931921136,1.3497125795900706],[103.63415099573345,1.3476747505296363],[103.63570441681314,1.3434797551456177],[103.6345326995804,1.342271319185407],[103.63454838001103,1.3404816653981297],[103.63351874991613,1.337378425136291],[103.63221546468688,1.336957193338364],[103.62135503606474,1.3196813053270482],[103.62075935893374,1.314757176322469],[103.62265105462338,1.3140520447256778],[103.62459689686887,1.3190281350848867],[103.62653721471789,1.318301774265731],[103.61869784919854,1.2970679913238663],[103.6178173084745,1.296727146541672],[103.6173932787367,1.294307702824752],[103.61821662317277,1.2933468598412154],[103.62023634309463,1.2877679301775764],[103.62028215773641,1.2858056847561647],[103.61946255782603,1.2830345616309415],[103.61660254511898,1.2799162652056686],[103.61303650364671,1.2784984195278442],[103.61115388774809,1.2765413808470552],[103.60675531118588,1.2646677005418412],[103.60987301751618,1.2646679725380379],[103.6098697701904,1.2611336592228888],[103.60571132346347,1.2611332966013629],[103.60570883484814,1.2602297288879305],[103.6097473442206,1.2602300808960754],[103.60974773298891,1.2556626344379664],[103.61199379017226,1.255662826784504],[103.61199401813728,1.2529495428818633],[103.60884715655942,1.2529492734305532],[103.60884771320161,1.2463926351010506],[103.6124359056643,1.2463907971019799],[103.61243453437793,1.2436828747323978],[103.60570154061381,1.2436752287349866],[103.60571267211444,1.223044610478025],[103.60738740678376,1.2196457575690014],[103.60909973224882,1.218768035562195],[103.64190981650192,1.210297152269913],[103.6426298494381,1.2102604076052572],[103.64806401875815,1.2132770329245754],[103.65857532673121,1.217166317913894],[103.65691752851413,1.2216054934180578],[103.61734588393506,1.2216025856630572],[103.61734527547134,1.229199200042592],[103.64983923787348,1.2292016459037858],[103.64983862452237,1.2381548158281306],[103.61734455350714,1.2381523521466447],[103.61734399571422,1.245025478602504],[103.63778532919467,1.2450270840742033],[103.64435470035376,1.2479637760496494],[103.64435426987933,1.2539807322304761],[103.61734326448104,1.2539786296298743],[103.61734269957242,1.2608517552539251],[103.64335501855395,1.2608537962320454],[103.64333145632862,1.2697850463285911],[103.63973824685851,1.2698979225066485],[103.64043811113929,1.279079678246602],[103.64561536591529,1.2789662680626157],[103.64722388115884,1.2793721551639814],[103.64945886869485,1.2812045512133516],[103.65017368567224,1.2832763474471136],[103.6496898548306,1.2858768718552651],[103.64655261149439,1.2916624182566705],[103.64503452914882,1.3006173380282162],[103.64909858755554,1.3053124660471147],[103.65045249644028,1.3055641422054616],[103.65620569087079,1.3114687657778437],[103.65709033722234,1.3111311169259936],[103.6582036010797,1.3123173285057532],[103.65586952588485,1.31453432442991],[103.66289608570655,1.3220127499907501],[103.66611890141516,1.3266233102793188],[103.66772146838159,1.3279878577294442]]]},"properties":{"OBJECTID":53,"PLN_AREA_N":"TUAS","PLN_AREA_C":"TS","CA_IND":"N","REGION_N":"WEST REGION","REGION_C":"WR","INC_CRC":"A2D56CFE77F11C9B","FMEL_UPD_D":"20251229123848","SHAPE.AREA":47704686.4864233,"SHAPE.LEN":68912.1665232309}},
{"type":"Feature","geometry":{"type":"Polygon","coordinates":[[[104.01535021003903,1.3157202184636096],[104.02277675209277,1.315915454178991],[104.02266464223756,1.320209208889302],[104.02895238154598,1.3203756547697667],[104.02906343909822,1.3160813497955202],[104.03269498063598,1.3161765245090136],[104.03256450777174,1.32407255088433],[104.04178696127632,1.324037277479611],[104.05762516522242,1.3237925120794187],[104.0591524290728,1.3245947810208019],[104.05912406980043,1.3270716733576144],[104.04934725936948,1.3373963640759243],[104.04877531005603,1.3387731859142413],[104.04726023024912,1.3474561668951053],[104.04647734279207,1.3495631055777213],[104.04449368698792,1.3525881934456747],[104.03363412361226,1.3607915458785462],[104.0312362681363,1.3575248442182608],[104.03109677359714,1.354710089947129],[104.01784698170017,1.3232678373810378],[104.01506301185022,1.316459435452087],[104.01535021003903,1.3157202184636096]]]},"properties":{"OBJECTID":54,"PLN_AREA_N":"CHANGI BAY","PLN_AREA_C":"CB","CA_IND":"N","REGION_N":"EAST REGION","REGION_C":"ER","INC_CRC":"EDC16F5C37B42117","FMEL_UPD_D":"20251229123848","SHAPE.AREA":11634044.8362713,"SHAPE.LEN":19933.534785191}},
{"type":"Feature","geometry":{"type":"MultiPolygon","coordinates":[[[[103.94702124209456,1.4075886894403244],[103.94405661148544,1.408200697374169],[103.94755791694863,1.4040169568755512],[103.9535735052374,1.398542332852388],[103.95451713228911,1.3994591814100918],[103.95356765560977,1.4029521381547763],[103.95056937892541,1.4036793803231156],[103.94914606164176,1.404581896606454],[103.94702124209456,1.4075886894403244]]],[[[103.93436789094622,1.4279233962436113],[103.93048284446898,1.4260722080295245],[103.92917922227176,1.424329176484379],[103.9270414297924,1.423826266581398],[103.92806843655718,1.41947502004246],[103.9306570042671,1.417175642312837],[103.93261707836312,1.417487617949841],[103.93414172862083,1.4158160907749733],[103.93725274381708,1.4150414927423687],[103.9411070682636,1.4127228110911025],[103.94647968920826,1.4110630675528377],[103.94859558722719,1.4096587780275334],[103.95049491717936,1.4055575000218579],[103.95335646871962,1.4057760529564973],[103.95493385868816,1.4048976029434526],[103.95561226025714,1.4027943017608597],[103.9584415083762,1.399463883867033],[103.96227842014747,1.399738537444148],[103.96621965002562,1.4011285622076517],[103.9681503932901,1.4011151317707526],[103.97038062017397,1.4025665722133933],[103.97287690563023,1.4034675122350382],[103.97484526187063,1.4025079871182093],[103.97819515305245,1.4041704705260887],[103.9964427854084,1.4040563887227147],[104.00079624519789,1.4028843990539286],[104.00314492260111,1.403839637168972],[104.00262854963984,1.406387116018548],[104.00069812688002,1.412327283189113],[103.99885213105217,1.4161227227522952],[103.99698087809033,1.4180055698188951],[103.9944903168501,1.4192143002027287],[103.99197199475931,1.4194900222503162],[103.98575238688466,1.419106290646178],[103.98466679013653,1.4182230777588194],[103.98217394044907,1.4176074421244245],[103.97865405601154,1.417633776001079],[103.97548754442397,1.4184580185991043],[103.97401100345277,1.4182702826205928],[103.97048884107296,1.4196176138541998],[103.96402750698495,1.418640456992451],[103.96140325702474,1.4176635413708196],[103.95649593825331,1.4179262921390479],[103.95464733864422,1.4192983154586847],[103.95235763150438,1.4189606921592874],[103.94950136998797,1.4205086629242336],[103.9480896763755,1.4226266684623583],[103.94575635332824,1.4238663208607738],[103.9429414550649,1.4243371596986063],[103.93830703316915,1.4265081547829659],[103.93436789094622,1.4279233962436113]]],[[[104.05430908977033,1.4320059173994297],[104.05358542024806,1.433762224513478],[104.04814535949349,1.4345378494530214],[104.04600801692837,1.435782177184662],[104.04348295547412,1.439802532880301],[104.03934081927856,1.4406789457530742],[104.03606713284701,1.4403627792109936],[104.02449301595684,1.4371270587869747],[104.02110692503028,1.435264613515837],[104.01132364235565,1.4265294866956522],[104.00936541469203,1.4234587533201044],[104.0089473467558,1.4210498200895176],[104.00928289652374,1.4186841117349975],[104.01223725248568,1.4108068156887716],[104.01479959383636,1.408876212905289],[104.02187678832603,1.40859035741517],[104.0242154978671,1.4092576614105516],[104.02642458777828,1.4115871960202995],[104.02864775329363,1.41211274907229],[104.03018212939422,1.41140176765547],[104.02827193149339,1.4077144023579253],[104.02929499929942,1.406197163942175],[104.0292362114751,1.4038119526750927],[104.02749596377258,1.4024974486092154],[104.02433410761122,1.4017570259219427],[104.01675914574838,1.4020152854812318],[104.01550097914597,1.40060404368271],[104.01841991428621,1.3931763139474833],[104.01993529669068,1.3907708945761899],[104.02296045218735,1.3873275658138455],[104.03250209743744,1.3788088223040929],[104.03784067537164,1.3743226856750925],[104.0805101984769,1.3380397384213965],[104.08159416781606,1.3375360928103999],[104.0840036977234,1.3388287224648294],[104.08393728352868,1.3408394830542736],[104.08022176958325,1.346250823200599],[104.07583303545849,1.354133284025735],[104.07477071361126,1.3573549783424599],[104.07453941068924,1.3620104107814597],[104.07561828912887,1.369410304909394],[104.07660308001593,1.3730959167866028],[104.0793005859801,1.3805562492625878],[104.08177151974486,1.3856846458342202],[104.0850723315401,1.3909070016933411],[104.08705995945532,1.3946990201438065],[104.08843518192295,1.3998245108817569],[104.08828969898397,1.403692028259408],[104.08712528374278,1.4057942025292038],[104.08381452162013,1.4070791447311215],[104.08509151066421,1.410140511062326],[104.08155899127965,1.4174396469213995],[104.08050699925718,1.4189877815476362],[104.0778410623836,1.4206057960578926],[104.07269793138808,1.4253080121216268],[104.06983338337866,1.427087178371018],[104.05740422919746,1.4318087483318218],[104.05430908977033,1.4320059173994297]]]]},"properties":{"OBJECTID":55,"PLN_AREA_N":"NORTH-EASTERN ISLANDS","PLN_AREA_C":"NE","CA_IND":"N","REGION_N":"NORTH-EAST REGION","REGION_C":"NER","INC_CRC":"0CA5BD6D39B399B4","FMEL_UPD_D":"20251229123848","SHAPE.AREA":67259442.054628,"SHAPE.LEN":62565.8965110714}},
{"type":"Feature","geometry":{"type":"Polygon","coordinates":[[[103.86532187880417,1.2941733187938165],[103.8655685237826,1.2983945590060055],[103.86797900227546,1.3008010837314927],[103.86906545079358,1.302881462510252],[103.86696042788539,1.3033254216528873],[103.86615315253042,1.3043639757657701],[103.86227727491203,1.3015822422312897],[103.85942339783622,1.2997815143251927],[103.85618772616729,1.3024807906029197],[103.85585377150561,1.3006322938425496],[103.85230621877444,1.2963840163540807],[103.85079257054674,1.294785136586051],[103.84826690814357,1.2900824900933416],[103.84937744130808,1.2890271229814496],[103.85081600412013,1.2862997416977593],[103.8495385261384,1.2855748845591675],[103.84718331210473,1.2854349941655807],[103.84965645450029,1.283795769289151],[103.84852300612417,1.2822096125421505],[103.8486960829404,1.2821066875426057],[103.84758249171287,1.2795277464488795],[103.84523255436,1.2808045173877327],[103.84451818814989,1.2755108611384767],[103.84137181578338,1.2741546121881286],[103.84215451704766,1.2725889901377792],[103.84513928020597,1.2726204111415726],[103.84739463510384,1.2718754264016263],[103.85156441827912,1.2692631455633119],[103.85249057305117,1.2687204483980756],[103.85842618395834,1.27804260794226],[103.86068309663749,1.2817021721539679],[103.8613094960256,1.2834725652886323],[103.86160804217609,1.288557418142296],[103.8647276250868,1.2888498800667443],[103.86501954378943,1.2898527391500643],[103.86445205145432,1.294012736215131],[103.86532187880417,1.2941733187938165]]]},"properties":{"OBJECTID":34,"PLN_AREA_N":"DOWNTOWN CORE","PLN_AREA_C":"DT","CA_IND":"Y","REGION_N":"CENTRAL REGION","REGION_C":"CR","INC_CRC":"0C15CA7A0E5490C4","FMEL_UPD_D":"20251229123848","SHAPE.AREA":5087012.85718201,"SHAPE.LEN":13824.6215054182}},
{"type":"Feature","geometry":{"type":"Polygon","coordinates":[[[103.84311788309505,1.3005267894698032],[103.84124240441264,1.3027953101307288],[103.83940404990521,1.3018834460630588],[103.83771785605303,1.302340503786685],[103.83681348554197,1.3047418631864947],[103.8352844902043,1.3041812030037279],[103.83368112139742,1.3060181241311382],[103.8358743311013,1.3068020723556424],[103.8341585413955,1.3097927326548848],[103.83323883754916,1.3079857541626358],[103.83129565395024,1.3071232190712598],[103.82816307683774,1.3082397604427898],[103.82775731949344,1.3074503070280625],[103.82329148248654,1.3043797703504978],[103.82341292501827,1.3026776939486469],[103.82522274582664,1.3029253372444218],[103.82845985347033,1.3046498236565112],[103.83158522695483,1.3033836872682047],[103.83427619668838,1.3008203624778596],[103.83736668127509,1.2996992120399664],[103.8388333936329,1.2982396793117517],[103.83965693811544,1.2992431976420729],[103.8413576491467,1.2990726639470576],[103.84305877947187,1.3002877344337538],[103.84311788309505,1.3005267894698032]]]},"properties":{"OBJECTID":35,"PLN_AREA_N":"ORCHARD","PLN_AREA_C":"OR","CA_IND":"Y","REGION_N":"CENTRAL REGION","REGION_C":"CR","INC_CRC":"A79416C3C3AAA8FC","FMEL_UPD_D":"20251229123848","SHAPE.AREA":957526.223801265,"SHAPE.LEN":7276.22809251077}},
{"type":"Feature","geometry":{"type":"Polygon","coordinates":[[[103.84718331210473,1.2854349941655807],[103.84313311573636,1.2877817784193488],[103.84008679689522,1.2891911469830724],[103.83865960090358,1.2888220944575846],[103.83637083205487,1.286860104840239],[103.83500221153857,1.2872693664960013],[103.83475827317228,1.2858548467938822],[103.83548521013137,1.283821776987539],[103.83924168432058,1.280792011973675],[103.8405967769319,1.2775471741811757],[103.84137181578338,1.2741546121881286],[103.84451818814989,1.2755108611384767],[103.84523255436,1.2808045173877327],[103.84758249171287,1.2795277464488795],[103.8486960829404,1.2821066875426057],[103.84852300612417,1.2822096125421505],[103.84965645450029,1.283795769289151],[103.84718331210473,1.2854349941655807]]]},"properties":{"OBJECTID":36,"PLN_AREA_N":"OUTRAM","PLN_AREA_C":"OT","CA_IND":"Y","REGION_N":"CENTRAL REGION","REGION_C":"CR","INC_CRC":"B1155D9DECF09429","FMEL_UPD_D":"20251229123848","SHAPE.AREA":1369810.39547548,"SHAPE.LEN":6164.31306029732}},
{"type":"Feature","geometry":{"type":"Polygon","coordinates":[[[103.8413576491467,1.2990726639470576],[103.83965693811544,1.2992431976420729],[103.8388333936329,1.2982396793117517],[103.83736668127509,1.2996992120399664],[103.83427619668838,1.3008203624778596],[103.83158522695483,1.3033836872682047],[103.82845985347033,1.3046498236565112],[103.82522274582664,1.3029253372444218],[103.82341292501827,1.3026776939486469],[103.82358674584546,1.3006210759770467],[103.82650203651734,1.2991981281964753],[103.82994968524442,1.2991962387568357],[103.83033814742028,1.2956099308157354],[103.83204384946936,1.2962274054433895],[103.83410516235163,1.2924734269831648],[103.83700117407585,1.2923441825588418],[103.83710287999938,1.2922892874622423],[103.83876937123256,1.2909668660564046],[103.84086072476074,1.2922308389964579],[103.84214056639019,1.2941302551480367],[103.84330482830453,1.2966767459026487],[103.8413576491467,1.2990726639470576]]]},"properties":{"OBJECTID":37,"PLN_AREA_N":"RIVER VALLEY","PLN_AREA_C":"RV","CA_IND":"Y","REGION_N":"CENTRAL REGION","REGION_C":"CR","INC_CRC":"2D5D9EA42BD41227","FMEL_UPD_D":"20251229123848","SHAPE.AREA":1475579.88886965,"SHAPE.LEN":6529.19684077786}},
{"type":"Feature","geometry":{"type":"Polygon","coordinates":[[[103.86227727491203,1.3015822422312897],[103.85871170393686,1.3068175675374833],[103.85447264991123,1.3106178803555382],[103.85541356751385,1.311804787489243],[103.85436533166047,1.3136203230802195],[103.85248471706163,1.3105231533939443],[103.85065043339323,1.309108789291319],[103.84876387042581,1.3066234754195214],[103.84704046487491,1.3081412491395912],[103.84656035978966,1.3069065008696463],[103.84866958207365,1.3054067545493928],[103.84815599447985,1.303452803469062],[103.84604055997234,1.3047576732636348],[103.84556301506102,1.3016528557729394],[103.84542500606888,1.3013637662953608],[103.84640509784991,1.3000852156766851],[103.84915174550983,1.2991413604748172],[103.85230621877444,1.2963840163540807],[103.85585377150561,1.3006322938425496],[103.85618772616729,1.3024807906029197],[103.85942339783622,1.2997815143251927],[103.86227727491203,1.3015822422312897]]]},"properties":{"OBJECTID":38,"PLN_AREA_N":"ROCHOR","PLN_AREA_C":"RC","CA_IND":"Y","REGION_N":"CENTRAL REGION","REGION_C":"CR","INC_CRC":"C9AB76A5AF58E3FB","FMEL_UPD_D":"20251229123848","SHAPE.AREA":1588462.35957056,"SHAPE.LEN":7828.42463568597}}
]}